year,soc,desc,jobs,median,mean,p10,p20,p25,p30,p40,p60,p70,p75,p80,p90,basis
2014,1115,Chief executives and senior officials,74.0,35.8,35.3,32.0,35.0,35.0,,35.0,37.0,37.5,37.5,37.5,40.0,SOC10
2014,1116,Elected officers and representatives,4.0,35.0,27.9,,,,,,35.0,,,,,SOC10
2014,1121,Production managers and directors in manufacturing,462.0,37.5,36.5,23.0,35.0,36.0,36.9,37.4,38.6,40.0,40.0,40.0,43.8,SOC10
2014,1122,Production managers and directors in construction,90.0,40.0,39.0,34.7,36.8,37.0,37.4,38.0,40.0,40.5,42.3,42.5,47.1,SOC10
2014,1123,Production managers and directors in mining and energy,6.0,37.5,36.7,,35.0,35.9,36.6,37.0,37.5,39.9,,,,SOC10
2014,1131,Financial managers and directors,263.0,36.0,34.8,28.0,35.0,35.0,,35.0,37.0,37.5,,37.5,40.0,SOC10
2014,1132,Marketing and sales directors,141.0,37.5,35.5,28.1,35.0,35.0,35.6,37.0,,37.5,39.0,40.0,40.0,SOC10
2014,1133,Purchasing managers and directors,49.0,37.5,37.3,35.0,36.0,36.8,37.0,37.0,37.5,37.5,38.9,40.0,,SOC10
2014,1134,Advertising and public relations directors,8.0,35.4,34.1,,35.0,35.0,35.0,,37.4,37.5,,,,SOC10
2014,1135,Human resource managers and directors,99.0,37.0,35.5,29.5,35.0,35.0,35.0,36.2,37.4,37.5,37.5,38.0,40.0,SOC10
2014,1136,Information technology and telecommunications directors,27.0,37.5,35.1,,35.0,,35.0,37.0,37.5,37.5,37.9,38.7,,SOC10
2014,1139,Functional managers and directors n.e.c.,67.0,36.8,32.4,13.8,24.0,31.4,35.0,35.0,37.0,37.5,37.5,37.5,,SOC10
2014,1150,Financial institution managers and directors,87.0,35.0,35.0,34.9,35.0,,,35.0,,,35.0,37.0,38.9,SOC10
2014,1161,Managers and directors in transport and distribution,64.0,39.9,40.0,35.0,37.0,37.3,37.5,37.5,40.0,40.0,42.4,44.0,45.8,SOC10
2014,1162,Managers and directors in storage and warehousing,108.0,39.9,39.9,36.0,37.4,37.5,37.5,39.0,40.0,40.0,41.4,43.0,47.7,SOC10
2014,1171,Officers in armed forces,,,,,,,,,,,,,,SOC10
2014,1172,Senior police officers,14.0,40.0,40.3,39.9,,,,,,,,,,SOC10
2014,1173,"Senior officers in fire, ambulance, prison and related services",8.0,41.4,39.2,,36.6,37.2,37.5,40.3,,,,,,SOC10
2014,1181,Health services and public health managers and directors,44.0,37.5,34.9,25.4,34.5,36.0,37.0,37.5,37.5,37.5,,37.5,,SOC10
2014,1184,Social services managers and directors,15.0,37.0,36.0,34.5,35.0,35.0,36.0,36.8,,37.0,37.0,37.5,,SOC10
2014,1190,Managers and directors in retail and wholesale,293.0,39.0,38.2,32.0,36.0,36.1,37.4,37.6,39.9,40.0,40.0,41.9,45.0,SOC10
2014,1211,Managers and proprietors in agriculture and horticulture,13.0,39.4,41.1,,36.9,37.5,37.5,39.0,40.0,43.2,44.2,,,SOC10
2014,1213,"Managers and proprietors in forestry, fishing and related services",,39.8,40.6,,,,37.2,37.8,40.0,,,,,SOC10
2014,1221,Hotel and accommodation managers and proprietors,17.0,40.0,38.4,,36.5,37.5,37.9,39.1,40.0,40.3,42.2,44.3,,SOC10
2014,1223,Restaurant and catering establishment managers and proprietors,38.0,40.0,40.4,27.9,35.0,35.2,37.3,40.0,43.6,45.0,48.0,48.0,,SOC10
2014,1224,Publicans and managers of licensed premises,12.0,43.6,42.3,,39.1,39.9,40.0,40.0,45.0,47.9,,,,SOC10
2014,1225,Leisure and sports managers,40.0,38.0,36.8,29.0,35.7,37.0,37.0,37.5,39.9,40.0,40.0,40.0,,SOC10
2014,1226,Travel agency managers and proprietors,4.0,37.4,37.6,,,37.1,,,37.5,,,,,SOC10
2014,1241,Health care practice managers,13.0,36.9,33.2,20.3,25.5,29.6,30.0,33.2,37.0,37.5,37.5,,,SOC10
2014,1242,"Residential, day and domiciliary  care managers and proprietors",44.0,37.4,36.8,28.4,35.0,35.7,36.2,37.0,37.5,39.9,40.0,40.0,,SOC10
2014,1251,"Property, housing and estate managers",88.0,37.0,36.2,30.0,35.0,,35.0,37.0,37.5,38.4,39.9,40.0,42.5,SOC10
2014,1252,Garage managers and proprietors,8.0,40.0,40.3,,37.5,38.7,39.2,39.9,40.5,44.6,45.0,,,SOC10
2014,1253,Hairdressing and beauty salon managers and proprietors,5.0,39.6,36.9,,,34.0,35.8,37.4,40.0,,,,,SOC10
2014,1254,Shopkeepers and proprietors – wholesale and retail,7.0,38.9,35.6,,,28.0,33.9,37.4,39.9,40.0,41.3,,,SOC10
2014,1255,Waste disposal and environmental services managers,8.0,39.8,41.4,,37.0,,37.0,37.8,40.0,,,,,SOC10
2014,1259,Managers and proprietors in other services n.e.c.,72.0,37.5,37.5,30.0,35.0,35.9,36.8,37.4,37.5,39.7,40.0,40.0,44.8,SOC10
2014,2111,Chemical scientists,14.0,37.4,36.7,33.2,35.0,36.1,36.5,37.0,37.5,37.5,38.2,,,SOC10
2014,2112,Biological scientists and biochemists,59.0,37.5,35.5,24.0,35.0,36.4,37.0,37.5,37.5,37.5,,37.5,,SOC10
2014,2113,Physical scientists,16.0,37.5,36.8,35.1,36.3,36.9,37.0,37.0,37.5,,,37.9,,SOC10
2014,2114,Social and humanities scientists,,37.1,36.6,,,,36.8,37.0,37.5,,,,,SOC10
2014,2119,Natural and social science professionals n.e.c.,49.0,36.8,35.3,28.2,35.0,,35.0,36.1,37.0,37.4,37.5,37.5,,SOC10
2014,2121,Civil engineers,46.0,37.6,39.7,35.7,37.0,37.0,37.4,37.5,39.9,40.1,42.0,43.1,,SOC10
2014,2122,Mechanical engineers,37.0,37.5,37.7,35.0,36.9,36.9,37.0,37.4,37.5,39.0,40.0,40.0,,SOC10
2014,2123,Electrical engineers,23.0,37.5,38.8,35.2,36.9,37.0,37.0,37.5,37.5,40.0,40.0,40.8,,SOC10
2014,2124,Electronics engineers,7.0,37.6,37.8,,35.0,36.5,37.0,37.5,38.9,40.0,,,,SOC10
2014,2126,Design and development engineers,78.0,37.5,37.6,35.0,36.9,37.0,37.0,37.4,37.5,38.5,39.0,40.0,40.3,SOC10
2014,2127,Production and process engineers,41.0,37.5,38.9,36.0,37.0,37.0,37.0,37.5,38.0,39.0,39.9,40.0,,SOC10
2014,2129,Engineering professionals n.e.c.,139.0,37.5,38.1,35.3,36.9,37.0,37.0,37.0,37.5,38.9,39.6,40.0,42.1,SOC10
2014,2133,IT specialist managers,152.0,37.4,37.3,35.0,35.0,35.9,36.6,37.0,37.5,37.5,38.0,39.9,40.6,SOC10
2014,2134,IT project and programme managers,18.0,37.0,36.3,32.5,35.0,35.0,35.0,36.9,37.5,37.5,,37.7,,SOC10
2014,2135,"IT business analysts, architects and systems designers",109.0,37.5,37.3,35.0,35.0,36.1,36.9,37.0,37.5,37.6,38.9,39.9,40.1,SOC10
2014,2136,Programmers and software development professionals,180.0,37.5,37.1,35.0,36.0,37.0,37.0,37.4,,37.5,38.0,39.9,40.0,SOC10
2014,2137,Web design and development professionals,44.0,37.5,36.3,34.4,35.0,36.0,36.8,37.4,,37.5,39.0,39.9,,SOC10
2014,2139,Information technology and telecommunications professionals n.e.c.,88.0,37.5,36.9,35.0,36.0,36.9,37.0,37.4,37.5,38.9,,40.0,40.6,SOC10
2014,2141,Conservation professionals,12.0,37.0,34.3,,26.3,30.0,35.0,37.0,37.0,37.5,37.5,,,SOC10
2014,2142,Environment professionals,34.0,37.0,36.3,30.1,35.0,36.2,36.9,37.0,37.1,37.5,37.5,38.0,,SOC10
2014,2150,Research and development managers,41.0,37.5,36.6,34.6,35.0,35.0,36.2,37.0,37.5,38.0,39.0,39.9,,SOC10
2014,2211,Medical practitioners,240.0,40.0,36.1,18.5,32.0,35.2,37.4,39.8,40.0,40.0,40.0,40.0,43.8,SOC10
2014,2212,Psychologists,26.0,37.0,32.6,18.7,23.3,29.2,31.7,35.6,37.5,37.5,37.5,37.5,,SOC10
2014,2213,Pharmacists,39.0,37.5,34.9,20.3,28.3,32.0,35.0,37.5,37.6,39.8,40.0,40.1,,SOC10
2014,2214,Ophthalmic opticians,8.0,36.4,28.9,,,,,31.1,37.5,37.5,,,,SOC10
2014,2215,Dental practitioners,10.0,35.0,28.6,,,,,27.8,36.0,37.5,37.5,,,SOC10
2014,2216,Veterinarians,13.0,38.5,35.0,,24.7,27.8,31.8,37.0,40.0,40.0,40.5,,,SOC10
2014,2217,Medical radiographers,35.0,37.5,33.8,18.4,24.3,30.0,30.5,37.4,37.5,37.5,37.9,38.8,,SOC10
2014,2218,Podiatrists,6.0,37.3,31.7,,,28.3,30.0,30.4,37.5,37.5,,,,SOC10
2014,2219,Health professionals n.e.c.,26.0,37.4,32.4,18.7,23.6,28.0,30.0,35.1,37.5,37.5,37.5,37.5,,SOC10
2014,2221,Physiotherapists,51.0,37.5,31.8,16.2,22.5,24.0,28.2,36.8,37.5,37.5,37.5,37.5,,SOC10
2014,2222,Occupational therapists,31.0,37.0,31.1,18.8,22.5,22.6,25.7,33.0,37.5,37.5,37.5,37.5,,SOC10
2014,2223,Speech and language therapists,12.0,29.5,28.3,16.0,20.0,22.5,22.5,25.2,32.6,,37.5,,,SOC10
2014,2229,Therapy professionals n.e.c.,11.0,30.0,28.0,,18.8,20.6,22.5,25.7,33.6,37.4,37.5,,,SOC10
2014,2231,Nurses,838.0,37.5,31.8,15.0,22.5,24.5,28.7,33.0,37.5,37.5,37.5,37.5,39.8,SOC10
2014,2232,Midwives,48.0,32.8,31.2,20.6,23.0,24.0,26.0,30.0,37.3,,37.5,37.5,,SOC10
2014,2311,Higher education teaching professionals,168.0,35.0,29.3,7.3,18.0,22.2,29.6,35.0,36.0,36.9,37.0,37.0,37.0,SOC10
2014,2312,Further education teaching professionals,135.0,35.0,28.1,7.4,17.5,19.5,22.5,30.7,35.1,36.9,37.0,37.0,37.0,SOC10
2014,2314,Secondary education teaching professionals,437.0,32.4,28.5,16.2,24.0,24.8,26.0,29.9,32.5,32.5,32.5,33.4,36.0,SOC10
2014,2315,Primary and nursery education teaching professionals,384.0,32.2,27.3,13.4,20.0,24.0,25.0,27.5,32.4,32.5,32.5,32.5,35.0,SOC10
2014,2316,Special needs education teaching professionals,38.0,31.4,26.0,,14.7,18.0,21.9,27.5,32.4,32.5,32.5,34.8,,SOC10
2014,2317,Senior professionals of educational establishments,96.0,32.5,32.4,24.3,28.5,32.0,32.4,32.5,35.0,35.0,36.1,37.0,37.1,SOC10
2014,2318,Education advisers and school inspectors,17.0,36.0,32.8,19.1,28.2,29.8,34.9,35.0,36.4,37.0,37.0,,,SOC10
2014,2319,Teaching and other educational professionals n.e.c.,101.0,22.5,21.9,2.3,5.4,6.8,8.4,15.0,30.1,35.0,36.8,37.0,40.0,SOC10
2014,2412,Barristers and judges,10.0,36.3,33.1,,25.8,30.1,33.4,35.0,37.0,37.0,,,,SOC10
2014,2413,Solicitors,81.0,35.0,34.3,28.0,34.9,,35.0,,35.0,36.2,37.0,37.4,,SOC10
2014,2419,Legal professionals n.e.c.,38.0,35.0,34.3,25.5,34.9,35.0,35.0,,36.1,37.0,37.0,37.5,,SOC10
2014,2421,Chartered and certified accountants,88.0,37.0,34.6,24.8,34.9,35.0,35.0,35.1,37.5,37.5,,37.5,39.9,SOC10
2014,2423,Management consultants and business analysts,144.0,36.9,35.0,29.0,35.0,35.0,,35.0,37.3,37.5,37.5,37.5,40.0,SOC10
2014,2424,Business and financial project management professionals,216.0,37.0,36.3,33.7,35.0,,35.0,37.0,37.5,,37.5,38.8,40.0,SOC10
2014,2425,"Actuaries, economists and statisticians",19.0,36.1,36.3,35.0,,35.0,35.0,35.0,37.0,37.0,37.5,,,SOC10
2014,2426,Business and related research professionals,92.0,36.4,34.5,27.6,,35.0,,35.0,37.0,37.4,37.5,37.5,37.5,SOC10
2014,2429,"Business, research and administrative professionals n.e.c.",65.0,37.0,34.7,25.0,35.0,35.9,36.0,36.0,37.0,37.0,,37.0,,SOC10
2014,2431,Architects,35.0,37.5,35.7,,35.0,35.0,36.1,37.0,,37.5,38.5,40.0,,SOC10
2014,2432,Town planning officers,8.0,37.0,34.3,,34.5,35.0,35.0,36.1,37.0,,,,,SOC10
2014,2433,Quantity surveyors,29.0,37.5,38.3,35.0,37.0,37.4,37.5,37.5,39.1,40.0,40.0,40.1,,SOC10
2014,2434,Chartered surveyors,59.0,37.5,37.0,34.6,35.0,36.0,36.8,37.0,37.5,38.9,40.0,40.0,,SOC10
2014,2435,Chartered architectural technologists,,37.0,37.2,,,,,,37.3,,,,,SOC10
2014,2436,Construction project managers and related professionals,18.0,40.0,39.5,35.0,37.0,37.0,37.4,38.5,40.0,40.0,40.2,42.5,,SOC10
2014,2442,Social workers,107.0,36.5,33.2,20.7,29.5,33.1,35.0,35.9,37.0,37.0,,37.0,37.5,SOC10
2014,2443,Probation officers,10.0,37.0,35.2,,36.9,37.0,37.0,37.0,37.0,,,,,SOC10
2014,2444,Clergy,38.0,35.6,31.1,11.5,19.2,22.2,25.2,35.0,37.0,40.0,,40.0,,SOC10
2014,2449,Welfare professionals n.e.c.,14.0,35.0,31.1,,,27.5,30.1,35.0,37.0,37.0,,,,SOC10
2014,2451,Librarians,17.0,35.0,32.3,18.5,27.6,31.4,33.6,35.0,36.5,,37.0,37.0,,SOC10
2014,2452,Archivists and curators,8.0,35.0,31.2,,,,,34.5,36.3,,,,,SOC10
2014,2461,Quality control and planning engineers,36.0,37.5,37.7,35.0,36.6,36.9,37.0,37.4,37.5,39.1,39.9,40.0,,SOC10
2014,2462,Quality assurance and regulatory professionals,70.0,37.3,36.9,34.9,,35.0,36.0,37.0,37.5,37.5,39.0,40.0,40.0,SOC10
2014,2463,Environmental health professionals,10.0,37.0,34.8,,30.1,34.5,36.0,37.0,37.0,,37.0,,,SOC10
2014,2471,"Journalists, newspaper and periodical editors",52.0,35.0,34.9,28.3,34.9,,35.0,,36.9,37.5,,37.5,,SOC10
2014,2472,Public relations professionals,34.0,37.0,34.3,21.7,34.5,35.0,35.0,36.0,37.4,,,37.6,,SOC10
2014,2473,Advertising accounts managers and creative directors,21.0,37.4,36.3,34.0,35.0,,35.0,36.2,37.5,,,37.5,,SOC10
2014,3111,Laboratory technicians,65.0,37.4,34.4,21.2,29.4,34.0,35.0,36.9,37.5,37.5,38.0,39.0,41.4,SOC10
2014,3112,Electrical and electronics technicians,13.0,38.7,39.8,35.5,37.0,37.0,37.2,37.5,40.0,40.0,41.1,42.6,,SOC10
2014,3113,Engineering technicians,84.0,38.0,39.5,36.0,37.0,37.0,37.0,37.5,39.8,40.9,41.9,42.6,47.1,SOC10
2014,3114,Building and civil engineering technicians,5.0,37.5,38.5,,,37.5,37.5,,40.0,40.0,,,,SOC10
2014,3115,Quality assurance technicians,29.0,38.0,38.6,34.9,36.5,37.0,37.0,37.5,39.1,40.0,40.0,40.6,,SOC10
2014,3116,"Planning, process and production technicians",37.0,38.5,38.8,35.0,36.9,37.0,37.4,37.5,39.7,40.0,40.4,41.5,,SOC10
2014,3119,"Science, engineering and production technicians n.e.c.",128.0,37.6,38.4,32.6,36.0,36.9,37.0,37.4,39.7,40.0,41.6,42.4,46.0,SOC10
2014,3121,Architectural and town planning technicians,15.0,37.5,37.0,34.0,36.4,36.9,37.0,37.5,,37.5,37.8,39.6,,SOC10
2014,3122,Draughtspersons,32.0,37.5,38.2,35.0,36.2,37.0,37.0,37.5,38.9,40.0,40.0,40.0,,SOC10
2014,3131,IT operations technicians,105.0,37.0,36.0,30.1,35.0,35.0,36.0,37.0,37.5,,37.5,38.5,40.0,SOC10
2014,3132,IT user support technicians,130.0,37.4,37.1,34.9,35.0,36.2,36.9,37.0,37.5,37.6,38.8,40.0,41.2,SOC10
2014,3213,Paramedics,18.0,38.4,40.3,37.4,37.5,37.5,37.5,37.7,39.6,41.6,42.8,45.0,,SOC10
2014,3216,Dispensing opticians,,37.5,35.0,,,,34.6,37.4,,37.6,,,,SOC10
2014,3217,Pharmaceutical technicians,18.0,37.3,33.6,21.7,29.9,30.1,32.0,36.0,37.5,37.5,37.5,38.2,,SOC10
2014,3218,Medical and dental technicians,27.0,37.5,33.8,20.4,27.8,30.0,35.0,37.3,37.5,37.5,,37.5,,SOC10
2014,3219,Health associate professionals n.e.c.,11.0,37.4,30.8,,,25.0,27.7,34.0,37.5,,37.5,,,SOC10
2014,3231,Youth and community workers,79.0,36.0,29.8,10.5,18.8,22.5,26.2,34.6,37.0,37.0,,37.0,37.5,SOC10
2014,3233,Child and early years officers,28.0,36.0,32.3,,27.1,30.0,31.0,35.0,36.9,37.0,,37.0,,SOC10
2014,3234,Housing officers,44.0,36.6,33.9,22.2,30.9,35.0,35.0,35.6,37.0,,37.0,37.0,,SOC10
2014,3235,Counsellors,13.0,22.5,23.5,,,14.0,15.0,18.5,30.1,35.0,35.0,,,SOC10
2014,3239,Welfare and housing associate professionals n.e.c.,97.0,35.0,29.4,11.0,18.6,21.0,24.0,31.2,37.0,,37.0,37.4,37.5,SOC10
2014,3311,NCOs and other ranks,,,,,,,,,,,,,,SOC10
2014,3312,Police officers (sergeant and below),250.0,40.0,41.2,39.9,,,,40.0,40.3,41.4,42.1,43.0,46.5,SOC10
2014,3313,Fire service officers (watch manager and below),61.0,42.0,37.2,,40.0,41.9,42.0,,42.0,42.2,42.5,42.8,,SOC10
2014,3314,Prison service officers (below principal officer),49.0,39.0,37.7,33.3,,37.0,,,,39.0,39.7,40.0,,SOC10
2014,3315,Police community support officers,18.0,37.0,36.9,31.7,36.8,37.0,37.0,37.0,37.0,37.0,38.7,,,SOC10
2014,3319,Protective service associate professionals n.e.c.,24.0,37.5,39.3,34.6,36.1,37.0,37.0,37.0,40.0,41.0,,42.0,,SOC10
2014,3411,Artists,7.0,37.5,33.0,,,,,35.8,37.5,40.0,,,,SOC10
2014,3412,"Authors, writers and translators",14.0,35.0,30.6,,,27.3,34.9,,36.9,37.4,37.5,,,SOC10
2014,3413,"Actors, entertainers and presenters",,37.5,31.2,,,,,,39.8,,,,,SOC10
2014,3414,Dancers and choreographers,,,,,,,,,,,,,,SOC10
2014,3415,Musicians,6.0,,23.2,,,,,,,,,,,SOC10
2014,3416,"Arts officers, producers and directors",20.0,37.3,35.5,23.3,,,35.0,35.5,37.5,37.9,39.6,40.0,,SOC10
2014,3417,"Photographers, audio-visual and broadcasting equipment operators",22.0,37.5,34.0,,28.9,34.2,35.0,36.8,38.6,40.0,,40.0,,SOC10
2014,3421,Graphic designers,38.0,37.5,36.1,26.3,35.0,35.0,36.2,37.4,37.5,39.7,40.0,40.0,,SOC10
2014,3422,"Product, clothing and related designers",26.0,37.5,36.9,29.2,35.0,35.1,37.2,37.5,38.8,40.0,40.0,40.0,,SOC10
2014,3441,Sports players,12.0,35.0,24.5,,,,,,35.0,35.0,36.9,,,SOC10
2014,3442,"Sports coaches, instructors and officials",56.0,12.0,17.4,1.6,3.3,4.1,5.9,8.3,,27.2,34.9,35.0,,SOC10
2014,3443,Fitness instructors,26.0,,21.6,,,,,,28.3,36.0,37.3,37.5,,SOC10
2014,3511,Air traffic controllers,6.0,39.9,38.7,,37.4,,,,,,,,,SOC10
2014,3512,Aircraft pilots and flight engineers,8.0,34.9,33.2,,,,,30.0,37.4,38.0,,,,SOC10
2014,3513,Ship and hovercraft officers,,40.0,40.3,,,,37.2,39.0,41.6,,,,,SOC10
2014,3520,Legal associate professionals,63.0,35.0,33.0,20.0,30.2,34.9,35.0,,36.0,37.0,37.4,37.5,38.1,SOC10
2014,3531,"Estimators, valuers and assessors",51.0,37.0,35.8,24.0,35.0,35.0,35.0,36.1,37.5,38.7,39.9,40.0,,SOC10
2014,3532,Brokers,18.0,35.9,36.5,26.9,,35.0,,35.0,37.5,40.0,40.0,40.7,,SOC10
2014,3533,Insurance underwriters,23.0,35.0,34.7,33.8,35.0,,35.0,,,35.0,35.4,37.1,,SOC10
2014,3534,Finance and investment analysts and advisers,111.0,35.0,35.0,30.1,34.9,35.0,35.0,35.0,36.0,37.0,37.4,37.5,38.4,SOC10
2014,3535,Taxation experts,18.0,35.0,34.0,26.2,34.9,35.0,35.0,,36.2,37.0,37.5,,,SOC10
2014,3536,Importers and exporters,,37.5,37.3,,,,,37.5,38.8,,,,,SOC10
2014,3537,Financial and accounting technicians,29.0,36.3,34.2,22.5,30.0,35.0,35.0,35.0,37.0,37.5,,37.5,,SOC10
2014,3538,Financial accounts managers,120.0,35.0,35.1,29.9,34.9,,35.0,,37.0,37.5,,37.5,40.0,SOC10
2014,3539,Business and related associate professionals n.e.c.,137.0,37.0,35.2,25.6,35.0,35.0,35.0,36.5,37.0,37.5,,37.5,40.0,SOC10
2014,3541,Buyers and procurement officers,53.0,37.5,36.5,32.0,35.0,35.9,36.5,37.0,37.5,37.5,38.3,39.0,,SOC10
2014,3542,Business sales executives,240.0,37.5,37.2,31.9,36.1,37.0,37.4,37.5,39.1,40.0,40.0,40.0,43.3,SOC10
2014,3543,Marketing associate professionals,131.0,37.0,34.3,22.3,34.9,35.0,,35.0,37.4,37.5,,37.5,40.0,SOC10
2014,3544,Estate agents and auctioneers,20.0,37.7,34.1,,22.6,25.4,29.9,37.0,40.0,40.9,41.8,42.9,,SOC10
2014,3545,Sales accounts and business development managers,472.0,37.5,37.4,35.0,35.0,35.9,36.8,37.4,37.5,38.9,39.9,40.0,40.0,SOC10
2014,3546,Conference and exhibition managers and organisers,38.0,37.0,33.5,,27.2,34.9,35.0,35.2,37.5,38.7,39.9,40.0,,SOC10
2014,3550,Conservation and environmental associate professionals,7.0,37.0,37.6,,36.5,,37.0,,37.0,37.5,,,,SOC10
2014,3561,Public services associate professionals,115.0,37.0,34.9,24.7,32.0,35.0,36.0,36.0,37.0,37.0,37.0,37.5,41.0,SOC10
2014,3562,Human resources and industrial relations officers,137.0,37.4,36.4,28.0,35.0,35.0,36.1,37.0,37.5,38.6,40.0,40.0,42.5,SOC10
2014,3563,Vocational and industrial trainers and instructors,116.0,37.0,34.4,22.2,32.2,35.0,35.0,36.2,37.4,37.5,37.5,38.6,40.0,SOC10
2014,3564,Careers advisers and vocational guidance specialists,15.0,36.0,31.1,,,28.0,30.2,35.0,37.0,37.0,,,,SOC10
2014,3565,Inspectors of standards and regulations,22.0,37.0,34.2,20.2,32.0,35.0,35.0,35.0,37.0,37.5,37.5,38.4,,SOC10
2014,3567,Health and safety officers,28.0,37.0,36.2,32.0,35.0,36.0,36.8,37.0,37.4,37.5,38.1,39.9,,SOC10
2014,4112,National government administrative occupations,178.0,37.0,34.5,22.2,29.5,30.1,35.0,,37.0,,37.0,38.8,42.0,SOC10
2014,4113,Local government administrative occupations,92.0,37.0,32.6,18.8,27.7,30.0,33.1,35.7,37.0,37.0,,37.0,37.5,SOC10
2014,4114,Officers of non-governmental organisations,11.0,32.5,25.8,,,,,27.2,35.0,35.0,36.0,,,SOC10
2014,4121,Credit controllers,28.0,36.9,33.6,20.2,30.1,34.0,35.0,35.0,37.4,37.5,,37.5,,SOC10
2014,4122,"Book-keepers, payroll managers and wages clerks",271.0,36.1,31.5,15.0,22.4,25.0,30.0,35.0,37.4,37.5,,37.5,40.0,SOC10
2014,4123,Bank and post office clerks,136.0,35.0,31.1,17.8,23.2,27.1,30.0,34.9,35.0,,,35.0,37.5,SOC10
2014,4124,Finance officers,21.0,36.2,33.5,23.0,30.1,33.1,35.0,35.0,37.0,37.0,37.0,37.3,,SOC10
2014,4129,Financial administrative occupations n.e.c.,129.0,35.0,31.7,16.3,22.5,25.0,29.6,35.0,37.0,37.4,37.5,37.5,40.0,SOC10
2014,4131,Records clerks and assistants,136.0,37.0,33.0,19.5,25.0,30.0,31.3,35.0,37.5,37.5,37.5,37.5,40.0,SOC10
2014,4132,Pensions and insurance clerks and assistants,40.0,35.0,34.2,24.0,34.9,35.0,35.0,35.0,35.6,37.0,37.4,37.5,,SOC10
2014,4133,Stock control clerks and assistants,78.0,37.5,35.9,20.0,32.0,35.0,36.0,37.4,38.9,40.0,40.0,40.9,44.8,SOC10
2014,4134,Transport and distribution clerks and assistants,52.0,38.5,38.2,29.8,35.1,37.0,37.0,37.5,39.9,40.0,40.7,42.0,45.6,SOC10
2014,4135,Library clerks and assistants,30.0,22.0,23.9,,15.0,17.1,18.5,20.0,26.2,35.0,35.1,36.1,,SOC10
2014,4138,Human resources administrative occupations,21.0,36.5,33.2,20.0,27.2,30.0,32.0,35.0,37.0,37.5,37.5,37.5,,SOC10
2014,4151,Sales administrators,74.0,37.5,34.7,22.4,30.0,34.9,35.0,37.0,37.5,37.7,39.6,40.0,40.6,SOC10
2014,4159,Other administrative occupations n.e.c.,900.0,35.0,29.4,11.5,18.0,20.0,22.8,30.0,36.5,37.1,37.5,37.5,40.0,SOC10
2014,4161,Office managers,164.0,37.5,35.8,24.9,34.2,35.0,35.0,37.0,37.5,39.0,40.0,40.0,41.0,SOC10
2014,4162,Office supervisors,31.0,37.0,36.1,26.3,31.7,35.0,35.0,36.7,37.5,38.0,39.0,40.0,,SOC10
2014,4211,Medical secretaries,45.0,33.2,30.2,18.0,22.0,22.5,25.0,30.0,37.5,,37.5,37.5,,SOC10
2014,4212,Legal secretaries,27.0,35.0,30.6,17.9,21.6,23.0,28.0,32.0,,35.0,36.2,37.0,,SOC10
2014,4213,School secretaries,25.0,32.5,29.0,14.8,20.0,22.5,25.0,29.4,35.0,36.0,37.0,37.0,,SOC10
2014,4214,Company secretaries,21.0,20.0,22.2,5.6,10.0,12.0,14.0,16.0,22.7,32.2,35.0,37.0,,SOC10
2014,4215,Personal assistants and other secretaries,236.0,35.0,28.6,9.9,16.1,20.0,21.7,30.0,35.0,37.0,37.3,37.5,39.0,SOC10
2014,4216,Receptionists,244.0,29.4,28.2,14.0,18.7,20.2,22.1,25.1,33.2,36.7,37.4,37.5,40.0,SOC10
2014,4217,Typists and related keyboard occupations,30.0,35.0,30.7,14.9,20.0,22.5,25.0,30.0,37.0,37.5,37.5,37.5,,SOC10
2014,5111,Farmers,6.0,40.0,41.5,,,,38.9,40.0,42.0,44.4,,,,SOC10
2014,5112,Horticultural trades,5.0,39.0,38.5,,,35.2,36.4,37.1,40.0,,,,,SOC10
2014,5113,Gardeners and landscape gardeners,47.0,37.7,35.6,20.2,35.0,36.1,37.0,37.0,39.3,40.0,40.0,40.5,,SOC10
2014,5114,Groundsmen and greenkeepers,45.0,39.7,38.5,33.1,37.0,37.0,37.1,38.1,40.0,40.0,40.8,42.7,,SOC10
2014,5119,Agricultural and fishing trades n.e.c.,6.0,40.0,38.6,,,37.2,39.0,39.9,40.0,,,,,SOC10
2014,5211,Smiths and forge workers,,39.0,35.3,,,,,,,,,,,SOC10
2014,5212,"Moulders, core makers and die casters",,40.0,42.3,,,,,,40.0,,,,,SOC10
2014,5213,Sheet metal workers,11.0,42.8,44.7,,37.8,39.0,39.8,41.2,45.0,46.6,48.0,,,SOC10
2014,5214,"Metal plate workers, and riveters",9.0,39.5,42.2,,,37.0,37.7,38.0,40.3,44.1,,,,SOC10
2014,5215,Welding trades,51.0,41.1,43.4,37.0,38.0,39.0,39.5,40.0,43.0,45.0,46.5,47.3,,SOC10
2014,5216,Pipe fitters,5.0,40.9,44.7,,,,38.6,39.7,41.9,44.6,,,,SOC10
2014,5221,Metal machining setters and setter-operators,62.0,40.0,42.8,36.9,37.5,38.0,38.9,39.5,42.3,45.0,46.3,48.0,,SOC10
2014,5222,"Tool makers, tool fitters and markers-out",11.0,40.0,39.8,,37.2,37.9,38.5,39.0,41.4,42.5,43.0,,,SOC10
2014,5223,Metal working production and maintenance fitters,312.0,40.0,42.4,36.2,37.2,37.5,38.2,39.9,42.0,44.0,45.2,47.0,51.6,SOC10
2014,5224,Precision instrument makers and repairers,11.0,40.0,39.2,,37.0,37.2,37.5,38.8,40.0,40.1,40.5,,,SOC10
2014,5225,Air-conditioning and refrigeration engineers,6.0,44.9,45.8,,40.4,40.5,41.4,42.7,46.1,48.1,,,,SOC10
2014,5231,"Vehicle technicians, mechanics and electricians",116.0,40.8,41.2,36.9,38.4,39.1,40.0,40.0,42.5,44.0,44.5,45.0,48.0,SOC10
2014,5232,Vehicle body builders and repairers,24.0,40.1,41.0,37.5,38.8,,39.0,40.0,41.0,42.5,43.3,44.1,,SOC10
2014,5234,Vehicle paint technicians,9.0,40.5,41.8,,39.0,39.1,39.9,40.0,42.1,42.7,,,,SOC10
2014,5235,Aircraft maintenance and related trades,15.0,37.4,37.8,,34.9,36.1,36.9,37.0,37.5,39.0,39.1,40.1,,SOC10
2014,5236,Boat and ship builders and repairers,,40.0,40.6,,,,37.8,,41.2,,,,,SOC10
2014,5237,Rail and rolling stock builders and repairers,,40.2,40.9,,,,35.0,37.9,41.0,42.5,,,,SOC10
2014,5241,Electricians and electrical fitters,125.0,40.0,41.3,36.8,37.3,37.5,37.9,39.1,40.8,43.1,44.5,45.5,50.0,SOC10
2014,5242,Telecommunications engineers,37.0,38.1,40.0,,,36.0,36.3,37.5,39.8,41.0,41.9,43.7,,SOC10
2014,5244,"TV, video and audio engineers",9.0,40.0,38.7,,,37.5,37.7,,,,,,,SOC10
2014,5245,IT engineers,15.0,37.5,37.0,,36.8,37.0,37.0,37.5,38.0,39.9,40.0,,,SOC10
2014,5249,Electrical and electronic trades n.e.c.,116.0,40.0,41.1,36.9,37.5,37.5,37.5,39.1,40.3,42.0,42.9,44.2,49.8,SOC10
2014,5250,"Skilled metal, electrical and electronic trades supervisors",50.0,40.0,41.9,36.9,37.5,37.5,38.6,39.4,41.2,43.7,45.0,46.6,,SOC10
2014,5311,Steel erectors,5.0,41.5,44.1,,,40.0,,40.0,45.2,,,,,SOC10
2014,5312,Bricklayers and masons,18.0,40.0,41.2,37.0,37.3,,39.0,,40.0,42.0,42.5,44.2,,SOC10
2014,5313,"Roofers, roof tilers and slaters",13.0,39.9,39.9,,37.4,38.0,,39.0,,,,,,SOC10
2014,5314,Plumbers and heating and ventilating engineers,60.0,40.0,39.9,35.9,37.0,37.0,37.5,38.8,40.0,40.9,42.0,43.0,,SOC10
2014,5315,Carpenters and joiners,76.0,40.0,42.0,37.0,38.8,,39.0,40.0,41.1,42.8,44.5,45.0,51.5,SOC10
2014,5316,"Glaziers, window fabricators and fitters",21.0,42.0,42.7,37.0,39.0,40.0,,40.0,43.1,45.0,45.8,46.9,,SOC10
2014,5319,Construction and building trades n.e.c.,36.0,40.0,40.1,26.3,37.0,37.5,37.6,39.8,41.3,43.5,45.0,46.0,,SOC10
2014,5321,Plasterers,8.0,40.0,40.0,,37.0,37.2,37.5,39.0,,40.0,,,,SOC10
2014,5322,Floorers and wall tilers,8.0,40.0,39.7,,37.2,38.4,39.0,39.7,,40.0,,,,SOC10
2014,5323,Painters and decorators,27.0,40.0,39.9,33.2,37.0,37.5,38.0,39.0,40.0,43.5,44.6,45.0,,SOC10
2014,5330,Construction and building trades supervisors,40.0,42.5,44.3,37.0,37.9,39.1,40.0,40.0,45.0,47.4,48.5,50.9,,SOC10
2014,5411,Weavers and knitters,,40.3,40.5,,,,,,40.8,,,,,SOC10
2014,5412,Upholsterers,9.0,39.0,38.0,,33.1,34.3,36.3,38.2,39.9,40.9,43.5,,,SOC10
2014,5413,Footwear and leather working trades,7.0,39.0,37.2,,,36.7,38.1,39.0,39.5,,,,,SOC10
2014,5414,Tailors and dressmakers,,36.8,30.7,,,,,,39.0,,,,,SOC10
2014,5419,"Textiles, garments and related trades n.e.c.",,32.8,33.2,,,,,,,,,,,SOC10
2014,5421,Pre-press technicians,,38.3,39.4,,,,37.4,37.5,39.0,,,,,SOC10
2014,5422,Printers,21.0,39.0,40.0,35.7,36.9,37.4,37.5,37.5,40.0,40.5,42.0,42.4,,SOC10
2014,5423,Print finishing and binding workers,18.0,38.8,38.3,,36.0,37.4,37.5,37.5,39.7,40.0,40.9,41.8,,SOC10
2014,5431,Butchers,31.0,40.0,38.2,21.1,32.9,36.1,37.5,39.0,41.3,43.0,43.8,45.0,,SOC10
2014,5432,Bakers and flour confectioners,27.0,38.9,37.3,23.8,33.2,,36.5,36.6,39.0,40.3,41.9,43.0,,SOC10
2014,5433,Fishmongers and poultry dressers,7.0,39.6,37.2,,,26.7,32.8,37.1,40.0,43.5,,,,SOC10
2014,5434,Chefs,195.0,40.0,38.4,22.8,30.4,34.0,36.0,38.9,40.8,44.5,45.1,47.2,50.0,SOC10
2014,5435,Cooks,72.0,27.5,27.4,13.8,18.5,20.4,22.4,25.0,30.0,32.5,34.7,35.2,39.9,SOC10
2014,5436,Catering and bar managers,61.0,38.2,36.8,21.8,30.0,32.9,35.0,37.0,40.0,40.0,41.2,43.3,,SOC10
2014,5441,"Glass and ceramics makers, decorators and finishers",6.0,39.0,37.0,,,,37.0,38.0,39.0,,,,,SOC10
2014,5442,Furniture makers and other craft woodworkers,14.0,40.0,41.5,37.4,38.0,,39.0,,40.5,43.0,44.1,45.0,,SOC10
2014,5443,Florists,5.0,,26.2,,,,,,,,,,,SOC10
2014,5449,Other skilled trades n.e.c.,21.0,39.7,38.3,25.0,35.0,37.0,37.5,38.7,,40.0,41.8,42.5,,SOC10
2014,6121,Nursery nurses and assistants,163.0,32.0,29.0,12.1,17.5,20.0,22.5,27.4,35.0,37.5,38.6,40.0,40.7,SOC10
2014,6122,Childminders and related occupations,20.0,30.0,28.6,9.9,14.8,16.7,18.7,23.1,35.0,38.1,39.9,40.0,,SOC10
2014,6123,Playworkers,41.0,14.9,17.0,3.2,6.2,7.5,9.0,12.0,18.2,21.8,24.6,27.6,,SOC10
2014,6125,Teaching assistants,328.0,27.5,25.7,12.5,18.0,20.0,22.2,25.0,30.0,31.8,32.5,32.8,36.3,SOC10
2014,6126,Educational support assistants,147.0,27.2,25.4,10.1,17.0,19.0,21.1,24.6,29.4,32.2,32.5,35.0,37.0,SOC10
2014,6131,Veterinary nurses,12.0,37.9,35.4,23.3,31.5,32.9,35.0,37.0,39.6,40.0,40.0,40.4,,SOC10
2014,6132,Pest control officers,,38.3,37.3,,,,37.0,37.6,39.3,,,,,SOC10
2014,6139,Animal care services occupations n.e.c.,24.0,35.4,30.8,,17.8,20.1,23.7,31.0,37.5,39.9,,40.0,,SOC10
2014,6141,Nursing auxiliaries and assistants,377.0,34.5,30.9,14.4,20.2,22.5,25.0,30.0,37.5,37.5,37.5,37.5,41.8,SOC10
2014,6142,Ambulance staff (excluding paramedics),20.0,38.2,38.7,25.7,37.2,37.5,37.5,37.5,39.5,41.5,44.2,45.3,,SOC10
2014,6143,Dental nurses,37.0,33.1,30.4,16.0,21.5,22.5,23.9,29.9,36.8,37.5,38.5,39.5,,SOC10
2014,6144,Houseparents and residential wardens,20.0,37.0,33.2,18.5,26.8,28.8,30.0,35.0,37.0,37.5,38.4,39.1,,SOC10
2014,6145,Care workers and home carers,731.0,30.4,29.6,10.2,17.3,20.0,21.8,26.1,34.8,37.0,37.7,39.5,45.2,SOC10
2014,6146,Senior care workers,53.0,37.3,36.7,23.4,28.4,30.3,33.4,35.5,38.6,41.4,42.5,43.8,49.8,SOC10
2014,6147,Care escorts,12.0,16.8,19.2,7.8,10.1,11.9,13.0,15.0,19.0,22.6,23.7,,,SOC10
2014,6148,"Undertakers, mortuary and crematorium assistants",13.0,36.9,31.5,,20.0,21.0,24.3,32.9,38.2,39.4,40.0,40.5,,SOC10
2014,6211,Sports and leisure assistants,75.0,25.8,24.5,5.0,9.2,11.1,14.3,18.5,32.4,36.9,37.3,38.2,40.0,SOC10
2014,6212,Travel agents,33.0,37.1,31.7,17.3,22.4,23.9,27.0,31.9,37.4,37.5,37.5,37.5,,SOC10
2014,6214,Air travel assistants,40.0,30.0,29.3,15.1,20.0,,22.4,28.1,31.5,,37.4,37.5,,SOC10
2014,6215,Rail travel assistants,24.0,39.0,38.5,32.6,,35.0,35.9,37.2,40.0,41.4,42.1,42.8,,SOC10
2014,6219,Leisure and travel service occupations n.e.c.,21.0,,17.7,2.3,4.0,5.0,5.5,,,,30.0,32.7,,SOC10
2014,6221,Hairdressers and barbers,54.0,23.2,25.1,10.0,15.3,16.0,16.0,20.0,29.5,35.0,36.9,37.5,,SOC10
2014,6222,Beauticians and related occupations,28.0,30.0,28.6,14.8,16.1,18.5,21.5,27.3,33.8,37.5,38.1,39.1,,SOC10
2014,6231,Housekeepers and related occupations,40.0,29.6,27.4,10.3,15.9,16.8,19.5,24.2,32.3,36.7,37.4,37.5,,SOC10
2014,6232,Caretakers,69.0,37.0,32.1,12.6,20.0,25.0,29.8,35.0,37.0,37.5,38.5,39.9,42.5,SOC10
2014,6240,Cleaning and housekeeping managers and supervisors,44.0,33.5,31.1,12.5,17.7,20.0,22.8,28.9,37.2,39.5,40.0,40.0,,SOC10
2014,7111,Sales and retail assistants,1092.0,23.0,24.5,8.3,13.0,15.0,16.0,19.8,28.0,33.0,35.6,37.5,40.0,SOC10
2014,7112,Retail cashiers and check-out operators,134.0,21.1,22.9,9.2,12.1,14.0,15.7,18.1,24.8,29.5,31.0,33.0,39.0,SOC10
2014,7113,Telephone salespersons,29.0,37.4,33.8,18.0,25.0,29.8,33.5,35.0,37.5,39.3,40.0,40.0,,SOC10
2014,7114,Pharmacy and other dispensing assistants,43.0,30.0,28.9,16.0,19.4,21.0,23.1,26.8,33.9,37.3,37.5,37.5,,SOC10
2014,7115,Vehicle and parts salespersons and advisers,12.0,42.4,41.7,37.0,39.0,40.0,40.0,41.4,44.5,45.0,45.1,46.0,,SOC10
2014,7121,Collector salespersons and credit agents,,37.5,38.0,,,,,,,,,,,SOC10
2014,7122,"Debt, rent and other cash collectors",20.0,37.0,35.6,26.2,35.0,35.0,36.2,37.0,37.1,37.5,37.5,38.5,,SOC10
2014,7123,Roundspersons and van salespersons,5.0,40.0,40.0,,37.9,38.7,39.7,40.0,42.0,44.9,45.7,,,SOC10
2014,7124,Market and street traders and assistants,,,30.9,,,,,,,,,,,SOC10
2014,7125,Merchandisers and window dressers,24.0,30.3,26.7,6.3,12.6,15.0,18.2,22.5,35.0,37.5,38.1,39.1,,SOC10
2014,7129,Sales related occupations n.e.c.,29.0,36.2,31.6,13.8,19.7,22.4,24.2,32.2,37.5,40.0,40.0,40.0,,SOC10
2014,7130,Sales supervisors,102.0,38.4,36.1,24.0,32.3,35.0,36.3,37.4,39.0,39.3,40.0,40.3,43.0,SOC10
2014,7211,Call and contact centre occupations,51.0,37.0,33.4,19.9,24.9,28.6,31.7,35.0,37.4,37.8,38.7,40.0,40.6,SOC10
2014,7213,Telephonists,14.0,34.1,29.7,15.9,19.3,22.0,24.0,28.7,35.0,37.4,37.5,38.8,,SOC10
2014,7214,Communication operators,14.0,37.0,35.2,18.5,27.1,31.7,34.9,36.5,37.0,39.0,40.5,42.0,,SOC10
2014,7215,Market research interviewers,9.0,17.3,20.0,,10.0,11.5,12.3,15.0,22.3,25.0,26.6,,,SOC10
2014,7219,Customer service occupations n.e.c.,366.0,35.0,30.7,15.0,19.7,21.2,24.3,30.5,36.8,37.4,37.5,38.0,40.2,SOC10
2014,7220,Customer service managers and supervisors,64.0,37.5,36.5,28.5,35.0,35.0,36.1,37.0,37.5,38.7,39.7,40.0,42.0,SOC10
2014,8111,"Food, drink and tobacco process operatives",142.0,40.0,39.6,28.5,35.0,36.5,37.5,39.0,40.3,42.5,44.6,46.3,50.5,SOC10
2014,8112,Glass and ceramics process operatives,5.0,43.9,42.4,,,37.7,39.3,40.9,45.6,46.8,,,,SOC10
2014,8113,Textile process operatives,12.0,39.0,39.0,,35.0,36.8,37.0,37.7,40.0,40.3,42.9,47.2,,SOC10
2014,8114,Chemical and related process operatives,26.0,40.0,41.2,36.1,37.5,37.5,38.0,39.0,41.1,42.0,42.9,44.3,,SOC10
2014,8115,Rubber process operatives,4.0,41.1,41.4,,,36.7,37.5,40.0,41.9,,,,,SOC10
2014,8116,Plastics process operatives,14.0,40.0,41.6,36.0,38.0,39.0,39.0,40.0,41.0,43.6,45.4,46.3,,SOC10
2014,8117,Metal making and treating process operatives,11.0,39.9,39.8,32.9,37.0,37.3,37.5,38.8,40.3,42.4,43.5,,,SOC10
2014,8118,Electroplaters,6.0,40.0,42.5,,38.0,38.0,38.7,39.0,42.0,43.6,,,,SOC10
2014,8119,Process operatives n.e.c.,11.0,41.5,43.4,37.0,37.5,38.1,38.9,39.2,43.3,46.0,47.3,,,SOC10
2014,8121,Paper and wood machine operatives,22.0,40.0,39.3,32.0,37.5,37.5,38.4,39.0,40.0,41.0,41.8,43.3,,SOC10
2014,8122,Coal mine operatives,,47.3,48.1,,,,,,,,,,,SOC10
2014,8123,Quarry workers and related operatives,4.0,45.5,45.3,,,39.9,40.4,42.3,48.0,,,,,SOC10
2014,8124,Energy plant operatives,7.0,39.0,39.2,,34.0,36.4,36.9,37.0,40.0,42.0,43.4,,,SOC10
2014,8125,Metal working machine operatives,25.0,40.0,40.4,35.0,37.5,37.8,38.5,39.0,40.0,42.5,44.0,44.9,,SOC10
2014,8126,Water and sewerage plant operatives,10.0,39.6,42.4,36.8,,,37.0,37.4,40.8,43.1,45.6,,,SOC10
2014,8127,Printing machine assistants,18.0,39.0,39.4,35.0,36.0,36.8,37.0,37.5,40.0,40.2,41.9,42.8,,SOC10
2014,8129,Plant and machine operatives n.e.c.,16.0,40.0,41.5,35.6,37.5,37.5,38.0,39.0,41.0,45.0,46.7,48.0,,SOC10
2014,8131,Assemblers (electrical and electronic products),14.0,40.0,40.3,37.0,37.5,38.0,38.8,39.0,40.3,42.2,43.1,43.5,,SOC10
2014,8132,Assemblers (vehicles and metal goods),55.0,39.5,40.6,36.0,37.0,37.0,37.5,38.9,40.3,42.0,43.0,44.2,47.8,SOC10
2014,8133,Routine inspectors and testers,50.0,39.0,39.3,34.5,36.8,37.0,37.1,37.5,40.0,40.1,41.6,43.0,47.2,SOC10
2014,8134,"Weighers, graders and sorters",8.0,39.1,37.8,,,34.9,36.2,37.7,40.0,42.9,44.9,,,SOC10
2014,8135,"Tyre, exhaust and windscreen fitters",15.0,42.2,41.1,28.9,39.9,40.0,40.0,40.0,44.0,44.3,44.9,45.0,,SOC10
2014,8137,Sewing machinists,20.0,37.5,34.5,19.9,24.0,29.6,32.0,36.0,39.0,39.0,40.0,40.0,,SOC10
2014,8139,Assemblers and routine operatives n.e.c.,97.0,39.5,40.0,34.0,37.0,37.4,37.5,38.9,40.0,42.0,43.1,44.9,49.0,SOC10
2014,8141,"Scaffolders, stagers and riggers",17.0,40.0,43.9,37.4,,39.0,39.5,,43.6,47.0,48.0,50.8,,SOC10
2014,8142,Road construction operatives,19.0,42.0,44.6,37.0,37.1,37.9,39.6,40.1,45.0,47.7,49.4,50.3,,SOC10
2014,8143,Rail construction and maintenance operatives,14.0,40.0,41.7,35.0,35.5,36.7,37.1,39.0,41.7,44.7,45.5,46.6,,SOC10
2014,8149,Construction operatives n.e.c.,91.0,39.9,38.8,21.0,35.0,36.8,37.0,38.4,40.0,42.5,44.5,46.0,50.5,SOC10
2014,8211,Large goods vehicle drivers,187.0,48.0,48.7,37.5,40.0,40.4,42.5,45.0,50.0,53.0,55.2,57.5,63.7,SOC10
2014,8212,Van drivers,273.0,40.0,39.0,18.0,27.8,33.0,36.8,39.7,42.5,45.1,47.2,48.0,52.8,SOC10
2014,8213,Bus and coach drivers,119.0,40.3,41.1,26.4,37.5,38.0,38.6,39.6,42.2,45.0,46.4,48.1,54.2,SOC10
2014,8214,Taxi and cab drivers and chauffeurs,18.0,35.0,30.9,,16.0,17.7,23.4,29.5,36.9,40.0,40.6,42.5,,SOC10
2014,8215,Driving instructors,,38.1,38.9,,,,,37.0,39.5,,,,,SOC10
2014,8221,Crane drivers,10.0,50.0,50.7,38.4,40.0,41.8,42.0,45.1,52.5,56.0,59.0,,,SOC10
2014,8222,Fork-lift truck drivers,27.0,40.9,42.2,30.9,36.8,38.0,39.0,40.0,43.0,45.3,47.3,49.2,,SOC10
2014,8223,Agricultural machinery drivers,,47.7,49.7,,,,,,51.2,,,,,SOC10
2014,8229,Mobile machine drivers and operatives n.e.c.,40.0,44.2,46.1,37.1,39.0,39.5,40.0,41.3,46.8,49.3,50.2,53.1,,SOC10
2014,8231,Train and tram drivers,25.0,37.1,38.6,,,,35.0,35.3,38.4,40.0,40.8,41.9,,SOC10
2014,8232,Marine and waterways transport operatives,,42.0,41.8,,,,,,43.6,,,,,SOC10
2014,8233,Air transport operatives,11.0,39.2,38.9,,32.9,37.3,37.4,37.5,40.0,41.5,42.5,44.6,,SOC10
2014,8234,Rail transport operatives,9.0,44.0,47.3,35.0,38.5,39.2,41.3,43.1,47.0,48.0,48.9,,,SOC10
2014,8239,Other drivers and transport operatives n.e.c.,8.0,40.0,38.8,,36.9,37.2,37.5,39.0,40.2,42.5,43.0,,,SOC10
2014,9111,Farm workers,36.0,40.0,40.2,12.5,25.5,34.9,38.9,39.5,43.5,48.0,49.8,53.3,,SOC10
2014,9112,Forestry workers,4.0,37.0,36.2,,,35.0,35.3,37.0,37.4,,,,,SOC10
2014,9119,Fishing and other elementary agriculture occupations n.e.c.,20.0,39.8,37.5,,31.5,35.0,37.0,38.1,40.0,44.0,45.0,46.8,,SOC10
2014,9120,Elementary construction occupations,57.0,40.0,40.6,24.4,37.0,38.0,39.0,,42.5,45.0,45.5,47.0,51.8,SOC10
2014,9132,Industrial cleaning process occupations,18.0,37.5,33.4,12.8,17.5,19.9,24.0,34.1,39.1,40.0,41.0,42.8,,SOC10
2014,9134,"Packers, bottlers, canners and fillers",100.0,39.7,38.8,24.0,34.5,36.2,37.3,38.5,40.0,42.0,43.7,45.1,49.0,SOC10
2014,9139,Elementary process plant occupations n.e.c.,103.0,40.0,39.9,32.0,37.0,37.4,37.5,39.0,40.3,42.5,44.0,45.0,49.2,SOC10
2014,9211,"Postal workers, mail sorters, messengers and couriers",150.0,39.0,34.0,,25.0,30.0,34.4,38.9,39.0,39.1,40.0,40.7,46.0,SOC10
2014,9219,Elementary administration occupations n.e.c.,41.0,32.1,28.4,7.5,13.8,16.9,20.8,26.0,35.5,37.4,37.5,39.8,,SOC10
2014,9231,Window cleaners,,38.6,32.8,,,,,,39.0,,,,,SOC10
2014,9232,Street cleaners,6.0,37.0,36.6,,36.0,36.4,36.8,37.0,37.0,38.5,38.6,,,SOC10
2014,9233,Cleaners and domestics,615.0,17.8,20.8,7.0,10.0,11.0,12.5,15.0,20.7,25.6,29.8,32.8,39.0,SOC10
2014,9234,"Launderers, dry cleaners and pressers",20.0,34.5,31.7,16.0,20.0,22.1,24.9,30.0,37.1,38.8,39.1,40.0,,SOC10
2014,9235,Refuse and salvage occupations,24.0,37.5,39.4,36.0,37.0,37.0,37.0,37.0,39.0,40.0,41.0,42.5,,SOC10
2014,9236,Vehicle valeters and cleaners,12.0,40.0,37.3,19.8,25.2,35.0,37.6,39.8,41.3,42.5,43.0,44.8,,SOC10
2014,9239,Elementary cleaning occupations n.e.c.,,,34.0,,,,,,,,,,,SOC10
2014,9241,Security guards and related occupations,133.0,41.4,41.2,19.6,34.7,36.4,37.0,39.8,44.2,48.0,50.0,52.7,59.3,SOC10
2014,9242,Parking and civil enforcement occupations,16.0,37.0,36.9,,34.0,35.0,36.0,37.0,37.6,40.8,42.0,42.5,,SOC10
2014,9244,School midday and crossing patrol occupations,103.0,6.7,8.8,3.3,5.0,5.0,5.5,6.3,7.5,8.2,9.3,10.1,,SOC10
2014,9249,Elementary security occupations n.e.c.,14.0,25.0,24.7,5.0,8.5,,,,36.0,37.0,37.0,37.6,,SOC10
2014,9251,Shelf fillers,85.0,28.0,26.8,12.6,16.5,18.2,20.0,22.8,30.5,35.0,36.5,36.9,39.0,SOC10
2014,9259,Elementary sales occupations n.e.c.,6.0,20.0,22.1,12.0,14.8,,16.0,16.9,20.9,,27.3,,,SOC10
2014,9260,Elementary storage occupations,538.0,40.0,38.7,24.0,35.0,36.9,37.5,38.5,40.0,42.0,43.1,44.8,49.0,SOC10
2014,9271,Hospital porters,6.0,37.5,36.5,,32.6,36.3,37.5,37.5,37.5,37.5,37.5,,,SOC10
2014,9272,Kitchen and catering assistants,494.0,23.6,24.6,8.0,12.5,14.5,16.0,19.9,28.2,32.7,35.0,37.5,41.2,SOC10
2014,9273,Waiters and waitresses,173.0,18.0,20.7,5.0,8.0,9.7,11.0,14.5,22.3,27.9,31.0,34.0,40.0,SOC10
2014,9274,Bar staff,165.0,17.7,20.9,5.0,8.6,10.0,11.8,15.0,22.4,28.5,31.5,34.0,40.0,SOC10
2014,9275,Leisure and theme park attendants,34.0,11.8,16.0,2.4,3.2,3.8,4.6,7.5,15.9,20.6,24.0,28.6,,SOC10
2014,9279,Other elementary services occupations n.e.c.,19.0,24.7,24.7,,,,14.8,18.5,30.3,36.8,38.7,40.0,,SOC10
2015,1115,Chief executives and senior officials,73.0,35.0,35.0,31.8,35.0,,,,37.0,37.5,,37.5,40.0,SOC10
2015,1116,Elected officers and representatives,6.0,36.0,31.9,,,,,35.2,37.1,,,,,SOC10
2015,1121,Production managers and directors in manufacturing,555.0,37.5,36.9,26.9,35.0,36.0,36.9,37.4,38.8,40.0,40.0,40.0,44.0,SOC10
2015,1122,Production managers and directors in construction,97.0,40.0,39.0,32.4,36.9,37.0,37.5,38.7,40.0,40.7,42.5,43.4,46.8,SOC10
2015,1123,Production managers and directors in mining and energy,8.0,38.5,39.9,,36.9,37.0,37.3,37.5,40.0,41.0,,,,SOC10
2015,1131,Financial managers and directors,268.0,36.8,34.8,28.0,,35.0,35.0,35.0,37.4,37.5,37.5,37.6,40.0,SOC10
2015,1132,Marketing and sales directors,166.0,37.5,35.6,30.0,35.0,35.0,35.9,37.0,37.5,38.0,39.9,40.0,40.0,SOC10
2015,1133,Purchasing managers and directors,60.0,37.5,37.9,35.0,36.0,36.8,37.0,37.4,37.5,38.0,39.2,40.0,,SOC10
2015,1134,Advertising and public relations directors,8.0,37.0,34.5,,35.0,35.0,,35.0,37.5,,,,,SOC10
2015,1135,Human resource managers and directors,110.0,37.0,35.3,28.0,35.0,35.0,35.0,36.5,37.4,37.5,37.5,37.8,40.0,SOC10
2015,1136,Information technology and telecommunications directors,33.0,37.5,35.9,32.5,35.0,35.0,36.0,37.0,37.5,37.5,38.6,39.8,,SOC10
2015,1139,Functional managers and directors n.e.c.,63.0,36.1,32.4,13.9,24.9,32.1,35.0,35.0,37.0,37.5,,37.5,,SOC10
2015,1150,Financial institution managers and directors,75.0,35.0,35.1,34.9,35.0,,,,35.0,,35.0,36.7,37.6,SOC10
2015,1161,Managers and directors in transport and distribution,69.0,39.9,39.8,35.0,37.0,37.0,37.5,38.0,40.0,40.2,42.0,43.8,45.7,SOC10
2015,1162,Managers and directors in storage and warehousing,117.0,39.8,39.4,36.0,37.4,37.5,37.5,38.9,40.0,40.0,41.0,42.5,46.7,SOC10
2015,1171,Officers in armed forces,,,,,,,,,,,,,,SOC10
2015,1172,Senior police officers,12.0,40.0,40.2,40.0,,,,,,,,,,SOC10
2015,1173,"Senior officers in fire, ambulance, prison and related services",7.0,40.3,38.3,,37.0,,37.0,37.5,42.0,,,,,SOC10
2015,1181,Health services and public health managers and directors,44.0,37.5,35.3,27.0,34.9,36.9,37.0,37.5,37.5,37.5,,37.5,,SOC10
2015,1184,Social services managers and directors,19.0,37.0,35.7,30.3,35.0,35.0,36.0,36.3,37.0,37.0,,37.5,,SOC10
2015,1190,Managers and directors in retail and wholesale,317.0,39.0,38.5,31.9,36.0,36.5,37.4,37.9,40.0,40.0,40.6,42.3,45.0,SOC10
2015,1211,Managers and proprietors in agriculture and horticulture,14.0,40.0,39.4,,37.0,37.5,38.2,39.0,40.0,42.5,44.0,,,SOC10
2015,1213,"Managers and proprietors in forestry, fishing and related services",,38.2,39.4,,,,,,39.5,,,,,SOC10
2015,1221,Hotel and accommodation managers and proprietors,20.0,39.0,37.3,,35.7,36.8,37.3,37.5,40.0,,40.0,40.0,,SOC10
2015,1223,Restaurant and catering establishment managers and proprietors,45.0,40.0,40.1,28.0,36.0,37.0,38.1,40.0,41.6,45.0,45.1,47.8,,SOC10
2015,1224,Publicans and managers of licensed premises,13.0,46.5,42.1,,39.3,40.0,40.0,43.5,48.0,,,,,SOC10
2015,1225,Leisure and sports managers,37.0,39.0,37.0,25.0,35.0,35.1,36.8,37.0,40.0,40.0,40.0,40.0,,SOC10
2015,1226,Travel agency managers and proprietors,5.0,37.5,37.5,,,,,37.4,37.5,,,,,SOC10
2015,1241,Health care practice managers,14.0,35.8,31.7,16.4,22.5,24.1,27.5,32.7,37.0,37.5,37.5,,,SOC10
2015,1242,"Residential, day and domiciliary  care managers and proprietors",46.0,37.5,37.3,29.9,35.0,35.8,36.8,37.0,37.9,40.0,40.0,40.0,,SOC10
2015,1251,"Property, housing and estate managers",101.0,37.1,36.0,25.8,35.0,35.0,35.4,37.0,37.5,38.7,39.8,40.0,41.2,SOC10
2015,1252,Garage managers and proprietors,8.0,40.0,39.1,,37.0,37.5,37.6,39.7,40.0,41.9,43.0,,,SOC10
2015,1253,Hairdressing and beauty salon managers and proprietors,6.0,36.6,32.6,,,,29.1,35.0,36.9,39.4,,,,SOC10
2015,1254,Shopkeepers and proprietors – wholesale and retail,8.0,39.1,34.4,,,,34.7,37.5,40.0,,,,,SOC10
2015,1255,Waste disposal and environmental services managers,8.0,40.0,41.1,37.0,,37.2,39.6,40.0,40.0,40.9,,,,SOC10
2015,1259,Managers and proprietors in other services n.e.c.,75.0,37.5,37.0,29.1,35.0,35.9,36.7,37.0,37.5,39.7,40.0,40.0,45.0,SOC10
2015,2111,Chemical scientists,14.0,37.5,37.1,34.7,,35.9,36.1,37.0,,37.5,38.6,,,SOC10
2015,2112,Biological scientists and biochemists,57.0,37.5,35.7,25.0,35.0,36.5,37.0,,37.5,,37.5,38.4,,SOC10
2015,2113,Physical scientists,15.0,37.0,36.7,34.2,36.1,36.6,36.9,37.0,37.4,,,,,SOC10
2015,2114,Social and humanities scientists,,37.3,33.5,,,,,37.0,,,,,,SOC10
2015,2119,Natural and social science professionals n.e.c.,49.0,37.0,35.1,28.0,35.0,,35.0,36.2,37.0,37.4,37.5,37.5,,SOC10
2015,2121,Civil engineers,49.0,38.0,39.9,36.2,37.0,37.4,37.5,37.5,40.0,40.3,41.8,42.5,,SOC10
2015,2122,Mechanical engineers,37.0,37.5,38.2,35.3,36.9,37.0,37.0,37.2,37.7,39.9,40.0,40.0,,SOC10
2015,2123,Electrical engineers,23.0,37.5,39.9,35.1,36.9,37.0,37.0,37.5,39.9,40.1,40.9,42.2,,SOC10
2015,2124,Electronics engineers,7.0,37.5,37.6,,35.1,36.6,37.0,37.4,38.5,39.0,,,,SOC10
2015,2126,Design and development engineers,77.0,37.5,37.3,35.0,36.9,37.0,37.0,37.4,37.5,38.2,39.0,39.9,,SOC10
2015,2127,Production and process engineers,43.0,37.5,39.1,35.9,37.0,37.0,37.0,37.5,38.8,40.0,40.0,40.5,,SOC10
2015,2129,Engineering professionals n.e.c.,145.0,37.5,38.5,36.0,36.9,37.0,37.0,37.4,37.7,39.4,40.0,40.0,43.1,SOC10
2015,2133,IT specialist managers,152.0,37.4,37.0,35.0,35.0,36.0,36.5,37.0,37.5,37.5,37.9,39.9,40.0,SOC10
2015,2134,IT project and programme managers,22.0,37.0,35.8,32.5,,,35.0,36.1,37.5,,37.5,37.9,,SOC10
2015,2135,"IT business analysts, architects and systems designers",102.0,37.4,37.2,35.0,35.0,36.5,37.0,37.0,37.5,37.5,37.9,38.9,40.0,SOC10
2015,2136,Programmers and software development professionals,203.0,37.5,37.0,35.0,36.1,36.9,37.0,37.4,,37.5,38.5,40.0,40.0,SOC10
2015,2137,Web design and development professionals,41.0,37.5,36.5,34.5,35.0,36.0,36.9,37.4,,37.5,38.6,39.1,,SOC10
2015,2139,Information technology and telecommunications professionals n.e.c.,95.0,37.5,36.4,34.5,35.0,36.1,36.9,37.3,37.5,38.9,39.9,40.0,40.6,SOC10
2015,2141,Conservation professionals,11.0,37.0,35.0,,35.0,36.0,36.9,37.0,37.0,37.5,,,,SOC10
2015,2142,Environment professionals,34.0,37.0,36.7,34.0,35.4,36.5,36.9,37.0,37.1,37.5,37.5,39.0,,SOC10
2015,2150,Research and development managers,46.0,37.2,36.4,32.6,35.0,35.0,36.1,37.0,37.5,37.5,38.3,39.9,,SOC10
2015,2211,Medical practitioners,241.0,40.0,37.1,22.4,35.0,37.0,37.5,40.0,40.0,,40.0,40.1,43.9,SOC10
2015,2212,Psychologists,25.0,37.0,32.4,18.7,23.1,29.6,30.2,35.0,,,37.5,37.5,,SOC10
2015,2213,Pharmacists,45.0,37.5,34.1,18.0,24.0,29.2,33.7,37.5,37.5,39.6,39.9,41.1,,SOC10
2015,2214,Ophthalmic opticians,10.0,37.5,29.4,,,,,32.3,37.5,,37.6,,,SOC10
2015,2215,Dental practitioners,11.0,35.1,29.9,,,,,34.7,37.5,37.5,40.0,,,SOC10
2015,2216,Veterinarians,15.0,39.8,34.4,,23.9,26.3,31.7,37.5,40.0,40.0,40.2,,,SOC10
2015,2217,Medical radiographers,38.0,37.5,34.4,18.8,25.6,30.0,32.7,37.5,37.5,37.5,38.4,39.2,,SOC10
2015,2218,Podiatrists,7.0,37.5,33.0,,29.5,30.0,30.1,37.5,37.5,,,,,SOC10
2015,2219,Health professionals n.e.c.,32.0,37.5,32.9,18.8,24.4,30.0,30.9,37.4,37.5,37.5,37.5,37.5,,SOC10
2015,2221,Physiotherapists,49.0,37.5,31.4,15.0,22.0,24.0,28.2,37.3,37.5,37.5,37.5,37.5,,SOC10
2015,2222,Occupational therapists,34.0,37.0,31.4,18.7,22.5,24.0,26.8,30.5,,37.5,37.5,37.5,,SOC10
2015,2223,Speech and language therapists,12.0,30.0,28.3,12.7,18.6,22.5,22.5,26.3,37.4,,37.5,,,SOC10
2015,2229,Therapy professionals n.e.c.,14.0,33.6,29.6,,18.8,22.5,24.1,29.7,37.5,,37.5,,,SOC10
2015,2231,Nurses,903.0,37.5,31.5,15.0,22.5,24.0,28.1,33.0,37.5,37.5,37.5,37.5,38.9,SOC10
2015,2232,Midwives,48.0,33.3,31.0,20.2,23.0,23.7,26.0,30.0,37.5,,37.5,37.5,,SOC10
2015,2311,Higher education teaching professionals,159.0,35.0,30.4,8.9,21.6,29.5,35.0,,36.2,37.0,37.0,37.0,37.2,SOC10
2015,2312,Further education teaching professionals,132.0,35.0,28.3,7.5,17.5,19.7,22.5,32.4,35.9,37.0,37.0,37.0,37.0,SOC10
2015,2314,Secondary education teaching professionals,461.0,32.4,29.1,17.8,24.2,25.0,27.5,31.6,32.5,32.5,32.5,32.9,36.0,SOC10
2015,2315,Primary and nursery education teaching professionals,434.0,32.4,27.5,14.0,21.0,24.2,25.0,27.5,32.4,32.5,32.5,32.5,35.0,SOC10
2015,2316,Special needs education teaching professionals,37.0,32.4,28.1,13.9,20.9,24.3,26.0,29.6,32.5,32.5,32.5,34.8,,SOC10
2015,2317,Senior professionals of educational establishments,95.0,32.5,32.5,24.8,27.6,32.2,32.4,32.5,35.0,35.0,36.2,37.0,37.1,SOC10
2015,2318,Education advisers and school inspectors,17.0,35.9,32.7,,28.9,30.2,32.5,35.0,36.1,37.0,37.0,,,SOC10
2015,2319,Teaching and other educational professionals n.e.c.,88.0,24.5,22.9,2.9,5.7,8.6,12.0,18.5,31.6,35.0,36.9,37.0,40.0,SOC10
2015,2412,Barristers and judges,10.0,35.9,31.0,,21.7,,25.6,35.0,36.4,,,,,SOC10
2015,2413,Solicitors,82.0,35.0,33.7,27.9,33.8,35.0,,35.0,35.0,35.4,36.2,37.0,,SOC10
2015,2419,Legal professionals n.e.c.,40.0,35.0,34.8,29.9,35.0,35.0,35.0,,36.1,37.0,37.4,37.5,,SOC10
2015,2421,Chartered and certified accountants,88.0,37.0,34.5,24.7,34.9,35.0,35.0,35.9,37.4,37.5,,37.5,40.0,SOC10
2015,2423,Management consultants and business analysts,142.0,37.0,35.0,28.3,35.0,35.0,35.0,36.0,37.4,37.5,,37.5,40.0,SOC10
2015,2424,Business and financial project management professionals,217.0,37.0,36.4,33.8,35.0,,35.0,37.0,37.5,,37.5,38.9,40.0,SOC10
2015,2425,"Actuaries, economists and statisticians",20.0,36.3,36.3,34.9,35.0,35.0,35.0,35.0,37.0,37.4,37.5,,,SOC10
2015,2426,Business and related research professionals,90.0,36.5,34.8,28.0,35.0,,,35.0,37.0,37.4,37.5,37.5,37.6,SOC10
2015,2429,"Business, research and administrative professionals n.e.c.",58.0,37.0,35.2,28.0,35.0,36.0,36.0,36.0,,37.0,37.0,37.0,,SOC10
2015,2431,Architects,31.0,37.5,36.4,34.9,35.8,36.3,36.8,37.4,,37.5,38.7,40.0,,SOC10
2015,2432,Town planning officers,7.0,36.3,34.2,,32.9,35.0,,35.4,37.0,,,,,SOC10
2015,2433,Quantity surveyors,28.0,37.5,38.2,35.0,37.4,37.5,37.5,,39.1,40.0,42.3,42.5,,SOC10
2015,2434,Chartered surveyors,64.0,37.5,36.8,34.9,35.0,36.0,36.9,37.0,37.5,38.7,40.0,40.0,,SOC10
2015,2435,Chartered architectural technologists,,37.1,37.1,,,,,,37.5,,,,,SOC10
2015,2436,Construction project managers and related professionals,20.0,39.9,39.6,35.0,36.8,37.0,37.5,37.9,40.0,40.0,40.5,41.4,,SOC10
2015,2442,Social workers,104.0,37.0,33.6,21.0,29.6,33.7,35.0,36.0,37.0,,37.0,37.0,37.5,SOC10
2015,2443,Probation officers,,37.0,35.0,,,,,37.0,,,,,,SOC10
2015,2444,Clergy,40.0,36.0,30.4,12.8,18.4,20.5,24.0,34.8,37.0,37.5,39.8,40.0,,SOC10
2015,2449,Welfare professionals n.e.c.,13.0,35.0,30.4,,22.3,24.4,28.0,32.2,36.9,37.0,37.0,,,SOC10
2015,2451,Librarians,15.0,35.0,31.2,,21.4,27.1,30.1,35.0,36.8,37.0,37.0,37.0,,SOC10
2015,2452,Archivists and curators,8.0,35.8,32.4,,,25.1,31.6,35.0,36.9,37.0,,,,SOC10
2015,2461,Quality control and planning engineers,39.0,37.5,37.9,35.0,36.7,36.9,37.0,37.3,37.5,38.8,39.3,40.0,,SOC10
2015,2462,Quality assurance and regulatory professionals,75.0,37.0,36.6,34.5,,35.0,35.9,36.9,37.5,37.5,37.9,39.6,40.0,SOC10
2015,2463,Environmental health professionals,10.0,37.0,34.3,,31.0,35.0,36.0,37.0,37.0,,,,,SOC10
2015,2471,"Journalists, newspaper and periodical editors",51.0,36.0,34.9,28.0,,35.0,35.0,35.0,37.4,37.5,37.5,38.0,,SOC10
2015,2472,Public relations professionals,32.0,37.0,34.9,23.4,,35.0,35.0,36.8,37.5,37.5,,37.5,,SOC10
2015,2473,Advertising accounts managers and creative directors,23.0,37.3,35.1,28.0,34.9,35.0,35.0,35.0,37.5,,37.5,39.5,,SOC10
2015,3111,Laboratory technicians,63.0,37.4,35.0,22.5,30.6,34.6,35.0,37.0,37.5,37.5,38.0,39.0,,SOC10
2015,3112,Electrical and electronics technicians,12.0,38.6,40.0,35.4,36.9,,37.1,37.5,39.9,40.0,41.2,,,SOC10
2015,3113,Engineering technicians,80.0,37.6,39.1,35.0,36.9,37.0,37.0,37.5,39.6,40.2,41.5,42.0,45.9,SOC10
2015,3114,Building and civil engineering technicians,,37.8,39.2,,,35.1,36.3,37.1,40.0,41.7,,,,SOC10
2015,3115,Quality assurance technicians,28.0,37.5,38.3,35.0,36.9,37.0,37.1,37.5,39.1,40.0,40.0,40.5,,SOC10
2015,3116,"Planning, process and production technicians",37.0,38.2,38.8,34.9,36.4,37.0,37.1,37.5,39.6,40.0,40.5,41.7,,SOC10
2015,3119,"Science, engineering and production technicians n.e.c.",132.0,39.0,38.7,33.4,36.1,36.9,37.0,37.5,40.0,40.4,41.6,42.6,45.4,SOC10
2015,3121,Architectural and town planning technicians,18.0,37.5,37.5,35.5,37.0,37.0,37.4,37.5,,37.9,39.2,,,SOC10
2015,3122,Draughtspersons,33.0,37.5,38.1,35.0,36.8,37.0,37.4,37.5,39.1,40.0,40.0,40.0,,SOC10
2015,3131,IT operations technicians,105.0,37.0,36.0,30.3,35.0,35.0,36.0,37.0,37.5,,37.5,38.5,40.0,SOC10
2015,3132,IT user support technicians,141.0,37.5,36.9,35.0,35.0,36.4,37.0,37.0,37.5,37.6,38.7,39.6,41.0,SOC10
2015,3213,Paramedics,22.0,39.2,39.5,36.5,37.5,37.5,38.1,38.7,40.9,42.1,42.6,44.4,,SOC10
2015,3216,Dispensing opticians,,37.5,35.4,,,,35.4,37.5,37.5,,,,,SOC10
2015,3217,Pharmaceutical technicians,23.0,37.5,33.8,21.7,26.5,30.0,31.7,36.4,37.5,37.5,37.8,39.0,,SOC10
2015,3218,Medical and dental technicians,27.0,37.5,34.1,21.0,27.6,30.0,35.0,37.0,37.5,37.5,,37.5,,SOC10
2015,3219,Health associate professionals n.e.c.,8.0,37.5,32.0,,,,,37.2,37.5,37.5,,,,SOC10
2015,3231,Youth and community workers,82.0,35.7,29.3,,18.8,21.5,24.1,33.0,37.0,37.0,,37.0,37.5,SOC10
2015,3233,Child and early years officers,35.0,35.0,30.5,,22.0,27.7,30.0,34.0,36.4,37.0,,37.0,,SOC10
2015,3234,Housing officers,43.0,36.9,34.3,22.1,30.9,35.0,35.0,36.0,37.0,,37.0,37.0,,SOC10
2015,3235,Counsellors,15.0,24.0,24.6,,14.5,15.0,16.1,20.9,30.0,35.0,35.0,37.0,,SOC10
2015,3239,Welfare and housing associate professionals n.e.c.,94.0,35.0,29.9,12.4,19.9,21.6,25.0,34.9,36.9,37.0,37.0,37.4,38.0,SOC10
2015,3311,NCOs and other ranks,,,,,,,,,,,,,,SOC10
2015,3312,Police officers (sergeant and below),249.0,40.0,41.8,39.9,,,,40.0,40.8,41.9,42.8,44.3,46.9,SOC10
2015,3313,Fire service officers (watch manager and below),53.0,42.0,38.9,,42.0,42.0,,42.0,42.1,42.5,42.7,43.1,,SOC10
2015,3314,Prison service officers (below principal officer),49.0,39.0,38.4,,37.0,,37.0,,,,39.0,40.0,,SOC10
2015,3315,Police community support officers,17.0,37.0,36.7,32.1,36.4,,37.0,,37.0,37.1,39.8,,,SOC10
2015,3319,Protective service associate professionals n.e.c.,21.0,37.5,38.6,35.0,36.0,36.5,37.0,37.0,38.9,40.0,41.0,42.0,,SOC10
2015,3411,Artists,5.0,37.5,35.1,,,33.3,35.5,37.3,37.5,38.6,,,,SOC10
2015,3412,"Authors, writers and translators",15.0,35.0,30.3,,,,34.6,,36.1,37.0,37.5,,,SOC10
2015,3413,"Actors, entertainers and presenters",,,28.2,,,,,,,,,,,SOC10
2015,3414,Dancers and choreographers,,,23.9,,,,,,,,,,,SOC10
2015,3415,Musicians,5.0,,26.3,,,,,,35.0,,,,,SOC10
2015,3416,"Arts officers, producers and directors",21.0,36.6,33.6,,32.8,,35.0,35.0,37.5,37.5,38.6,40.0,,SOC10
2015,3417,"Photographers, audio-visual and broadcasting equipment operators",23.0,37.5,34.8,,33.3,35.0,35.0,36.8,37.5,39.0,40.0,,,SOC10
2015,3421,Graphic designers,41.0,37.5,36.9,34.6,35.0,36.2,37.0,37.5,37.5,39.0,40.0,40.0,,SOC10
2015,3422,"Product, clothing and related designers",27.0,37.5,36.5,25.1,35.0,35.6,37.3,37.5,38.8,40.0,40.0,40.0,,SOC10
2015,3441,Sports players,11.0,34.8,24.7,,,,,,,35.7,37.2,,,SOC10
2015,3442,"Sports coaches, instructors and officials",47.0,,19.2,,3.4,4.1,4.7,,,35.0,36.2,37.0,,SOC10
2015,3443,Fitness instructors,23.0,,22.6,,,,,,30.6,36.6,37.3,38.2,,SOC10
2015,3511,Air traffic controllers,,39.9,38.6,,,,,,,,,,,SOC10
2015,3512,Aircraft pilots and flight engineers,11.0,33.6,32.8,,,,,30.0,37.0,38.1,39.6,,,SOC10
2015,3513,Ship and hovercraft officers,,41.9,44.7,,,,,,,,,,,SOC10
2015,3520,Legal associate professionals,57.0,35.0,34.5,25.7,35.0,,35.0,,36.9,37.0,37.5,37.5,,SOC10
2015,3531,"Estimators, valuers and assessors",49.0,37.0,35.6,22.5,35.0,35.0,35.0,35.9,37.5,38.9,40.0,40.0,,SOC10
2015,3532,Brokers,14.0,36.1,37.0,,,35.0,,35.0,37.5,40.0,41.1,,,SOC10
2015,3533,Insurance underwriters,21.0,35.0,34.5,30.1,35.0,,35.0,,,,35.0,36.0,,SOC10
2015,3534,Finance and investment analysts and advisers,116.0,35.0,35.2,32.4,35.0,,35.0,35.0,36.4,37.4,37.5,37.5,40.0,SOC10
2015,3535,Taxation experts,19.0,37.0,34.7,29.1,35.0,,35.0,35.0,37.0,37.5,37.5,,,SOC10
2015,3536,Importers and exporters,,37.1,35.3,,,,,,37.5,,,,,SOC10
2015,3537,Financial and accounting technicians,29.0,36.8,34.1,22.6,30.0,33.1,35.0,35.0,37.3,37.5,37.5,37.6,,SOC10
2015,3538,Financial accounts managers,121.0,35.0,34.8,27.6,34.9,35.0,,35.0,37.0,37.5,37.5,37.5,40.0,SOC10
2015,3539,Business and related associate professionals n.e.c.,151.0,37.0,35.3,25.8,35.0,35.0,35.0,36.9,37.3,37.5,37.5,37.6,40.0,SOC10
2015,3541,Buyers and procurement officers,56.0,37.4,36.4,32.0,35.0,36.0,36.8,37.0,37.5,37.5,38.7,39.1,,SOC10
2015,3542,Business sales executives,223.0,37.5,37.2,32.2,36.0,37.0,37.4,37.5,38.9,40.0,40.0,40.0,42.7,SOC10
2015,3543,Marketing associate professionals,140.0,37.0,35.3,28.0,35.0,,35.0,36.2,37.5,,37.5,37.6,40.0,SOC10
2015,3544,Estate agents and auctioneers,19.0,37.5,33.6,14.5,20.0,24.0,31.6,37.0,40.0,40.3,41.3,42.5,,SOC10
2015,3545,Sales accounts and business development managers,514.0,37.5,37.5,35.0,35.0,36.1,36.9,37.4,37.5,39.1,40.0,40.0,40.0,SOC10
2015,3546,Conference and exhibition managers and organisers,34.0,36.5,32.3,,26.5,31.7,35.0,35.0,37.3,37.5,37.5,39.5,,SOC10
2015,3550,Conservation and environmental associate professionals,8.0,37.0,36.6,,36.9,37.0,,37.0,37.0,37.0,,,,SOC10
2015,3561,Public services associate professionals,121.0,37.0,34.8,24.0,32.0,35.0,35.0,36.0,37.0,37.0,37.0,37.5,41.0,SOC10
2015,3562,Human resources and industrial relations officers,143.0,37.5,36.8,30.0,35.0,35.0,36.8,37.0,37.5,39.8,40.0,40.0,42.5,SOC10
2015,3563,Vocational and industrial trainers and instructors,113.0,37.0,34.6,22.5,33.1,35.0,35.0,36.3,37.1,37.5,37.5,37.9,40.0,SOC10
2015,3564,Careers advisers and vocational guidance specialists,19.0,35.0,25.2,,,,,,35.0,36.2,,,,SOC10
2015,3565,Inspectors of standards and regulations,20.0,37.0,34.6,,32.0,,35.0,36.0,37.0,37.2,37.5,38.9,,SOC10
2015,3567,Health and safety officers,27.0,37.0,36.7,32.0,35.9,36.1,36.8,37.0,37.5,37.5,39.0,40.0,,SOC10
2015,4112,National government administrative occupations,180.0,37.0,34.7,22.2,29.5,32.0,35.0,36.9,37.0,37.0,37.0,39.8,42.0,SOC10
2015,4113,Local government administrative occupations,84.0,37.0,33.0,19.7,28.1,30.1,34.4,36.0,37.0,37.0,,37.0,37.5,SOC10
2015,4114,Officers of non-governmental organisations,12.0,34.0,27.1,,,,,29.9,35.0,35.0,36.9,37.0,,SOC10
2015,4121,Credit controllers,30.0,36.8,33.6,20.0,30.0,34.1,35.0,35.0,37.4,37.5,37.5,37.5,,SOC10
2015,4122,"Book-keepers, payroll managers and wages clerks",283.0,36.1,31.3,15.0,21.7,25.0,29.9,35.0,37.1,37.5,,37.5,40.0,SOC10
2015,4123,Bank and post office clerks,109.0,35.0,30.9,17.0,22.2,27.0,30.0,34.9,,35.0,35.0,35.3,37.4,SOC10
2015,4124,Finance officers,21.0,36.1,32.7,19.3,30.0,31.4,34.1,35.0,36.8,37.0,37.0,37.4,,SOC10
2015,4129,Financial administrative occupations n.e.c.,128.0,35.0,31.0,15.9,22.0,24.1,27.7,34.5,36.8,37.3,37.5,37.5,40.0,SOC10
2015,4131,Records clerks and assistants,139.0,37.0,33.0,19.9,26.0,29.6,30.4,35.0,37.5,37.5,37.5,37.6,40.0,SOC10
2015,4132,Pensions and insurance clerks and assistants,40.0,35.0,34.7,25.9,35.0,35.0,35.0,,36.2,37.4,37.5,37.5,,SOC10
2015,4133,Stock control clerks and assistants,77.0,37.5,36.7,23.0,35.0,36.2,37.0,37.5,39.1,40.0,40.0,41.2,44.4,SOC10
2015,4134,Transport and distribution clerks and assistants,51.0,37.5,37.9,29.9,35.5,36.9,37.0,37.5,39.8,40.0,40.2,41.0,45.0,SOC10
2015,4135,Library clerks and assistants,29.0,21.1,23.2,6.4,14.3,15.9,18.0,19.5,26.0,33.6,35.0,36.0,,SOC10
2015,4138,Human resources administrative occupations,25.0,35.0,31.0,17.3,21.6,24.0,26.8,32.0,36.2,37.0,37.4,37.5,,SOC10
2015,4151,Sales administrators,75.0,37.5,34.5,21.0,30.0,34.9,35.0,37.0,37.5,38.3,39.9,40.0,40.5,SOC10
2015,4159,Other administrative occupations n.e.c.,1008.0,35.0,29.6,11.0,18.0,20.5,23.0,30.0,36.9,37.4,37.5,37.5,40.0,SOC10
2015,4161,Office managers,174.0,37.4,35.6,25.4,32.9,35.0,35.0,37.0,37.5,38.6,39.9,40.0,41.0,SOC10
2015,4162,Office supervisors,29.0,37.0,35.7,26.1,33.3,35.0,35.0,36.8,37.5,38.0,38.9,39.8,,SOC10
2015,4211,Medical secretaries,46.0,30.7,29.7,17.4,20.9,22.5,24.0,29.8,36.6,37.5,37.5,37.5,,SOC10
2015,4212,Legal secretaries,29.0,35.0,31.1,19.7,21.9,24.8,28.0,35.0,,35.0,36.2,37.0,,SOC10
2015,4213,School secretaries,25.0,33.4,29.8,15.0,21.9,24.3,27.5,30.1,35.0,36.8,37.0,37.0,,SOC10
2015,4214,Company secretaries,19.0,20.0,22.5,7.4,10.3,13.8,14.9,16.1,21.6,32.0,36.1,37.5,,SOC10
2015,4215,Personal assistants and other secretaries,245.0,34.9,28.2,10.1,16.0,18.7,20.9,28.0,35.0,37.0,37.1,37.5,38.7,SOC10
2015,4216,Receptionists,257.0,28.8,28.2,14.5,18.6,20.5,22.1,25.0,32.8,36.2,37.4,37.5,40.0,SOC10
2015,4217,Typists and related keyboard occupations,30.0,35.3,31.4,15.7,20.9,23.5,27.5,33.2,37.0,37.5,37.5,37.5,,SOC10
2015,5111,Farmers,7.0,40.0,39.4,,,,36.4,39.0,40.7,,,,,SOC10
2015,5112,Horticultural trades,,40.0,41.4,,,,,39.6,,,,,,SOC10
2015,5113,Gardeners and landscape gardeners,48.0,37.0,34.6,,32.3,35.0,36.0,37.0,37.7,39.9,,40.0,,SOC10
2015,5114,Groundsmen and greenkeepers,44.0,39.8,38.1,30.9,36.9,37.0,37.2,38.9,,40.0,40.4,41.5,,SOC10
2015,5119,Agricultural and fishing trades n.e.c.,9.0,40.0,39.5,,37.0,37.0,37.7,39.0,40.0,40.4,,,,SOC10
2015,5211,Smiths and forge workers,,39.2,42.4,,,,,,,,,,,SOC10
2015,5212,"Moulders, core makers and die casters",,40.6,44.5,,,,,,,,,,,SOC10
2015,5213,Sheet metal workers,12.0,41.5,42.3,,37.0,37.5,39.0,40.0,44.0,45.5,46.9,,,SOC10
2015,5214,"Metal plate workers, and riveters",6.0,39.5,42.5,,,37.0,37.4,38.0,42.0,,,,,SOC10
2015,5215,Welding trades,48.0,42.5,44.3,37.0,38.3,39.0,39.5,40.0,44.1,46.3,47.5,49.6,,SOC10
2015,5216,Pipe fitters,,45.7,49.2,,,,,43.0,47.5,,,,,SOC10
2015,5221,Metal machining setters and setter-operators,63.0,40.0,41.7,36.9,37.2,37.5,38.0,39.0,41.7,43.5,44.4,46.1,,SOC10
2015,5222,"Tool makers, tool fitters and markers-out",10.0,40.2,39.7,,37.5,38.0,38.1,39.0,41.3,43.1,44.3,,,SOC10
2015,5223,Metal working production and maintenance fitters,335.0,40.0,42.0,36.9,37.5,37.5,38.6,39.9,42.0,43.9,45.0,46.4,50.8,SOC10
2015,5224,Precision instrument makers and repairers,12.0,39.0,39.4,,37.0,37.4,37.5,38.0,40.0,40.2,40.8,,,SOC10
2015,5225,Air-conditioning and refrigeration engineers,7.0,44.5,44.8,,40.0,,40.0,41.0,46.5,49.4,,,,SOC10
2015,5231,"Vehicle technicians, mechanics and electricians",124.0,40.8,41.6,36.8,38.6,39.3,40.0,40.0,42.5,44.3,45.0,45.9,49.0,SOC10
2015,5232,Vehicle body builders and repairers,23.0,40.5,40.6,37.0,39.0,39.2,39.9,40.0,41.6,43.0,43.6,44.8,,SOC10
2015,5234,Vehicle paint technicians,10.0,40.0,42.7,,39.3,39.9,39.9,40.0,41.9,43.2,44.0,,,SOC10
2015,5235,Aircraft maintenance and related trades,14.0,39.9,40.5,36.0,,37.0,37.2,37.5,,,42.0,43.5,,SOC10
2015,5236,Boat and ship builders and repairers,,40.0,40.4,,,,37.4,39.6,43.1,,,,,SOC10
2015,5237,Rail and rolling stock builders and repairers,,37.9,39.4,,,,35.1,,38.9,,,,,SOC10
2015,5241,Electricians and electrical fitters,137.0,40.0,41.6,36.9,37.5,37.5,38.2,39.9,41.5,43.4,45.0,46.1,50.0,SOC10
2015,5242,Telecommunications engineers,38.0,37.6,38.7,,,36.0,36.3,37.4,39.1,40.0,41.0,41.7,,SOC10
2015,5244,"TV, video and audio engineers",7.0,40.0,39.1,,37.4,37.4,37.5,37.7,40.0,,,,,SOC10
2015,5245,IT engineers,16.0,37.5,37.0,,36.9,37.0,37.4,37.5,38.4,40.0,40.0,,,SOC10
2015,5249,Electrical and electronic trades n.e.c.,135.0,40.0,40.9,36.9,37.4,37.5,37.5,38.9,40.0,42.0,43.2,44.4,48.2,SOC10
2015,5250,"Skilled metal, electrical and electronic trades supervisors",47.0,40.0,41.5,37.0,37.5,37.9,38.5,39.0,40.6,42.8,44.1,45.9,,SOC10
2015,5311,Steel erectors,6.0,40.6,43.3,,,,39.0,40.0,43.5,46.7,,,,SOC10
2015,5312,Bricklayers and masons,20.0,40.0,41.0,36.7,37.0,,39.0,,40.0,42.0,42.5,44.4,,SOC10
2015,5313,"Roofers, roof tilers and slaters",13.0,40.0,40.0,34.1,38.0,38.5,,39.0,,40.1,42.5,,,SOC10
2015,5314,Plumbers and heating and ventilating engineers,57.0,40.0,39.9,36.0,37.0,37.4,37.7,39.0,40.0,41.0,42.0,42.9,,SOC10
2015,5315,Carpenters and joiners,79.0,40.0,41.8,37.0,37.5,38.8,39.0,40.0,41.0,42.9,44.7,45.1,50.3,SOC10
2015,5316,"Glaziers, window fabricators and fitters",24.0,40.5,42.3,37.7,39.5,,,40.0,42.5,43.6,44.7,45.2,,SOC10
2015,5319,Construction and building trades n.e.c.,32.0,39.8,38.6,24.9,36.1,37.0,37.5,38.9,40.0,40.1,42.5,43.4,,SOC10
2015,5321,Plasterers,9.0,39.8,39.2,,37.0,37.5,,39.0,,,,,,SOC10
2015,5322,Floorers and wall tilers,9.0,40.0,41.4,,37.5,38.3,39.0,,40.6,42.5,,,,SOC10
2015,5323,Painters and decorators,28.0,40.0,39.7,34.6,37.0,37.5,38.3,39.0,40.0,42.0,43.2,44.9,,SOC10
2015,5330,Construction and building trades supervisors,41.0,40.0,43.4,37.0,38.0,39.5,40.0,40.0,43.7,45.0,46.4,48.0,,SOC10
2015,5411,Weavers and knitters,,39.9,42.0,,,,,,,,,,,SOC10
2015,5412,Upholsterers,8.0,39.1,37.8,,32.6,37.2,37.6,38.8,,40.0,,,,SOC10
2015,5413,Footwear and leather working trades,7.0,39.0,37.4,,,37.2,37.5,38.9,39.1,40.0,,,,SOC10
2015,5414,Tailors and dressmakers,,35.5,31.1,,,,,,,,,,,SOC10
2015,5419,"Textiles, garments and related trades n.e.c.",,36.1,35.5,,,,,,,,,,,SOC10
2015,5421,Pre-press technicians,,38.3,40.1,,,,37.5,37.5,39.9,,,,,SOC10
2015,5422,Printers,20.0,39.2,39.7,36.0,36.8,37.2,37.5,37.5,40.0,40.5,41.5,42.5,,SOC10
2015,5423,Print finishing and binding workers,14.0,39.0,36.6,,32.3,35.9,37.5,37.5,40.0,40.8,41.3,,,SOC10
2015,5431,Butchers,32.0,40.0,38.2,20.4,34.4,37.1,38.8,39.6,40.0,42.8,43.9,45.0,,SOC10
2015,5432,Bakers and flour confectioners,29.0,39.0,37.4,21.5,33.2,36.1,36.5,38.0,39.4,40.4,42.4,44.0,,SOC10
2015,5433,Fishmongers and poultry dressers,6.0,37.0,33.8,,,,,,40.0,,,,,SOC10
2015,5434,Chefs,230.0,40.0,37.9,23.0,30.0,32.8,35.0,38.0,40.0,42.9,44.9,45.8,49.4,SOC10
2015,5435,Cooks,71.0,26.1,26.9,14.0,18.4,20.0,22.1,24.0,29.5,31.9,33.9,36.0,40.0,SOC10
2015,5436,Catering and bar managers,63.0,38.5,36.8,21.0,30.0,32.5,34.5,37.0,40.0,40.0,42.0,44.9,,SOC10
2015,5441,"Glass and ceramics makers, decorators and finishers",,39.0,36.7,,,,,38.1,40.0,,,,,SOC10
2015,5442,Furniture makers and other craft woodworkers,16.0,40.0,39.1,30.5,37.2,37.5,38.7,39.9,40.0,40.0,40.9,,,SOC10
2015,5443,Florists,6.0,,24.0,,,,,16.0,,,,,,SOC10
2015,5449,Other skilled trades n.e.c.,19.0,39.0,39.3,30.7,36.0,37.0,37.3,38.4,40.0,40.0,40.6,43.6,,SOC10
2015,6121,Nursery nurses and assistants,183.0,32.0,29.0,12.8,17.5,20.0,22.4,27.6,35.0,37.3,38.0,39.9,40.8,SOC10
2015,6122,Childminders and related occupations,27.0,28.9,27.5,9.8,15.4,17.0,19.7,24.0,30.9,34.0,36.8,40.0,,SOC10
2015,6123,Playworkers,42.0,13.2,15.7,,6.3,7.2,8.2,10.5,15.4,20.1,22.7,25.8,,SOC10
2015,6125,Teaching assistants,330.0,27.7,25.9,12.3,17.9,20.0,22.5,25.8,30.0,32.1,32.5,32.6,36.2,SOC10
2015,6126,Educational support assistants,148.0,27.5,25.9,11.9,17.6,20.0,22.0,25.0,29.9,32.0,32.5,34.8,37.0,SOC10
2015,6131,Veterinary nurses,12.0,38.0,34.2,16.6,25.5,28.1,32.0,37.1,39.8,40.0,40.1,,,SOC10
2015,6132,Pest control officers,,37.5,38.1,,,,37.0,37.0,37.8,,,,,SOC10
2015,6139,Animal care services occupations n.e.c.,27.0,32.7,29.8,,17.3,20.0,22.0,29.4,37.0,39.0,40.0,40.0,,SOC10
2015,6141,Nursing auxiliaries and assistants,389.0,34.6,31.2,14.9,21.0,23.0,25.5,30.0,37.5,37.5,37.5,37.5,42.1,SOC10
2015,6142,Ambulance staff (excluding paramedics),19.0,38.3,38.1,24.5,31.0,37.4,37.5,37.5,39.7,42.0,43.8,45.4,,SOC10
2015,6143,Dental nurses,39.0,33.6,31.0,18.0,22.3,23.2,24.9,30.0,36.2,37.5,38.1,39.2,,SOC10
2015,6144,Houseparents and residential wardens,18.0,36.8,33.6,18.4,24.2,28.7,30.9,35.0,37.0,37.5,38.0,39.3,,SOC10
2015,6145,Care workers and home carers,797.0,30.8,29.7,10.3,17.0,20.0,22.0,26.8,35.0,37.4,38.0,39.9,44.9,SOC10
2015,6146,Senior care workers,58.0,37.0,35.7,20.0,26.3,29.4,30.8,35.0,37.6,40.1,41.8,43.9,48.0,SOC10
2015,6147,Care escorts,11.0,16.0,17.7,,10.0,10.3,14.2,15.0,17.5,20.0,,,,SOC10
2015,6148,"Undertakers, mortuary and crematorium assistants",11.0,38.2,33.0,,,,28.2,37.0,39.7,40.0,40.6,,,SOC10
2015,6211,Sports and leisure assistants,73.0,23.5,24.2,4.0,7.3,9.7,12.5,17.5,31.7,37.0,37.5,39.0,40.8,SOC10
2015,6212,Travel agents,31.0,37.4,32.6,18.2,22.5,25.8,29.9,35.0,37.5,,37.5,39.1,,SOC10
2015,6214,Air travel assistants,44.0,30.1,28.4,15.0,18.7,20.6,22.3,25.8,31.3,37.3,37.4,37.5,,SOC10
2015,6215,Rail travel assistants,23.0,38.1,38.3,35.0,,35.1,36.1,37.1,39.9,41.0,41.6,42.5,,SOC10
2015,6219,Leisure and travel service occupations n.e.c.,19.0,,19.1,1.9,,,,,22.3,30.0,30.7,36.1,,SOC10
2015,6221,Hairdressers and barbers,59.0,24.7,26.8,14.7,16.0,17.0,18.5,22.2,31.6,35.9,37.3,38.3,,SOC10
2015,6222,Beauticians and related occupations,31.0,28.9,28.1,15.0,16.0,18.2,20.3,23.8,33.6,37.5,38.0,39.0,,SOC10
2015,6231,Housekeepers and related occupations,36.0,28.3,27.8,12.1,16.0,18.2,20.1,24.8,31.4,36.8,37.5,37.5,,SOC10
2015,6232,Caretakers,70.0,36.8,31.8,12.0,20.0,25.0,30.0,35.0,37.0,37.5,38.2,39.6,42.4,SOC10
2015,6240,Cleaning and housekeeping managers and supervisors,48.0,35.0,32.3,15.5,20.0,23.0,25.4,30.5,37.5,39.8,40.0,40.0,,SOC10
2015,7111,Sales and retail assistants,1146.0,24.0,25.0,8.5,13.5,15.5,16.3,20.0,28.9,34.0,36.5,37.5,40.0,SOC10
2015,7112,Retail cashiers and check-out operators,179.0,21.1,22.5,9.0,12.0,13.6,15.3,17.9,25.1,28.7,30.3,32.9,38.9,SOC10
2015,7113,Telephone salespersons,24.0,37.5,34.5,18.0,29.5,34.0,35.0,36.4,38.0,39.9,40.0,40.0,,SOC10
2015,7114,Pharmacy and other dispensing assistants,56.0,29.0,28.0,15.0,18.1,20.0,21.9,25.3,31.9,36.7,37.4,37.5,39.4,SOC10
2015,7115,Vehicle and parts salespersons and advisers,10.0,42.5,41.7,37.1,39.6,40.0,40.0,41.4,43.4,44.8,45.0,45.0,,SOC10
2015,7121,Collector salespersons and credit agents,,38.4,34.0,,,,,,,,,,,SOC10
2015,7122,"Debt, rent and other cash collectors",16.0,37.0,36.4,27.2,35.0,36.9,37.0,37.0,37.5,38.5,39.9,40.0,,SOC10
2015,7123,Roundspersons and van salespersons,5.0,40.0,39.6,,35.0,36.5,38.2,39.0,40.3,43.3,,,,SOC10
2015,7124,Market and street traders and assistants,,,25.0,,,,,,,,,,,SOC10
2015,7125,Merchandisers and window dressers,22.0,34.9,27.2,7.7,10.5,15.9,20.0,24.6,36.4,37.5,38.3,39.0,,SOC10
2015,7129,Sales related occupations n.e.c.,30.0,37.0,31.3,9.7,16.8,22.2,25.0,35.0,37.5,39.9,40.0,40.0,,SOC10
2015,7130,Sales supervisors,90.0,38.5,36.4,23.6,32.8,35.0,36.5,37.4,39.0,40.0,40.1,41.5,43.2,SOC10
2015,7211,Call and contact centre occupations,52.0,37.0,33.7,20.0,27.2,30.0,33.8,35.7,37.5,37.9,39.0,39.9,40.4,SOC10
2015,7213,Telephonists,11.0,34.0,30.4,,18.7,21.5,23.0,27.2,37.0,37.5,37.9,39.8,,SOC10
2015,7214,Communication operators,13.0,37.0,35.5,20.2,30.1,33.3,35.0,36.9,37.5,40.0,40.7,41.0,,SOC10
2015,7215,Market research interviewers,9.0,20.4,20.2,,,,,18.6,23.3,25.9,28.6,,,SOC10
2015,7219,Customer service occupations n.e.c.,330.0,35.0,31.5,16.0,21.0,24.0,27.7,34.5,37.0,37.5,37.5,38.5,40.0,SOC10
2015,7220,Customer service managers and supervisors,67.0,37.5,36.6,29.6,35.0,35.0,36.1,37.0,37.5,38.7,39.9,40.0,41.8,SOC10
2015,8111,"Food, drink and tobacco process operatives",155.0,40.0,39.3,25.5,34.6,36.5,37.4,38.8,40.3,42.4,44.0,45.1,50.0,SOC10
2015,8112,Glass and ceramics process operatives,7.0,41.9,42.2,,37.6,38.9,39.5,40.0,43.4,45.4,46.6,,,SOC10
2015,8113,Textile process operatives,11.0,39.0,38.5,27.5,33.5,35.0,37.0,37.5,39.1,40.0,41.0,,,SOC10
2015,8114,Chemical and related process operatives,25.0,39.8,40.6,36.0,37.4,37.5,37.5,38.7,40.0,42.0,43.8,44.7,,SOC10
2015,8115,Rubber process operatives,,37.5,38.2,,,,36.4,37.0,39.6,,,,,SOC10
2015,8116,Plastics process operatives,14.0,40.0,42.3,36.0,38.0,38.3,39.0,40.0,42.0,43.1,46.0,48.0,,SOC10
2015,8117,Metal making and treating process operatives,10.0,40.0,40.7,32.8,37.3,37.7,38.2,39.5,41.5,42.0,42.5,,,SOC10
2015,8118,Electroplaters,6.0,39.9,41.6,,,,38.0,39.0,41.0,42.4,,,,SOC10
2015,8119,Process operatives n.e.c.,10.0,40.0,43.9,,38.6,39.0,39.0,40.0,41.7,45.1,48.0,,,SOC10
2015,8121,Paper and wood machine operatives,24.0,40.0,39.2,29.4,36.5,37.3,37.5,39.0,40.0,42.3,43.0,45.0,,SOC10
2015,8122,Coal mine operatives,,44.0,46.0,,,,,,47.5,,,,,SOC10
2015,8123,Quarry workers and related operatives,4.0,46.5,46.7,,,,38.8,40.3,48.0,,,,,SOC10
2015,8124,Energy plant operatives,7.0,38.9,38.9,,,37.0,37.0,37.0,39.2,40.0,,,,SOC10
2015,8125,Metal working machine operatives,21.0,39.0,40.2,33.0,37.0,37.4,37.5,38.6,40.3,42.0,43.0,43.9,,SOC10
2015,8126,Water and sewerage plant operatives,11.0,38.6,41.0,36.6,,37.0,37.0,37.7,40.3,44.7,45.0,,,SOC10
2015,8127,Printing machine assistants,20.0,37.9,38.9,32.1,36.0,36.5,37.2,37.5,39.9,40.0,41.8,42.9,,SOC10
2015,8129,Plant and machine operatives n.e.c.,16.0,40.0,40.4,30.0,37.0,37.4,37.6,39.0,41.2,42.4,43.8,45.4,,SOC10
2015,8131,Assemblers (electrical and electronic products),17.0,39.9,40.2,34.8,37.5,37.5,37.5,39.0,41.1,42.3,43.5,44.1,,SOC10
2015,8132,Assemblers (vehicles and metal goods),53.0,39.8,40.7,36.0,37.0,37.3,37.5,38.9,40.5,42.0,43.0,43.7,47.8,SOC10
2015,8133,Routine inspectors and testers,56.0,39.0,38.8,32.9,36.6,37.0,37.4,37.5,40.0,40.4,42.0,42.8,45.9,SOC10
2015,8134,"Weighers, graders and sorters",6.0,38.8,37.8,,,,36.1,37.4,40.9,45.0,,,,SOC10
2015,8135,"Tyre, exhaust and windscreen fitters",15.0,44.0,43.2,35.6,40.0,40.1,41.4,43.2,44.8,45.8,46.5,47.0,,SOC10
2015,8137,Sewing machinists,22.0,37.5,35.0,19.2,28.1,30.2,33.1,36.1,,39.0,40.0,40.0,,SOC10
2015,8139,Assemblers and routine operatives n.e.c.,84.0,39.8,39.7,35.0,37.3,37.5,38.0,39.0,40.0,41.7,42.3,43.8,46.9,SOC10
2015,8141,"Scaffolders, stagers and riggers",16.0,40.0,41.6,34.8,38.9,,39.0,,40.7,45.0,46.0,47.0,,SOC10
2015,8142,Road construction operatives,21.0,44.2,45.2,36.9,38.5,39.2,40.0,40.5,47.0,49.7,50.0,51.0,,SOC10
2015,8143,Rail construction and maintenance operatives,12.0,41.1,42.3,34.9,35.0,35.7,37.5,40.0,43.7,46.2,47.4,49.2,,SOC10
2015,8149,Construction operatives n.e.c.,93.0,40.0,38.9,22.7,35.0,37.0,37.0,39.0,40.1,42.5,43.9,45.0,50.9,SOC10
2015,8211,Large goods vehicle drivers,206.0,48.0,49.0,37.5,40.0,41.0,43.2,46.0,50.0,53.8,56.0,58.3,63.3,SOC10
2015,8212,Van drivers,289.0,40.0,39.0,18.5,29.1,34.0,37.0,39.9,42.8,45.0,46.8,48.0,52.7,SOC10
2015,8213,Bus and coach drivers,128.0,41.4,41.7,24.0,37.1,38.0,38.7,40.0,44.3,46.8,48.0,49.8,55.5,SOC10
2015,8214,Taxi and cab drivers and chauffeurs,17.0,35.5,31.3,12.5,16.6,20.0,22.5,28.4,37.5,40.0,40.6,42.5,,SOC10
2015,8215,Driving instructors,,36.7,37.5,,,,,,37.9,,,,,SOC10
2015,8221,Crane drivers,10.0,47.8,49.6,38.9,40.0,41.7,42.0,43.8,50.0,51.3,53.9,,,SOC10
2015,8222,Fork-lift truck drivers,28.0,42.4,43.2,35.0,37.6,38.8,39.1,40.0,44.5,46.0,48.0,49.2,,SOC10
2015,8223,Agricultural machinery drivers,,50.1,52.5,,,,47.7,48.7,54.1,,,,,SOC10
2015,8229,Mobile machine drivers and operatives n.e.c.,41.0,45.0,46.9,37.5,39.0,40.0,40.0,42.0,46.9,48.5,51.0,53.1,,SOC10
2015,8231,Train and tram drivers,26.0,36.4,38.4,,,,35.0,35.2,37.8,39.8,40.1,41.4,,SOC10
2015,8232,Marine and waterways transport operatives,,42.0,45.7,,,,,40.0,,,,,,SOC10
2015,8233,Air transport operatives,11.0,39.5,40.1,,37.3,37.4,37.5,38.7,40.0,42.2,43.3,46.1,,SOC10
2015,8234,Rail transport operatives,9.0,41.6,41.9,,35.0,36.2,37.7,39.7,43.1,44.5,45.5,,,SOC10
2015,8239,Other drivers and transport operatives n.e.c.,7.0,40.0,39.2,,,37.4,37.6,39.9,40.7,43.0,44.7,,,SOC10
2015,9111,Farm workers,35.0,40.0,38.8,14.8,24.9,30.6,36.3,39.0,42.5,46.0,47.3,50.0,,SOC10
2015,9112,Forestry workers,,37.1,36.9,,,,,,39.0,39.9,,,,SOC10
2015,9119,Fishing and other elementary agriculture occupations n.e.c.,18.0,39.0,37.8,18.3,29.6,32.0,35.9,37.6,40.0,42.2,43.6,45.1,,SOC10
2015,9120,Elementary construction occupations,59.0,40.0,40.8,30.0,37.1,,39.0,,42.1,45.0,45.0,46.5,50.4,SOC10
2015,9132,Industrial cleaning process occupations,18.0,37.2,32.7,12.1,16.3,18.5,23.8,32.0,38.8,40.6,42.3,44.0,,SOC10
2015,9134,"Packers, bottlers, canners and fillers",119.0,39.5,38.2,24.0,33.0,36.0,37.4,38.5,40.0,41.9,42.8,44.5,48.7,SOC10
2015,9139,Elementary process plant occupations n.e.c.,117.0,39.8,39.2,28.9,36.2,37.0,37.5,38.8,40.1,42.5,44.0,45.0,48.9,SOC10
2015,9211,"Postal workers, mail sorters, messengers and couriers",140.0,39.0,34.8,17.1,28.0,31.3,34.2,38.8,39.0,39.3,40.0,40.6,46.0,SOC10
2015,9219,Elementary administration occupations n.e.c.,33.0,33.6,28.8,8.6,15.5,17.4,20.3,27.5,36.2,37.5,38.2,39.9,,SOC10
2015,9231,Window cleaners,,35.1,32.3,,,,,,36.6,,,,,SOC10
2015,9232,Street cleaners,5.0,37.0,36.2,,36.0,36.0,36.3,37.0,37.0,37.9,38.6,,,SOC10
2015,9233,Cleaners and domestics,642.0,17.7,20.8,7.4,10.0,11.0,12.5,15.0,20.7,25.7,29.6,32.5,39.0,SOC10
2015,9234,"Launderers, dry cleaners and pressers",19.0,33.2,31.2,16.0,20.0,21.1,24.8,29.9,37.4,38.9,39.1,40.0,,SOC10
2015,9235,Refuse and salvage occupations,24.0,38.6,39.8,35.8,37.0,,37.0,37.1,40.0,41.2,42.3,44.0,,SOC10
2015,9236,Vehicle valeters and cleaners,13.0,40.0,35.5,,21.2,23.9,27.2,39.7,41.0,42.7,43.9,45.0,,SOC10
2015,9239,Elementary cleaning occupations n.e.c.,,37.0,32.4,,,,,,,,,,,SOC10
2015,9241,Security guards and related occupations,124.0,41.9,42.0,20.7,34.6,36.4,37.0,39.9,45.0,48.5,51.5,54.1,60.0,SOC10
2015,9242,Parking and civil enforcement occupations,14.0,37.0,35.6,,34.9,35.0,36.0,37.0,37.5,40.0,41.6,42.3,,SOC10
2015,9244,School midday and crossing patrol occupations,107.0,6.7,8.6,3.7,5.0,5.0,5.6,6.2,7.5,8.3,9.1,10.0,,SOC10
2015,9249,Elementary security occupations n.e.c.,14.0,24.5,24.7,5.2,9.2,10.6,,18.5,32.5,37.0,37.0,37.1,,SOC10
2015,9251,Shelf fillers,84.0,24.5,25.4,12.0,15.0,16.1,18.3,20.7,28.4,32.0,34.5,36.5,39.0,SOC10
2015,9259,Elementary sales occupations n.e.c.,11.0,21.6,23.4,12.0,14.8,16.0,16.6,19.4,24.7,29.7,30.5,34.4,,SOC10
2015,9260,Elementary storage occupations,578.0,40.0,39.2,26.0,36.0,37.0,37.5,38.9,40.0,42.3,43.5,45.0,49.0,SOC10
2015,9271,Hospital porters,6.0,37.5,35.0,,33.3,36.8,37.5,37.5,37.5,37.5,37.6,,,SOC10
2015,9272,Kitchen and catering assistants,519.0,24.0,24.7,8.0,12.5,14.9,16.1,20.0,28.3,32.5,35.0,37.0,41.4,SOC10
2015,9273,Waiters and waitresses,181.0,17.0,19.7,4.8,7.5,8.8,10.1,13.8,21.8,25.8,29.4,32.4,39.7,SOC10
2015,9274,Bar staff,179.0,17.5,20.7,5.3,8.5,10.0,11.5,15.0,22.5,27.5,30.0,33.5,40.0,SOC10
2015,9275,Leisure and theme park attendants,24.0,,15.8,1.8,2.6,2.9,3.5,,16.1,22.5,27.5,30.0,,SOC10
2015,9279,Other elementary services occupations n.e.c.,13.0,29.8,28.6,,,,21.8,25.0,35.8,39.8,40.0,40.4,,SOC10
2016,1115,Chief executives and senior officials,68.0,35.0,34.7,30.1,35.0,,,,36.9,37.4,37.5,37.5,,SOC10
2016,1116,Elected officers and representatives,6.0,,26.0,,,,,,35.2,37.0,,,,SOC10
2016,1121,Production managers and directors in manufacturing,557.0,37.5,36.8,27.1,35.0,36.2,37.0,37.5,38.9,40.0,40.0,40.0,43.6,SOC10
2016,1122,Production managers and directors in construction,102.0,40.0,39.5,34.8,37.0,37.5,37.5,39.0,40.0,41.4,42.5,44.0,47.3,SOC10
2016,1123,Production managers and directors in mining and energy,7.0,38.1,40.8,,,37.0,37.4,37.5,39.8,40.0,,,,SOC10
2016,1131,Financial managers and directors,292.0,36.8,34.5,24.4,35.0,35.0,35.0,35.0,37.4,37.5,37.5,38.1,40.0,SOC10
2016,1132,Marketing and sales directors,180.0,37.5,36.1,32.1,,35.0,36.1,37.0,37.5,38.6,39.9,40.0,40.0,SOC10
2016,1133,Purchasing managers and directors,63.0,37.5,37.4,34.9,35.6,36.2,36.9,37.0,37.5,37.5,38.8,39.9,,SOC10
2016,1134,Advertising and public relations directors,10.0,37.1,36.5,,,35.0,35.1,36.1,37.5,,,,,SOC10
2016,1135,Human resource managers and directors,119.0,37.0,35.2,28.0,34.9,35.0,35.0,36.2,37.4,37.5,,37.5,40.0,SOC10
2016,1136,Information technology and telecommunications directors,35.0,37.3,34.7,,35.0,35.0,35.0,36.3,37.5,,,37.5,,SOC10
2016,1139,Functional managers and directors n.e.c.,62.0,36.8,33.0,15.1,28.0,34.2,35.0,35.0,37.0,37.5,37.5,37.9,,SOC10
2016,1150,Financial institution managers and directors,78.0,35.0,34.9,32.2,34.9,35.0,,,35.0,,35.0,36.2,37.6,SOC10
2016,1161,Managers and directors in transport and distribution,71.0,40.0,39.8,35.0,37.0,37.5,37.5,39.0,40.0,42.0,43.2,44.1,46.6,SOC10
2016,1162,Managers and directors in storage and warehousing,132.0,39.8,39.4,35.0,37.0,37.5,37.5,38.7,40.0,40.0,40.3,42.5,46.2,SOC10
2016,1171,Officers in armed forces,,,,,,,,,,,,,,SOC10
2016,1172,Senior police officers,9.0,40.0,40.8,,,,,40.0,40.0,40.0,,,,SOC10
2016,1173,"Senior officers in fire, ambulance, prison and related services",9.0,40.0,38.9,,,,37.0,37.5,41.6,,,,,SOC10
2016,1181,Health services and public health managers and directors,44.0,37.5,35.9,28.0,35.1,37.0,37.4,,37.5,,37.5,37.6,,SOC10
2016,1184,Social services managers and directors,18.0,37.0,35.8,30.0,34.9,35.0,35.0,36.2,37.0,37.1,37.5,37.5,,SOC10
2016,1190,Managers and directors in retail and wholesale,332.0,39.0,38.4,30.5,36.0,36.8,37.5,37.9,40.0,40.0,41.0,42.5,45.0,SOC10
2016,1211,Managers and proprietors in agriculture and horticulture,12.0,40.0,38.4,,35.6,36.9,37.5,39.0,40.0,41.8,45.3,,,SOC10
2016,1213,"Managers and proprietors in forestry, fishing and related services",,37.0,32.5,,,,,,,,,,,SOC10
2016,1221,Hotel and accommodation managers and proprietors,19.0,40.0,37.7,,35.9,37.1,37.5,39.1,40.0,40.0,40.5,42.1,,SOC10
2016,1223,Restaurant and catering establishment managers and proprietors,52.0,40.0,39.2,23.9,35.2,37.0,37.5,39.8,40.5,44.9,45.0,48.0,,SOC10
2016,1224,Publicans and managers of licensed premises,11.0,40.0,38.5,20.0,27.6,32.4,36.8,38.6,42.8,45.0,45.5,,,SOC10
2016,1225,Leisure and sports managers,38.0,37.5,36.5,25.9,35.0,35.0,36.1,37.0,39.7,40.0,40.0,40.0,,SOC10
2016,1226,Travel agency managers and proprietors,,37.4,37.0,,,,37.4,37.4,37.4,,,,,SOC10
2016,1241,Health care practice managers,17.0,36.8,32.6,19.4,24.0,26.9,29.7,33.7,37.0,,37.5,38.9,,SOC10
2016,1242,"Residential, day and domiciliary  care managers and proprietors",44.0,37.4,37.3,27.3,35.0,35.0,36.1,37.0,37.9,40.0,,40.0,,SOC10
2016,1251,"Property, housing and estate managers",107.0,37.0,35.7,25.0,35.0,,35.0,36.9,37.5,37.5,39.5,40.0,40.5,SOC10
2016,1252,Garage managers and proprietors,8.0,40.0,38.8,,37.3,38.2,39.1,39.9,40.0,41.9,,,,SOC10
2016,1253,Hairdressing and beauty salon managers and proprietors,,39.8,37.1,,,,37.1,38.8,40.0,,,,,SOC10
2016,1254,Shopkeepers and proprietors – wholesale and retail,6.0,38.4,33.8,,,,,36.5,39.9,,,,,SOC10
2016,1255,Waste disposal and environmental services managers,6.0,39.4,39.0,,,37.0,37.0,38.0,40.0,,,,,SOC10
2016,1259,Managers and proprietors in other services n.e.c.,71.0,37.5,36.9,29.2,35.0,35.5,36.1,37.0,37.5,38.8,39.9,40.0,,SOC10
2016,2111,Chemical scientists,12.0,37.4,37.5,,35.0,36.1,36.9,37.0,37.5,37.6,39.0,,,SOC10
2016,2112,Biological scientists and biochemists,61.0,37.5,35.6,24.0,35.0,36.0,37.0,,37.5,,37.5,38.2,,SOC10
2016,2113,Physical scientists,16.0,37.4,37.4,34.6,36.6,,37.0,37.0,37.5,37.5,37.6,,,SOC10
2016,2114,Social and humanities scientists,6.0,37.0,35.5,,,35.8,36.4,37.0,37.5,,,,,SOC10
2016,2119,Natural and social science professionals n.e.c.,49.0,37.0,35.8,33.7,,35.0,35.9,36.3,37.0,37.4,37.5,37.5,,SOC10
2016,2121,Civil engineers,50.0,37.5,39.2,35.0,37.0,37.0,37.4,,39.9,40.0,40.0,41.9,,SOC10
2016,2122,Mechanical engineers,38.0,37.5,38.2,36.0,36.9,37.0,37.0,37.4,37.5,39.1,40.0,40.0,,SOC10
2016,2123,Electrical engineers,19.0,37.5,39.0,36.0,36.9,37.0,37.0,37.5,38.2,39.1,40.0,40.1,,SOC10
2016,2124,Electronics engineers,6.0,37.5,40.0,,35.0,,36.4,37.3,37.8,,,,,SOC10
2016,2126,Design and development engineers,78.0,37.5,37.6,35.0,36.9,37.0,37.0,37.4,37.5,38.1,39.0,39.8,40.2,SOC10
2016,2127,Production and process engineers,42.0,37.5,38.4,35.0,36.8,36.9,37.0,37.4,38.5,39.4,40.0,40.0,,SOC10
2016,2129,Engineering professionals n.e.c.,151.0,37.5,38.5,35.3,36.9,37.0,37.0,37.4,38.0,39.8,40.0,40.0,43.0,SOC10
2016,2133,IT specialist managers,162.0,37.4,37.4,35.0,35.0,36.0,36.8,37.0,37.5,37.5,38.2,39.9,40.0,SOC10
2016,2134,IT project and programme managers,20.0,36.9,35.6,32.5,,35.0,,35.0,37.0,37.5,,,,SOC10
2016,2135,"IT business analysts, architects and systems designers",104.0,37.4,37.2,35.0,35.0,36.0,36.9,37.0,37.5,37.5,37.9,39.8,40.0,SOC10
2016,2136,Programmers and software development professionals,216.0,37.5,37.0,35.0,36.2,37.0,37.0,37.5,,37.5,38.9,39.9,40.0,SOC10
2016,2137,Web design and development professionals,41.0,37.5,36.6,35.0,35.0,36.0,36.8,37.4,,37.5,37.6,39.1,,SOC10
2016,2139,Information technology and telecommunications professionals n.e.c.,92.0,37.5,36.4,34.9,36.0,36.7,37.0,37.4,37.5,38.6,39.9,40.0,,SOC10
2016,2141,Conservation professionals,11.0,37.0,35.3,,35.0,35.0,35.4,37.0,37.0,37.5,,,,SOC10
2016,2142,Environment professionals,35.0,37.0,36.8,35.0,36.0,36.9,37.0,37.0,37.3,37.5,37.6,39.8,,SOC10
2016,2150,Research and development managers,51.0,37.3,36.8,33.8,,35.0,36.2,37.0,37.5,37.7,39.0,40.0,,SOC10
2016,2211,Medical practitioners,247.0,40.0,36.3,20.0,32.3,36.0,37.5,39.8,40.0,40.0,40.0,40.0,43.5,SOC10
2016,2212,Psychologists,26.0,37.0,31.7,17.0,22.5,25.5,30.0,35.0,37.5,37.5,37.5,37.5,,SOC10
2016,2213,Pharmacists,52.0,37.5,33.7,16.1,25.4,29.5,30.3,36.0,37.5,39.4,40.0,40.0,,SOC10
2016,2214,Ophthalmic opticians,13.0,37.4,29.0,,,,,31.4,,37.5,37.5,,,SOC10
2016,2215,Dental practitioners,11.0,35.0,29.7,,,,,31.6,37.1,38.9,40.0,,,SOC10
2016,2216,Veterinarians,16.0,39.3,33.2,,21.1,24.7,26.6,36.8,40.0,40.0,40.0,40.0,,SOC10
2016,2217,Medical radiographers,38.0,37.5,34.2,18.8,24.0,30.0,30.1,,37.5,37.5,38.2,39.2,,SOC10
2016,2218,Podiatrists,7.0,37.5,30.0,,,,24.0,30.1,,37.5,,,,SOC10
2016,2219,Health professionals n.e.c.,33.0,37.5,32.9,17.6,24.1,29.2,30.0,37.2,37.5,37.5,37.5,37.5,,SOC10
2016,2221,Physiotherapists,50.0,37.5,32.1,18.0,23.0,25.7,28.4,37.3,37.5,37.5,37.5,37.5,,SOC10
2016,2222,Occupational therapists,33.0,37.0,31.5,20.0,22.5,23.0,27.0,32.6,37.5,37.5,37.5,37.5,,SOC10
2016,2223,Speech and language therapists,13.0,31.9,29.5,15.0,19.6,21.6,22.5,26.2,37.5,37.5,37.5,,,SOC10
2016,2229,Therapy professionals n.e.c.,15.0,33.9,29.5,15.0,22.4,22.5,23.8,29.8,37.0,,37.5,,,SOC10
2016,2231,Nurses,923.0,37.5,31.5,15.0,22.5,24.0,28.0,32.6,37.5,37.5,37.5,37.5,39.3,SOC10
2016,2232,Midwives,54.0,31.1,30.1,16.0,22.5,23.0,24.0,30.0,35.1,,37.5,37.5,,SOC10
2016,2311,Higher education teaching professionals,161.0,35.0,30.9,10.0,25.9,30.1,35.0,,36.2,36.9,37.0,37.0,37.0,SOC10
2016,2312,Further education teaching professionals,130.0,35.0,29.2,10.3,18.9,22.3,25.9,34.2,36.1,37.0,37.0,37.0,37.0,SOC10
2016,2314,Secondary education teaching professionals,464.0,32.4,29.0,17.7,24.2,25.1,27.3,30.3,32.5,32.5,32.5,33.2,36.9,SOC10
2016,2315,Primary and nursery education teaching professionals,433.0,32.4,27.5,13.7,19.7,24.2,25.0,27.5,32.4,32.5,32.5,32.5,35.0,SOC10
2016,2316,Special needs education teaching professionals,35.0,32.4,28.4,13.0,22.2,24.3,26.0,30.1,32.5,33.5,35.0,35.0,,SOC10
2016,2317,Senior professionals of educational establishments,99.0,32.5,32.3,25.0,27.6,30.2,32.4,32.5,35.0,35.8,36.5,37.0,37.1,SOC10
2016,2318,Education advisers and school inspectors,17.0,36.0,32.0,18.0,22.0,30.6,32.5,35.0,36.8,37.0,37.0,,,SOC10
2016,2319,Teaching and other educational professionals n.e.c.,91.0,24.8,22.7,2.8,5.5,7.2,10.4,18.3,32.4,35.0,36.0,37.0,38.0,SOC10
2016,2412,Barristers and judges,9.0,37.0,38.6,,30.7,35.0,35.0,36.1,,,,,,SOC10
2016,2413,Solicitors,86.0,35.0,33.8,28.0,33.7,34.9,35.0,35.0,35.0,35.9,36.3,37.0,,SOC10
2016,2419,Legal professionals n.e.c.,43.0,35.0,34.5,28.0,34.9,,35.0,,35.4,37.0,37.0,37.5,,SOC10
2016,2421,Chartered and certified accountants,86.0,37.0,34.7,25.7,34.9,35.0,35.0,36.0,37.5,37.5,,37.5,,SOC10
2016,2423,Management consultants and business analysts,163.0,37.0,35.8,32.2,35.0,,35.0,36.8,37.5,,,37.5,40.0,SOC10
2016,2424,Business and financial project management professionals,228.0,37.3,36.4,32.6,35.0,,35.0,37.0,37.5,,37.5,39.1,40.0,SOC10
2016,2425,"Actuaries, economists and statisticians",23.0,37.0,36.4,34.9,35.0,,35.0,36.1,37.4,37.5,,37.5,,SOC10
2016,2426,Business and related research professionals,97.0,36.4,34.1,23.9,35.0,35.0,35.0,35.0,37.0,37.0,37.4,37.5,37.5,SOC10
2016,2429,"Business, research and administrative professionals n.e.c.",57.0,37.0,34.8,25.0,34.0,35.0,36.0,36.1,,,37.0,37.0,,SOC10
2016,2431,Architects,36.0,37.5,36.6,32.6,35.9,36.7,37.3,37.5,37.5,39.2,,40.0,,SOC10
2016,2432,Town planning officers,7.0,36.1,33.8,,,35.0,35.0,36.0,37.0,,,,,SOC10
2016,2433,Quantity surveyors,34.0,37.5,38.2,35.0,37.3,37.5,37.5,,39.1,40.0,40.0,40.0,,SOC10
2016,2434,Chartered surveyors,66.0,37.5,37.2,35.0,35.0,36.1,36.9,37.0,37.5,39.6,40.0,40.0,,SOC10
2016,2435,Chartered architectural technologists,,37.5,37.0,,,,,37.3,37.5,,,,,SOC10
2016,2436,Construction project managers and related professionals,20.0,40.0,38.9,32.0,36.0,37.0,37.4,37.5,40.0,40.4,43.3,45.0,,SOC10
2016,2442,Social workers,104.0,36.9,33.4,21.0,30.0,33.8,35.0,36.0,37.0,,,37.0,37.5,SOC10
2016,2443,Probation officers,,37.0,34.0,,,,,,,,,,,SOC10
2016,2444,Clergy,38.0,36.1,31.3,16.0,20.0,22.5,25.8,35.0,37.0,37.5,39.8,,,SOC10
2016,2449,Welfare professionals n.e.c.,14.0,35.0,32.4,20.4,25.2,29.7,30.0,32.2,37.0,,,,,SOC10
2016,2451,Librarians,16.0,35.0,30.7,,21.0,22.7,30.0,34.2,36.0,,37.0,,,SOC10
2016,2452,Archivists and curators,10.0,35.0,31.6,,22.7,23.9,27.4,34.9,36.0,37.0,37.0,,,SOC10
2016,2461,Quality control and planning engineers,40.0,37.5,37.7,35.0,36.8,36.9,37.0,37.3,37.5,38.3,38.9,39.9,,SOC10
2016,2462,Quality assurance and regulatory professionals,79.0,37.3,36.8,34.9,35.0,35.0,36.0,37.0,37.5,37.5,38.6,39.8,,SOC10
2016,2463,Environmental health professionals,9.0,37.0,35.0,,33.6,35.9,36.0,,37.0,,,,,SOC10
2016,2471,"Journalists, newspaper and periodical editors",50.0,35.0,34.7,27.3,34.9,35.0,35.0,,37.4,,37.5,37.8,,SOC10
2016,2472,Public relations professionals,33.0,37.0,34.7,22.3,34.9,35.0,35.0,36.2,37.5,37.5,,37.5,,SOC10
2016,2473,Advertising accounts managers and creative directors,23.0,37.5,35.5,31.9,,35.0,35.0,35.9,37.5,,37.5,39.0,,SOC10
2016,3111,Laboratory technicians,62.0,37.4,34.6,21.2,30.1,35.0,35.6,37.0,37.5,37.5,37.7,38.8,,SOC10
2016,3112,Electrical and electronics technicians,11.0,38.6,38.3,,36.8,37.0,37.0,37.5,39.9,40.0,40.9,,,SOC10
2016,3113,Engineering technicians,81.0,38.7,39.5,35.9,37.0,37.0,37.4,37.5,40.0,41.0,41.8,42.1,45.5,SOC10
2016,3114,Building and civil engineering technicians,,37.5,38.9,,,,37.0,37.5,40.0,,,,,SOC10
2016,3115,Quality assurance technicians,29.0,37.5,38.3,35.0,36.9,37.0,37.0,37.5,37.8,39.9,40.0,40.0,,SOC10
2016,3116,"Planning, process and production technicians",32.0,37.5,38.4,35.0,36.8,37.0,37.0,37.5,38.8,39.9,40.0,40.0,,SOC10
2016,3119,"Science, engineering and production technicians n.e.c.",132.0,38.3,38.4,33.8,36.2,36.9,37.0,37.5,39.9,40.1,41.2,42.4,45.6,SOC10
2016,3121,Architectural and town planning technicians,15.0,37.5,37.5,35.0,36.2,36.8,37.0,37.4,,37.5,40.0,,,SOC10
2016,3122,Draughtspersons,32.0,37.5,38.3,35.0,37.0,37.0,37.4,37.5,38.6,39.9,40.0,40.0,,SOC10
2016,3131,IT operations technicians,112.0,37.4,36.3,31.2,35.0,36.0,36.8,37.0,37.5,37.5,38.2,39.1,40.0,SOC10
2016,3132,IT user support technicians,134.0,37.4,36.9,34.9,35.0,36.2,36.9,37.0,,37.5,38.2,39.4,40.1,SOC10
2016,3213,Paramedics,18.0,39.5,39.6,30.5,37.5,37.5,37.7,38.6,40.6,42.2,43.8,45.6,,SOC10
2016,3216,Dispensing opticians,,37.5,36.2,,,,37.3,,37.5,38.4,,,,SOC10
2016,3217,Pharmaceutical technicians,24.0,37.5,33.4,19.6,26.0,29.0,30.1,36.9,37.5,37.5,38.2,39.0,,SOC10
2016,3218,Medical and dental technicians,28.0,37.5,34.4,22.4,29.0,31.6,35.0,37.5,37.5,37.5,37.5,38.2,,SOC10
2016,3219,Health associate professionals n.e.c.,11.0,37.0,28.7,,,,,29.0,37.5,37.5,,,,SOC10
2016,3231,Youth and community workers,85.0,35.0,28.7,8.3,18.4,20.0,22.5,30.0,36.9,37.0,37.0,37.0,37.5,SOC10
2016,3233,Child and early years officers,34.0,36.0,31.7,17.2,25.3,28.2,31.1,35.0,36.9,37.0,,37.0,,SOC10
2016,3234,Housing officers,42.0,36.9,33.9,21.0,32.3,35.0,35.0,36.0,37.0,37.0,,37.0,,SOC10
2016,3235,Counsellors,14.0,22.5,24.8,11.3,14.5,15.0,16.0,20.9,30.0,,35.0,,,SOC10
2016,3239,Welfare and housing associate professionals n.e.c.,93.0,35.0,29.7,12.0,20.0,21.0,24.0,32.0,36.8,37.0,37.0,37.4,37.7,SOC10
2016,3311,NCOs and other ranks,,,,,,,,,,,,,,SOC10
2016,3312,Police officers (sergeant and below),242.0,40.6,43.0,39.9,,40.0,40.0,40.0,41.8,42.9,44.5,46.0,50.2,SOC10
2016,3313,Fire service officers (watch manager and below),53.0,42.1,40.9,37.5,42.0,,42.0,42.0,42.4,43.7,44.1,44.4,,SOC10
2016,3314,Prison service officers (below principal officer),47.0,39.0,38.4,37.0,,,37.0,37.1,,39.0,39.2,40.0,,SOC10
2016,3315,Police community support officers,16.0,37.0,36.0,35.0,,,36.0,37.0,37.0,,,,,SOC10
2016,3319,Protective service associate professionals n.e.c.,19.0,37.5,38.4,28.0,36.3,37.0,37.0,37.4,39.8,41.0,42.0,,,SOC10
2016,3411,Artists,6.0,37.5,36.2,,,36.2,37.0,37.5,38.7,39.9,,,,SOC10
2016,3412,"Authors, writers and translators",16.0,35.0,31.5,,,,34.9,35.0,36.9,37.5,37.5,,,SOC10
2016,3413,"Actors, entertainers and presenters",,,24.4,,,,,,,,,,,SOC10
2016,3414,Dancers and choreographers,,,,,,,,,,,,,,SOC10
2016,3415,Musicians,,,24.7,,,,,,,,,,,SOC10
2016,3416,"Arts officers, producers and directors",19.0,37.0,35.0,,,35.0,35.0,35.9,37.5,38.3,39.8,,,SOC10
2016,3417,"Photographers, audio-visual and broadcasting equipment operators",22.0,37.9,35.9,,35.0,35.0,35.7,37.2,40.0,40.0,40.0,40.5,,SOC10
2016,3421,Graphic designers,44.0,37.5,35.9,27.6,35.0,36.2,37.0,37.4,37.5,38.6,39.8,40.0,,SOC10
2016,3422,"Product, clothing and related designers",26.0,37.5,37.4,33.2,35.8,36.8,37.4,37.5,38.8,40.0,40.0,40.0,,SOC10
2016,3441,Sports players,11.0,35.0,28.3,,,,,,37.1,37.5,39.1,,,SOC10
2016,3442,"Sports coaches, instructors and officials",42.0,,18.6,1.5,2.8,3.4,,,,35.0,36.2,37.0,,SOC10
2016,3443,Fitness instructors,16.0,,23.6,,,,,,35.0,36.5,37.2,,,SOC10
2016,3511,Air traffic controllers,,39.9,38.4,,,,,,,,,,,SOC10
2016,3512,Aircraft pilots and flight engineers,8.0,37.3,35.5,,,,30.1,37.0,38.6,40.0,,,,SOC10
2016,3513,Ship and hovercraft officers,,,45.8,,,,,,,,,,,SOC10
2016,3520,Legal associate professionals,58.0,35.0,35.3,30.0,35.0,35.0,35.0,,36.3,37.0,37.5,37.5,,SOC10
2016,3531,"Estimators, valuers and assessors",45.0,37.4,35.9,27.4,35.0,35.0,35.0,36.8,37.5,38.8,40.0,40.0,,SOC10
2016,3532,Brokers,11.0,35.0,34.6,,29.2,34.9,35.0,,37.0,38.5,,,,SOC10
2016,3533,Insurance underwriters,21.0,35.0,35.2,32.2,34.9,35.0,35.0,35.0,,35.0,35.9,37.0,,SOC10
2016,3534,Finance and investment analysts and advisers,113.0,35.0,35.3,32.2,35.0,,35.0,,36.7,37.5,,37.5,40.0,SOC10
2016,3535,Taxation experts,12.0,37.0,35.7,30.1,35.0,,35.0,36.3,37.4,37.5,,,,SOC10
2016,3536,Importers and exporters,,37.5,36.7,,,,,,,,,,,SOC10
2016,3537,Financial and accounting technicians,28.0,36.2,33.5,21.4,29.3,31.9,34.9,35.0,37.0,37.5,37.5,37.5,,SOC10
2016,3538,Financial accounts managers,117.0,35.0,34.8,27.2,33.4,34.9,35.0,35.0,37.0,37.5,37.5,37.8,40.0,SOC10
2016,3539,Business and related associate professionals n.e.c.,161.0,37.0,35.5,28.0,35.0,35.0,35.0,36.8,37.4,37.5,37.5,37.7,40.0,SOC10
2016,3541,Buyers and procurement officers,51.0,37.4,36.5,34.1,35.0,36.0,36.7,37.0,37.5,37.5,38.6,39.1,,SOC10
2016,3542,Business sales executives,220.0,37.5,37.8,34.5,36.8,37.0,37.4,37.5,39.1,40.0,40.0,40.0,43.1,SOC10
2016,3543,Marketing associate professionals,142.0,37.0,34.9,24.1,34.9,35.0,35.0,36.0,37.5,,37.5,38.1,40.0,SOC10
2016,3544,Estate agents and auctioneers,20.0,37.5,32.5,,21.4,23.6,28.8,35.0,37.9,40.0,40.0,41.1,,SOC10
2016,3545,Sales accounts and business development managers,515.0,37.5,37.4,35.0,35.0,36.1,36.9,37.4,37.5,39.0,39.9,40.0,40.0,SOC10
2016,3546,Conference and exhibition managers and organisers,36.0,36.5,32.3,,24.9,32.2,35.0,35.0,37.5,37.5,39.0,39.9,,SOC10
2016,3550,Conservation and environmental associate professionals,7.0,37.0,36.1,,36.0,36.1,36.9,37.0,37.0,37.0,,,,SOC10
2016,3561,Public services associate professionals,139.0,37.0,35.1,24.5,33.8,35.0,36.0,36.8,37.0,37.0,37.0,37.5,41.0,SOC10
2016,3562,Human resources and industrial relations officers,144.0,37.3,36.5,30.0,35.0,35.0,36.0,37.0,37.5,38.0,39.9,40.0,40.7,SOC10
2016,3563,Vocational and industrial trainers and instructors,118.0,37.0,34.9,24.0,34.7,35.0,35.0,36.8,37.4,37.5,37.5,38.0,40.0,SOC10
2016,3564,Careers advisers and vocational guidance specialists,20.0,,20.8,,,,,,35.0,36.0,36.2,,,SOC10
2016,3565,Inspectors of standards and regulations,17.0,37.0,35.5,23.5,35.0,35.0,36.1,37.0,37.0,37.3,37.5,38.9,,SOC10
2016,3567,Health and safety officers,28.0,37.2,36.2,27.9,36.0,36.2,36.9,37.0,37.5,37.7,38.8,40.0,,SOC10
2016,4112,National government administrative occupations,172.0,37.0,35.0,22.2,29.6,32.9,36.0,37.0,37.0,37.0,37.5,41.0,42.0,SOC10
2016,4113,Local government administrative occupations,78.0,37.0,33.2,18.6,28.0,30.9,34.8,36.0,37.0,37.0,37.0,37.0,37.6,SOC10
2016,4114,Officers of non-governmental organisations,11.0,30.0,25.0,,,,,24.5,35.0,35.0,36.3,,,SOC10
2016,4121,Credit controllers,26.0,36.9,33.5,20.2,27.9,32.0,35.0,35.0,37.1,37.5,,37.5,,SOC10
2016,4122,"Book-keepers, payroll managers and wages clerks",276.0,35.8,31.2,14.9,21.0,24.0,28.0,35.0,37.0,37.5,,37.5,40.0,SOC10
2016,4123,Bank and post office clerks,96.0,35.0,31.1,18.0,22.6,27.0,30.0,34.9,,35.0,35.0,35.6,37.5,SOC10
2016,4124,Finance officers,20.0,36.0,32.6,21.3,28.6,30.1,33.7,35.0,36.9,37.0,37.0,37.5,,SOC10
2016,4129,Financial administrative occupations n.e.c.,117.0,35.0,31.5,16.5,22.0,25.0,29.9,35.0,36.9,37.4,37.5,37.5,40.0,SOC10
2016,4131,Records clerks and assistants,136.0,37.0,33.0,19.6,25.9,30.0,30.4,35.0,37.5,37.5,37.5,37.7,40.0,SOC10
2016,4132,Pensions and insurance clerks and assistants,38.0,35.2,35.2,27.6,34.9,,35.0,35.0,37.0,37.5,,37.5,,SOC10
2016,4133,Stock control clerks and assistants,77.0,37.5,37.0,26.1,35.0,36.1,36.8,37.5,39.0,40.0,40.0,40.7,44.7,SOC10
2016,4134,Transport and distribution clerks and assistants,58.0,38.6,38.2,30.1,36.0,37.0,37.0,37.5,40.0,40.0,40.7,41.9,45.0,SOC10
2016,4135,Library clerks and assistants,27.0,24.6,23.8,,14.3,16.4,18.3,20.0,26.4,33.9,35.0,36.0,,SOC10
2016,4138,Human resources administrative occupations,19.0,36.7,33.8,21.6,30.1,32.0,35.0,35.0,37.0,37.5,37.5,37.5,,SOC10
2016,4151,Sales administrators,79.0,37.5,34.2,20.0,29.8,32.2,35.0,36.5,37.5,37.5,39.0,40.0,40.0,SOC10
2016,4159,Other administrative occupations n.e.c.,936.0,35.0,28.9,9.4,16.6,20.0,22.1,28.9,36.3,37.0,37.5,37.5,40.0,SOC10
2016,4161,Office managers,180.0,37.4,35.6,23.9,32.5,35.0,35.0,36.9,37.5,38.0,39.9,40.0,40.7,SOC10
2016,4162,Office supervisors,30.0,37.5,36.4,27.5,32.7,35.0,35.8,37.0,37.5,38.9,39.9,40.0,,SOC10
2016,4211,Medical secretaries,45.0,32.0,30.1,16.7,22.0,23.0,25.0,30.0,36.9,,37.5,37.5,,SOC10
2016,4212,Legal secretaries,29.0,35.0,30.9,19.9,22.8,26.5,28.0,33.8,35.0,35.0,35.3,36.2,,SOC10
2016,4213,School secretaries,22.0,33.5,30.1,16.0,21.6,24.4,27.9,30.5,36.0,36.6,37.0,37.0,,SOC10
2016,4214,Company secretaries,17.0,20.0,22.5,,11.0,13.5,14.9,15.9,21.3,28.5,36.0,37.5,,SOC10
2016,4215,Personal assistants and other secretaries,230.0,34.9,28.2,9.2,16.3,19.5,21.0,28.0,35.0,37.0,37.3,37.5,38.0,SOC10
2016,4216,Receptionists,271.0,30.0,28.8,14.5,18.9,20.8,22.4,25.4,34.6,37.0,37.5,37.6,40.0,SOC10
2016,4217,Typists and related keyboard occupations,26.0,35.7,31.7,17.4,23.5,25.0,29.8,35.0,37.0,37.5,37.5,37.5,,SOC10
2016,5111,Farmers,6.0,41.4,41.5,,,35.5,37.4,39.2,43.3,,,,,SOC10
2016,5112,Horticultural trades,,36.7,36.5,,,,,36.0,38.9,,,,,SOC10
2016,5113,Gardeners and landscape gardeners,47.0,37.5,35.6,19.0,35.0,36.0,36.9,37.0,39.1,,40.0,40.0,,SOC10
2016,5114,Groundsmen and greenkeepers,41.0,39.0,37.2,31.5,36.9,37.0,37.0,37.5,40.0,40.0,40.0,40.2,,SOC10
2016,5119,Agricultural and fishing trades n.e.c.,9.0,39.9,37.7,,37.0,37.0,37.5,39.0,40.0,40.0,,,,SOC10
2016,5211,Smiths and forge workers,,,33.2,,,,,,,,,,,SOC10
2016,5212,"Moulders, core makers and die casters",,39.9,42.5,,,,,,,,,,,SOC10
2016,5213,Sheet metal workers,14.0,41.1,42.4,37.0,38.0,38.7,39.1,40.0,43.5,44.3,45.0,,,SOC10
2016,5214,"Metal plate workers, and riveters",,43.1,44.1,,,,38.3,39.6,44.7,,,,,SOC10
2016,5215,Welding trades,44.0,41.6,42.6,37.0,38.5,39.0,39.5,40.0,43.2,45.0,45.6,46.4,,SOC10
2016,5216,Pipe fitters,,40.6,39.2,,,,,39.0,43.3,,,,,SOC10
2016,5221,Metal machining setters and setter-operators,57.0,40.0,42.1,37.0,37.5,38.0,38.7,39.1,41.3,43.9,45.0,46.5,,SOC10
2016,5222,"Tool makers, tool fitters and markers-out",9.0,40.5,41.1,,,38.0,39.0,39.0,42.2,44.5,,,,SOC10
2016,5223,Metal working production and maintenance fitters,327.0,40.0,41.9,36.6,37.4,37.5,38.0,39.6,41.9,43.8,45.0,46.1,50.5,SOC10
2016,5224,Precision instrument makers and repairers,12.0,38.1,39.4,,37.0,37.0,37.1,37.5,39.0,40.0,40.0,,,SOC10
2016,5225,Air-conditioning and refrigeration engineers,7.0,44.9,45.9,,,40.8,41.4,43.9,47.1,,,,,SOC10
2016,5231,"Vehicle technicians, mechanics and electricians",127.0,41.2,42.0,37.0,39.0,39.9,40.0,40.0,42.5,44.4,45.0,45.9,48.8,SOC10
2016,5232,Vehicle body builders and repairers,23.0,40.0,40.5,36.1,38.0,38.7,39.0,39.9,41.1,43.0,43.5,44.8,,SOC10
2016,5234,Vehicle paint technicians,8.0,40.0,41.7,,,39.9,40.0,,40.6,42.1,,,,SOC10
2016,5235,Aircraft maintenance and related trades,14.0,37.5,40.4,34.9,36.0,36.9,36.9,37.0,39.9,43.2,44.0,45.3,,SOC10
2016,5236,Boat and ship builders and repairers,,42.9,43.7,,,,,,43.4,,,,,SOC10
2016,5237,Rail and rolling stock builders and repairers,,40.9,41.1,,,,,38.4,41.5,,,,,SOC10
2016,5241,Electricians and electrical fitters,138.0,40.0,42.1,36.9,37.4,37.5,38.2,40.0,42.0,44.6,45.5,47.0,51.6,SOC10
2016,5242,Telecommunications engineers,35.0,37.6,39.5,,36.0,36.1,36.2,37.0,39.4,40.4,41.0,42.3,,SOC10
2016,5244,"TV, video and audio engineers",8.0,40.0,35.5,,,36.3,37.3,38.2,40.0,,,,,SOC10
2016,5245,IT engineers,15.0,37.5,37.3,,37.0,37.4,37.4,37.5,38.4,39.8,40.0,,,SOC10
2016,5249,Electrical and electronic trades n.e.c.,124.0,40.0,41.0,36.9,37.5,37.5,37.6,39.1,40.3,42.4,43.5,44.7,48.2,SOC10
2016,5250,"Skilled metal, electrical and electronic trades supervisors",43.0,40.0,41.7,36.9,37.5,38.0,38.8,39.8,41.9,43.0,44.7,45.8,,SOC10
2016,5311,Steel erectors,6.0,45.0,44.4,,,39.0,39.6,41.6,46.9,,,,,SOC10
2016,5312,Bricklayers and masons,17.0,40.0,41.0,37.0,37.0,,39.0,39.5,40.0,41.3,42.5,,,SOC10
2016,5313,"Roofers, roof tilers and slaters",13.0,40.0,39.8,,37.0,37.9,,39.0,40.0,41.8,42.9,,,SOC10
2016,5314,Plumbers and heating and ventilating engineers,55.0,40.0,40.5,36.9,37.0,37.5,38.0,39.5,40.0,41.9,42.5,43.0,,SOC10
2016,5315,Carpenters and joiners,82.0,40.0,41.2,36.1,37.0,38.0,39.0,39.6,40.0,42.2,44.0,45.9,50.0,SOC10
2016,5316,"Glaziers, window fabricators and fitters",23.0,40.0,41.3,37.0,,39.7,,,40.7,42.5,42.8,44.3,,SOC10
2016,5319,Construction and building trades n.e.c.,30.0,40.0,38.6,,37.0,37.5,37.5,39.0,40.0,40.8,41.8,43.8,,SOC10
2016,5321,Plasterers,8.0,39.8,38.1,,37.0,37.0,37.2,39.0,,,,,,SOC10
2016,5322,Floorers and wall tilers,11.0,40.0,40.3,,37.8,39.0,39.2,,40.0,41.3,,,,SOC10
2016,5323,Painters and decorators,24.0,39.6,39.9,35.0,37.0,37.5,38.0,39.0,40.0,41.3,42.5,43.9,,SOC10
2016,5330,Construction and building trades supervisors,45.0,40.0,43.2,36.0,37.5,38.3,39.0,40.0,42.5,45.0,47.1,48.2,,SOC10
2016,5411,Weavers and knitters,,37.7,40.4,,,,,,,,,,,SOC10
2016,5412,Upholsterers,7.0,39.9,40.3,,,36.6,37.5,39.0,40.0,41.1,,,,SOC10
2016,5413,Footwear and leather working trades,7.0,39.0,36.9,,36.1,37.5,38.0,39.0,39.8,,,,,SOC10
2016,5414,Tailors and dressmakers,,38.4,36.3,,,,,,,,,,,SOC10
2016,5419,"Textiles, garments and related trades n.e.c.",,,36.3,,,,,,,,,,,SOC10
2016,5421,Pre-press technicians,,38.9,38.2,,,,37.5,38.0,39.8,,,,,SOC10
2016,5422,Printers,19.0,38.1,38.8,35.9,36.5,37.0,37.3,37.5,40.0,40.0,40.0,41.5,,SOC10
2016,5423,Print finishing and binding workers,16.0,38.2,37.8,,36.1,37.0,37.5,37.5,39.0,40.0,40.5,,,SOC10
2016,5431,Butchers,29.0,40.0,38.8,23.9,36.1,37.1,38.0,39.4,40.4,43.3,44.3,45.0,,SOC10
2016,5432,Bakers and flour confectioners,23.0,39.0,37.2,24.0,32.6,34.7,36.5,37.9,39.8,40.5,41.4,43.0,,SOC10
2016,5433,Fishmongers and poultry dressers,6.0,35.7,33.4,,,,,32.7,38.3,,,,,SOC10
2016,5434,Chefs,241.0,40.0,38.4,22.8,30.1,34.0,35.8,38.0,40.1,43.5,45.0,47.0,50.3,SOC10
2016,5435,Cooks,77.0,27.0,26.9,13.5,17.3,20.0,22.5,24.5,29.9,32.0,34.6,36.0,40.0,SOC10
2016,5436,Catering and bar managers,59.0,38.0,36.3,21.2,30.0,32.6,34.3,36.5,40.0,40.0,41.4,44.2,,SOC10
2016,5441,"Glass and ceramics makers, decorators and finishers",,40.0,40.0,,,,,,,,,,,SOC10
2016,5442,Furniture makers and other craft woodworkers,11.0,40.0,41.5,,39.7,40.0,,40.0,41.3,42.9,44.1,,,SOC10
2016,5443,Florists,,,24.6,,,,,,,,,,,SOC10
2016,5449,Other skilled trades n.e.c.,17.0,39.9,39.3,30.1,35.8,36.9,37.5,38.4,40.0,,40.0,41.4,,SOC10
2016,6121,Nursery nurses and assistants,176.0,32.5,29.6,13.3,18.8,21.0,23.7,29.0,35.9,37.5,39.0,40.0,40.9,SOC10
2016,6122,Childminders and related occupations,24.0,27.6,27.7,,15.0,17.0,19.7,22.9,32.0,35.9,38.4,40.0,,SOC10
2016,6123,Playworkers,40.0,12.7,15.2,2.3,5.0,6.3,7.4,10.0,16.0,20.0,21.7,23.6,,SOC10
2016,6125,Teaching assistants,356.0,27.6,25.8,12.5,18.3,20.0,22.2,25.3,30.0,32.3,32.5,32.6,36.1,SOC10
2016,6126,Educational support assistants,151.0,27.5,25.9,12.5,17.2,20.0,22.1,25.0,30.0,32.2,32.5,34.0,37.0,SOC10
2016,6131,Veterinary nurses,11.0,37.5,34.7,,26.2,27.9,31.1,35.0,39.1,40.0,40.0,40.4,,SOC10
2016,6132,Pest control officers,,39.3,39.6,,,,,,,,,,,SOC10
2016,6139,Animal care services occupations n.e.c.,26.0,34.9,29.5,,16.1,18.4,20.2,27.6,37.5,39.3,40.0,40.0,,SOC10
2016,6141,Nursing auxiliaries and assistants,396.0,35.0,31.3,14.5,20.6,23.0,25.0,30.0,37.5,37.5,37.5,37.6,42.2,SOC10
2016,6142,Ambulance staff (excluding paramedics),16.0,38.6,37.6,,35.7,,37.5,37.5,39.9,41.1,42.0,43.9,,SOC10
2016,6143,Dental nurses,40.0,31.5,29.9,16.0,20.8,22.5,23.4,28.5,35.5,37.5,37.5,38.8,,SOC10
2016,6144,Houseparents and residential wardens,18.0,36.1,33.8,18.5,23.6,27.4,30.1,35.0,37.0,38.5,39.4,40.3,,SOC10
2016,6145,Care workers and home carers,716.0,30.3,29.9,10.0,16.7,19.5,22.0,26.4,35.0,37.3,38.0,39.9,46.2,SOC10
2016,6146,Senior care workers,65.0,37.0,35.8,19.1,26.1,28.5,31.2,35.0,38.1,41.2,42.9,44.7,49.6,SOC10
2016,6147,Care escorts,9.0,17.9,19.4,,13.3,14.7,15.0,16.2,20.0,20.1,22.6,,,SOC10
2016,6148,"Undertakers, mortuary and crematorium assistants",10.0,38.7,33.7,,,25.5,31.9,37.5,39.7,40.0,40.0,,,SOC10
2016,6211,Sports and leisure assistants,60.0,22.5,23.4,4.0,7.5,10.0,12.5,17.1,29.5,36.8,37.0,38.5,40.2,SOC10
2016,6212,Travel agents,30.0,37.5,34.1,19.9,24.6,29.9,31.7,37.4,,37.6,39.5,39.9,,SOC10
2016,6214,Air travel assistants,42.0,30.0,29.2,15.0,20.0,,22.5,27.7,30.1,37.4,37.4,37.5,,SOC10
2016,6215,Rail travel assistants,23.0,38.1,39.1,34.6,35.1,35.9,36.8,37.7,39.5,41.5,42.4,44.0,,SOC10
2016,6219,Leisure and travel service occupations n.e.c.,18.0,17.5,19.0,2.2,3.5,,,,,27.5,32.0,36.0,,SOC10
2016,6221,Hairdressers and barbers,59.0,27.5,27.4,14.7,16.0,18.0,20.0,23.7,32.0,36.5,38.0,39.0,40.0,SOC10
2016,6222,Beauticians and related occupations,33.0,29.9,27.7,14.8,16.0,17.9,20.2,24.0,32.2,36.2,37.4,37.5,,SOC10
2016,6231,Housekeepers and related occupations,37.0,30.0,28.5,12.7,16.4,18.9,20.6,24.7,35.0,37.5,37.5,37.8,,SOC10
2016,6232,Caretakers,70.0,36.9,31.6,10.7,20.0,24.4,28.0,35.0,37.0,37.7,38.8,39.9,42.1,SOC10
2016,6240,Cleaning and housekeeping managers and supervisors,47.0,35.5,32.3,15.0,20.0,23.0,25.1,30.8,37.5,39.8,40.0,40.8,,SOC10
2016,7111,Sales and retail assistants,1124.0,24.0,25.2,8.6,13.3,15.3,16.2,20.0,29.0,34.2,36.5,37.5,40.1,SOC10
2016,7112,Retail cashiers and check-out operators,160.0,20.7,22.0,9.0,12.0,13.4,15.0,17.4,23.9,27.9,30.0,32.5,37.3,SOC10
2016,7113,Telephone salespersons,22.0,37.5,34.9,19.3,29.9,34.8,35.0,36.9,38.6,39.9,40.0,40.0,,SOC10
2016,7114,Pharmacy and other dispensing assistants,61.0,29.6,28.0,15.0,18.0,20.0,21.5,24.6,33.1,37.4,37.5,37.5,39.6,SOC10
2016,7115,Vehicle and parts salespersons and advisers,12.0,42.5,42.0,36.9,39.8,40.0,40.0,42.1,44.8,45.0,45.7,46.7,,SOC10
2016,7121,Collector salespersons and credit agents,,,26.7,,,,,,,,,,,SOC10
2016,7122,"Debt, rent and other cash collectors",15.0,37.0,36.4,28.0,35.0,36.1,36.9,37.0,37.4,39.0,39.8,,,SOC10
2016,7123,Roundspersons and van salespersons,5.0,40.0,39.4,,35.6,37.2,38.1,39.9,40.2,45.7,,,,SOC10
2016,7124,Market and street traders and assistants,,,,,,,,,,,,,,SOC10
2016,7125,Merchandisers and window dressers,19.0,36.3,30.2,,16.5,19.8,24.2,34.3,37.4,,39.0,39.2,,SOC10
2016,7129,Sales related occupations n.e.c.,24.0,37.4,31.3,8.9,15.7,20.3,23.1,35.0,37.7,40.0,40.3,42.0,,SOC10
2016,7130,Sales supervisors,84.0,38.9,37.3,27.8,35.0,36.0,36.5,37.5,39.2,40.0,40.5,41.8,43.6,SOC10
2016,7211,Call and contact centre occupations,50.0,37.0,33.5,20.0,25.6,29.9,31.6,35.0,37.5,37.5,38.7,39.9,40.9,SOC10
2016,7213,Telephonists,12.0,32.5,29.9,16.0,19.9,22.5,24.0,28.8,36.0,37.5,37.9,38.8,,SOC10
2016,7214,Communication operators,11.0,37.0,35.0,18.6,26.9,34.2,35.0,36.5,37.5,37.8,38.9,40.9,,SOC10
2016,7215,Market research interviewers,8.0,18.6,20.3,,,,13.4,16.0,22.3,27.0,27.9,,,SOC10
2016,7219,Customer service occupations n.e.c.,374.0,35.0,31.6,16.0,20.8,23.2,26.3,33.0,37.0,37.5,37.5,38.9,40.5,SOC10
2016,7220,Customer service managers and supervisors,85.0,37.5,36.7,30.0,35.0,35.0,36.1,37.0,37.6,39.0,39.9,40.0,41.7,SOC10
2016,8111,"Food, drink and tobacco process operatives",155.0,40.0,39.1,26.0,34.8,36.8,37.5,38.9,40.0,42.0,43.5,45.3,49.8,SOC10
2016,8112,Glass and ceramics process operatives,6.0,43.5,45.0,,38.7,39.2,41.1,42.1,45.0,47.1,,,,SOC10
2016,8113,Textile process operatives,10.0,39.0,38.6,,35.8,36.3,37.0,37.5,40.0,40.3,41.4,,,SOC10
2016,8114,Chemical and related process operatives,22.0,39.9,41.0,36.0,37.4,37.5,37.5,38.8,40.0,42.0,43.9,44.7,,SOC10
2016,8115,Rubber process operatives,,39.1,39.8,,,,,38.4,40.0,,,,,SOC10
2016,8116,Plastics process operatives,12.0,40.1,42.1,36.0,37.3,38.3,39.0,,42.0,44.5,46.3,,,SOC10
2016,8117,Metal making and treating process operatives,10.0,40.0,40.4,36.8,37.5,37.6,38.0,39.0,41.5,41.9,42.9,,,SOC10
2016,8118,Electroplaters,5.0,40.0,42.3,,37.6,,38.0,39.0,42.0,44.0,,,,SOC10
2016,8119,Process operatives n.e.c.,8.0,42.4,45.3,,39.0,,40.0,41.1,45.0,47.8,49.1,,,SOC10
2016,8121,Paper and wood machine operatives,20.0,40.0,40.9,34.8,37.5,38.1,38.9,39.8,40.0,42.5,44.0,45.7,,SOC10
2016,8122,Coal mine operatives,,45.2,46.4,,,,,,,,,,,SOC10
2016,8123,Quarry workers and related operatives,,47.6,46.8,,,,37.4,43.8,48.5,,,,,SOC10
2016,8124,Energy plant operatives,7.0,38.5,39.0,,36.9,36.9,37.0,37.3,39.8,40.0,40.5,,,SOC10
2016,8125,Metal working machine operatives,21.0,40.0,40.8,34.8,37.4,37.7,38.6,39.0,40.8,42.5,45.1,46.8,,SOC10
2016,8126,Water and sewerage plant operatives,10.0,39.9,41.6,,37.0,37.2,37.5,39.0,40.6,42.0,43.5,,,SOC10
2016,8127,Printing machine assistants,20.0,38.0,39.0,33.4,36.2,37.0,37.4,37.5,39.1,40.1,41.0,42.6,,SOC10
2016,8129,Plant and machine operatives n.e.c.,13.0,39.3,39.9,25.8,36.6,37.0,37.5,38.4,40.0,40.9,42.0,43.2,,SOC10
2016,8131,Assemblers (electrical and electronic products),15.0,40.4,40.6,36.6,37.5,38.0,38.5,39.0,41.6,42.0,42.6,44.1,,SOC10
2016,8132,Assemblers (vehicles and metal goods),63.0,39.1,40.6,36.0,36.9,37.0,37.3,38.4,40.3,41.6,42.5,44.0,47.8,SOC10
2016,8133,Routine inspectors and testers,55.0,38.9,39.2,34.3,36.2,37.0,37.4,37.5,39.9,40.2,41.8,42.7,45.8,SOC10
2016,8134,"Weighers, graders and sorters",5.0,40.0,38.3,,,,,38.6,41.5,43.1,,,,SOC10
2016,8135,"Tyre, exhaust and windscreen fitters",15.0,42.5,41.1,,38.6,39.1,39.9,40.8,44.0,44.5,45.0,45.9,,SOC10
2016,8137,Sewing machinists,20.0,37.5,35.0,22.3,29.2,30.0,32.2,35.0,38.8,39.0,40.0,40.0,,SOC10
2016,8139,Assemblers and routine operatives n.e.c.,82.0,39.9,39.7,35.0,37.4,37.5,37.8,39.0,40.0,41.9,42.4,44.0,47.0,SOC10
2016,8141,"Scaffolders, stagers and riggers",17.0,40.0,42.9,37.5,,39.0,39.5,,41.4,43.0,45.0,48.9,,SOC10
2016,8142,Road construction operatives,22.0,43.8,45.3,36.9,38.1,40.0,40.0,40.9,47.1,49.5,50.1,53.9,,SOC10
2016,8143,Rail construction and maintenance operatives,12.0,39.0,40.0,,,,35.0,37.0,40.9,43.1,45.8,46.4,,SOC10
2016,8149,Construction operatives n.e.c.,103.0,39.9,38.9,22.8,35.0,36.8,37.0,38.2,40.0,42.8,44.5,46.2,50.0,SOC10
2016,8211,Large goods vehicle drivers,219.0,48.0,48.7,37.0,40.0,40.6,42.5,45.0,50.0,52.8,55.0,58.0,64.0,SOC10
2016,8212,Van drivers,283.0,41.2,39.1,17.5,29.4,35.0,37.5,40.0,43.7,45.4,47.0,48.0,53.0,SOC10
2016,8213,Bus and coach drivers,127.0,41.0,41.2,23.9,36.7,38.0,38.5,39.7,43.2,46.6,48.0,50.0,55.5,SOC10
2016,8214,Taxi and cab drivers and chauffeurs,17.0,35.8,30.4,,15.9,16.1,20.0,27.1,37.5,40.0,40.6,41.9,,SOC10
2016,8215,Driving instructors,,37.6,37.5,,,,,37.0,38.7,,,,,SOC10
2016,8221,Crane drivers,8.0,49.0,48.3,,38.9,39.6,40.0,43.8,50.0,53.4,54.0,,,SOC10
2016,8222,Fork-lift truck drivers,28.0,42.0,43.1,35.0,38.3,39.8,40.0,40.4,43.9,45.1,47.0,49.2,,SOC10
2016,8223,Agricultural machinery drivers,,46.3,45.6,,,,,40.3,47.9,,,,,SOC10
2016,8229,Mobile machine drivers and operatives n.e.c.,43.0,44.4,45.3,37.0,38.9,39.0,40.0,41.4,46.4,49.0,51.0,52.4,,SOC10
2016,8231,Train and tram drivers,25.0,38.0,38.9,35.0,35.3,35.7,36.6,38.0,38.3,39.4,39.9,41.5,,SOC10
2016,8232,Marine and waterways transport operatives,,41.9,38.9,,,,,,,,,,,SOC10
2016,8233,Air transport operatives,11.0,40.0,39.6,,,37.4,37.5,37.8,41.5,43.1,44.1,,,SOC10
2016,8234,Rail transport operatives,9.0,43.7,44.6,35.0,38.5,40.0,40.2,42.0,44.8,47.0,48.6,,,SOC10
2016,8239,Other drivers and transport operatives n.e.c.,6.0,39.9,35.3,,,,35.9,38.1,40.0,41.7,,,,SOC10
2016,9111,Farm workers,32.0,40.6,40.8,18.8,31.0,35.4,38.6,39.1,44.0,48.0,49.5,51.5,,SOC10
2016,9112,Forestry workers,,39.5,39.0,,,,36.8,37.0,,,,,,SOC10
2016,9119,Fishing and other elementary agriculture occupations n.e.c.,18.0,39.9,37.8,19.0,32.0,35.4,37.0,39.0,41.0,42.2,43.5,44.4,,SOC10
2016,9120,Elementary construction occupations,60.0,40.3,41.8,35.0,38.8,39.0,40.0,40.0,42.5,45.0,45.5,47.0,52.5,SOC10
2016,9132,Industrial cleaning process occupations,13.0,38.2,36.8,,30.6,35.0,36.6,37.5,39.9,41.1,43.0,44.1,,SOC10
2016,9134,"Packers, bottlers, canners and fillers",103.0,39.0,38.1,23.0,33.7,36.0,37.0,38.0,40.0,41.5,42.3,44.0,48.8,SOC10
2016,9139,Elementary process plant occupations n.e.c.,92.0,40.0,40.0,31.9,37.0,37.5,37.8,39.0,40.0,42.9,44.4,45.9,50.0,SOC10
2016,9211,"Postal workers, mail sorters, messengers and couriers",121.0,39.0,36.3,20.2,30.7,34.0,36.7,39.0,39.0,40.0,40.7,42.2,47.0,SOC10
2016,9219,Elementary administration occupations n.e.c.,26.0,30.0,27.9,8.4,14.1,16.5,18.9,24.0,36.0,37.5,37.5,39.7,,SOC10
2016,9231,Window cleaners,,37.5,35.5,,,,,,,,,,,SOC10
2016,9232,Street cleaners,6.0,37.0,36.1,,36.0,36.1,36.9,37.0,37.0,38.3,38.6,,,SOC10
2016,9233,Cleaners and domestics,577.0,17.5,21.0,6.8,10.0,11.0,12.5,15.0,21.0,26.8,30.0,33.2,39.5,SOC10
2016,9234,"Launderers, dry cleaners and pressers",18.0,31.5,30.2,15.4,17.0,20.0,22.9,27.4,36.5,38.0,39.1,40.0,,SOC10
2016,9235,Refuse and salvage occupations,23.0,39.1,39.8,35.9,37.0,37.0,37.0,37.3,40.0,41.2,42.0,43.6,,SOC10
2016,9236,Vehicle valeters and cleaners,10.0,40.0,35.2,,20.1,,29.5,37.7,41.7,43.7,44.5,45.9,,SOC10
2016,9239,Elementary cleaning occupations n.e.c.,,,31.6,,,,,,,,,,,SOC10
2016,9241,Security guards and related occupations,122.0,41.9,41.8,21.1,35.0,36.9,37.5,40.0,44.6,48.0,49.8,52.9,59.0,SOC10
2016,9242,Parking and civil enforcement occupations,11.0,37.0,32.6,,,29.8,35.0,36.0,37.0,37.5,40.0,41.1,,SOC10
2016,9244,School midday and crossing patrol occupations,103.0,6.7,8.3,3.5,5.0,5.4,5.8,6.3,7.5,7.9,8.8,10.0,,SOC10
2016,9249,Elementary security occupations n.e.c.,11.0,,24.0,,9.4,11.0,12.0,,30.2,37.0,37.0,37.1,,SOC10
2016,9251,Shelf fillers,41.0,24.0,25.4,13.0,16.0,17.5,18.7,21.5,28.2,32.0,34.4,36.5,38.0,SOC10
2016,9259,Elementary sales occupations n.e.c.,7.0,24.0,25.9,,16.0,16.8,19.0,22.3,27.5,30.3,36.5,,,SOC10
2016,9260,Elementary storage occupations,586.0,39.9,39.1,24.5,34.8,36.6,37.5,38.4,40.0,42.0,43.0,44.8,48.5,SOC10
2016,9271,Hospital porters,5.0,37.5,33.9,,,29.2,35.0,,,37.5,37.5,,,SOC10
2016,9272,Kitchen and catering assistants,519.0,23.8,24.9,7.3,12.4,14.5,16.0,19.9,28.2,32.9,35.6,37.5,41.7,SOC10
2016,9273,Waiters and waitresses,197.0,17.7,20.2,5.0,8.0,9.2,10.8,14.8,22.0,26.6,30.0,33.2,39.8,SOC10
2016,9274,Bar staff,161.0,16.8,20.0,5.0,7.8,9.3,10.9,14.0,21.1,26.9,30.0,32.9,39.0,SOC10
2016,9275,Leisure and theme park attendants,21.0,,13.3,1.4,2.3,3.0,3.6,4.8,,,,,,SOC10
2016,9279,Other elementary services occupations n.e.c.,13.0,32.3,27.4,,,,,25.7,35.2,40.0,40.0,40.9,,SOC10
2017,1115,Chief executives and senior officials,82.0,35.9,34.9,30.0,,,,35.0,37.0,37.5,,37.5,,SOC10
2017,1116,Elected officers and representatives,8.0,,23.1,,,,,,,36.8,,,,SOC10
2017,1121,Production managers and directors in manufacturing,487.0,37.5,37.6,33.7,35.1,36.8,37.0,37.5,39.0,40.0,40.0,40.0,43.1,SOC10
2017,1122,Production managers and directors in construction,108.0,40.0,39.6,35.0,37.0,37.1,37.5,38.8,40.0,40.4,42.0,43.4,46.9,SOC10
2017,1123,Production managers and directors in mining and energy,7.0,37.4,38.3,,35.2,36.8,37.0,37.0,37.7,39.7,,,,SOC10
2017,1131,Financial managers and directors,291.0,36.2,34.8,28.0,34.9,,35.0,35.0,37.0,37.5,37.5,37.6,40.0,SOC10
2017,1132,Marketing and sales directors,188.0,37.5,36.5,34.5,,35.0,36.2,37.4,37.5,38.8,40.0,40.0,40.0,SOC10
2017,1133,Purchasing managers and directors,64.0,37.5,37.5,35.0,35.9,36.1,36.9,37.0,37.5,37.5,37.5,39.8,,SOC10
2017,1134,Advertising and public relations directors,11.0,37.3,35.7,,35.0,35.0,35.0,35.5,37.5,,,,,SOC10
2017,1135,Human resource managers and directors,128.0,37.0,35.6,30.0,,35.0,,35.0,37.4,37.5,37.5,37.5,40.0,SOC10
2017,1136,Information technology and telecommunications directors,35.0,37.5,36.1,34.3,35.0,35.0,36.2,37.0,,,37.5,39.8,,SOC10
2017,1139,Functional managers and directors n.e.c.,64.0,37.0,33.3,18.0,30.1,34.0,35.0,35.0,37.2,37.5,37.5,38.3,40.0,SOC10
2017,1150,Financial institution managers and directors,79.0,35.0,35.0,34.9,35.0,,,,,,35.0,35.4,37.5,SOC10
2017,1161,Managers and directors in transport and distribution,73.0,40.0,39.8,35.0,37.1,37.5,37.5,39.8,40.0,42.0,43.1,44.0,,SOC10
2017,1162,Managers and directors in storage and warehousing,137.0,39.9,39.4,35.0,37.0,37.5,37.5,38.9,40.0,40.0,40.2,41.9,45.0,SOC10
2017,1171,Officers in armed forces,,,,,,,,,,,,,,SOC10
2017,1172,Senior police officers,11.0,40.0,41.3,,,,40.0,,40.0,40.8,41.5,,,SOC10
2017,1173,"Senior officers in fire, ambulance, prison and related services",7.0,41.0,40.3,,,37.0,,38.3,41.9,,,,,SOC10
2017,1181,Health services and public health managers and directors,43.0,37.5,35.6,23.2,35.0,36.8,37.0,,37.5,,37.5,38.3,,SOC10
2017,1184,Social services managers and directors,18.0,37.0,35.3,25.9,35.0,35.0,36.0,36.3,37.0,37.0,37.1,,,SOC10
2017,1190,Managers and directors in retail and wholesale,321.0,39.0,38.9,30.0,35.0,36.4,37.3,37.5,40.0,40.0,41.1,42.5,45.1,SOC10
2017,1211,Managers and proprietors in agriculture and horticulture,13.0,39.9,38.7,,36.3,36.9,37.5,39.0,40.0,42.7,44.8,,,SOC10
2017,1213,"Managers and proprietors in forestry, fishing and related services",,36.5,36.8,,,,,36.1,37.3,,,,,SOC10
2017,1221,Hotel and accommodation managers and proprietors,19.0,39.9,37.9,28.1,36.7,36.9,37.5,39.0,40.0,,40.0,40.0,,SOC10
2017,1223,Restaurant and catering establishment managers and proprietors,60.0,40.0,38.7,24.0,33.8,35.0,36.8,39.1,40.0,45.0,45.0,46.8,,SOC10
2017,1224,Publicans and managers of licensed premises,12.0,40.8,41.0,,35.0,37.6,38.2,40.0,,45.0,45.0,,,SOC10
2017,1225,Leisure and sports managers,40.0,38.6,37.5,31.1,35.0,36.5,37.0,37.1,39.8,,40.0,40.0,,SOC10
2017,1226,Travel agency managers and proprietors,5.0,37.4,36.2,,,33.0,36.3,37.4,37.5,,,,,SOC10
2017,1241,Health care practice managers,16.0,37.0,33.1,,27.4,30.0,30.1,35.1,37.5,37.6,39.8,,,SOC10
2017,1242,"Residential, day and domiciliary  care managers and proprietors",51.0,37.5,36.8,26.7,35.0,35.4,36.5,37.0,38.2,40.0,40.0,40.0,,SOC10
2017,1251,"Property, housing and estate managers",106.0,37.4,36.3,29.2,35.0,35.0,36.0,37.0,37.5,37.7,39.9,40.0,41.4,SOC10
2017,1252,Garage managers and proprietors,7.0,40.4,41.5,,,39.1,39.9,40.0,42.5,44.0,,,,SOC10
2017,1253,Hairdressing and beauty salon managers and proprietors,,39.8,36.4,,,,31.5,36.9,40.0,,,,,SOC10
2017,1254,Shopkeepers and proprietors – wholesale and retail,8.0,37.5,33.5,,,,,36.1,39.4,40.0,,,,SOC10
2017,1255,Waste disposal and environmental services managers,,37.4,37.0,,,,37.0,37.0,38.8,,,,,SOC10
2017,1259,Managers and proprietors in other services n.e.c.,88.0,37.5,36.5,25.2,33.0,35.0,35.7,37.0,37.5,39.8,40.0,40.1,44.6,SOC10
2017,2111,Chemical scientists,11.0,37.5,37.9,,35.4,36.9,37.0,37.0,,37.6,38.6,,,SOC10
2017,2112,Biological scientists and biochemists,58.0,37.5,34.9,20.0,35.0,36.1,37.0,,37.5,,37.5,38.5,,SOC10
2017,2113,Physical scientists,14.0,37.0,35.6,,35.0,36.0,36.5,37.0,37.4,37.5,39.1,,,SOC10
2017,2114,Social and humanities scientists,10.0,37.1,35.2,,35.0,35.0,36.2,37.0,37.5,37.5,,,,SOC10
2017,2119,Natural and social science professionals n.e.c.,55.0,37.0,35.6,30.0,35.0,,35.0,36.2,37.0,37.5,37.5,37.5,,SOC10
2017,2121,Civil engineers,46.0,37.5,39.2,36.1,37.0,,37.4,37.5,38.5,40.0,40.0,41.6,,SOC10
2017,2122,Mechanical engineers,34.0,37.5,38.4,35.0,36.9,37.0,37.0,37.3,39.0,40.0,40.0,42.0,,SOC10
2017,2123,Electrical engineers,20.0,37.5,39.4,36.1,36.9,37.0,37.0,37.5,39.0,40.0,40.0,40.7,,SOC10
2017,2124,Electronics engineers,,37.5,38.1,,,,35.3,37.1,37.5,,,,,SOC10
2017,2126,Design and development engineers,81.0,37.5,37.4,34.9,36.8,37.0,37.0,37.4,37.5,38.9,39.1,40.0,40.7,SOC10
2017,2127,Production and process engineers,46.0,37.5,38.6,35.0,36.9,37.0,37.1,37.5,38.8,40.0,40.0,40.5,,SOC10
2017,2129,Engineering professionals n.e.c.,155.0,37.5,38.2,35.0,36.9,37.0,37.0,37.4,37.8,39.2,40.0,40.0,42.5,SOC10
2017,2133,IT specialist managers,164.0,37.4,37.2,35.0,35.0,35.7,36.5,37.0,37.5,37.5,39.0,40.0,40.1,SOC10
2017,2134,IT project and programme managers,18.0,36.9,35.6,32.3,,35.0,,35.0,37.0,37.5,,,,SOC10
2017,2135,"IT business analysts, architects and systems designers",110.0,37.4,37.3,35.0,35.0,36.0,36.8,37.0,37.5,37.5,38.8,39.9,40.0,SOC10
2017,2136,Programmers and software development professionals,225.0,37.5,37.0,35.0,35.9,36.8,37.0,37.4,,37.5,38.1,39.9,40.0,SOC10
2017,2137,Web design and development professionals,45.0,37.5,35.9,34.5,35.0,35.0,36.8,37.4,,37.5,38.1,39.9,,SOC10
2017,2139,Information technology and telecommunications professionals n.e.c.,101.0,37.5,36.2,34.5,35.0,35.0,36.8,37.4,37.5,37.8,39.3,40.0,40.0,SOC10
2017,2141,Conservation professionals,10.0,37.0,35.7,,34.7,,35.0,37.0,37.0,37.5,,,,SOC10
2017,2142,Environment professionals,31.0,37.0,37.1,34.8,35.1,36.1,36.9,37.0,37.5,,37.5,39.0,,SOC10
2017,2150,Research and development managers,48.0,37.0,36.3,31.9,,35.0,36.0,36.9,37.5,37.5,38.0,39.9,,SOC10
2017,2211,Medical practitioners,255.0,40.0,36.1,20.0,32.0,35.0,37.0,39.8,40.0,,40.0,40.0,43.7,SOC10
2017,2212,Psychologists,29.0,36.1,30.5,15.0,22.2,22.5,27.3,33.4,37.4,,37.5,37.5,,SOC10
2017,2213,Pharmacists,47.0,37.5,36.0,19.0,26.8,30.0,32.0,37.3,37.5,39.9,40.0,40.0,,SOC10
2017,2214,Ophthalmic opticians,10.0,31.6,29.0,,,,22.2,30.0,37.5,,,,,SOC10
2017,2215,Dental practitioners,8.0,35.0,29.7,,,,,32.4,37.5,39.0,,,,SOC10
2017,2216,Veterinarians,17.0,38.5,35.5,,26.0,31.8,36.3,37.2,40.0,40.0,40.0,40.6,,SOC10
2017,2217,Medical radiographers,40.0,37.5,33.5,18.7,24.3,30.0,35.6,37.5,37.5,37.5,37.5,38.1,,SOC10
2017,2218,Podiatrists,8.0,30.0,28.8,,19.0,21.7,22.5,28.0,34.4,37.5,,,,SOC10
2017,2219,Health professionals n.e.c.,32.0,37.5,33.6,19.0,25.0,31.1,36.5,37.5,37.5,37.5,,37.5,,SOC10
2017,2221,Physiotherapists,50.0,37.5,30.9,15.6,22.2,22.5,26.2,33.7,37.5,37.5,37.5,37.5,,SOC10
2017,2222,Occupational therapists,34.0,37.0,31.8,21.0,22.5,25.0,28.2,33.5,,37.5,37.5,37.5,,SOC10
2017,2223,Speech and language therapists,12.0,27.7,28.4,,19.6,22.4,22.5,22.6,37.5,,37.5,,,SOC10
2017,2229,Therapy professionals n.e.c.,16.0,34.4,30.4,18.8,22.5,22.5,25.5,30.0,37.5,,37.5,37.5,,SOC10
2017,2231,Nurses,908.0,37.5,31.4,14.8,22.5,24.0,28.0,33.0,37.5,37.5,37.5,37.5,39.1,SOC10
2017,2232,Midwives,51.0,30.1,29.6,15.5,22.5,23.0,24.0,29.9,35.2,,37.5,37.5,,SOC10
2017,2311,Higher education teaching professionals,168.0,35.0,30.4,9.2,22.1,29.6,34.9,35.0,36.1,37.0,37.0,37.0,37.1,SOC10
2017,2312,Further education teaching professionals,131.0,35.0,28.8,8.2,17.6,21.8,24.3,32.5,36.0,37.0,37.0,37.0,37.0,SOC10
2017,2314,Secondary education teaching professionals,454.0,32.4,28.8,16.5,24.2,25.0,26.9,30.0,32.5,32.5,32.5,32.8,36.0,SOC10
2017,2315,Primary and nursery education teaching professionals,453.0,32.4,27.2,13.0,19.5,22.4,25.0,27.5,32.5,32.5,,32.5,35.0,SOC10
2017,2316,Special needs education teaching professionals,42.0,30.0,26.8,9.9,18.3,21.6,24.6,27.5,32.5,32.5,32.5,35.0,,SOC10
2017,2317,Senior professionals of educational establishments,97.0,32.5,32.5,25.0,27.6,31.9,32.4,32.5,35.0,36.0,36.9,37.0,37.5,SOC10
2017,2318,Education advisers and school inspectors,18.0,36.0,31.2,16.0,22.0,27.7,28.9,35.0,36.8,37.0,,37.0,,SOC10
2017,2319,Teaching and other educational professionals n.e.c.,99.0,21.8,21.5,2.3,5.5,7.5,10.0,15.7,30.0,34.7,35.3,37.0,,SOC10
2017,2412,Barristers and judges,13.0,35.0,29.7,,19.6,21.0,22.5,30.0,36.1,,37.0,,,SOC10
2017,2413,Solicitors,77.0,35.0,33.9,27.9,33.7,35.0,35.0,35.0,35.0,36.2,37.0,37.5,,SOC10
2017,2419,Legal professionals n.e.c.,40.0,35.0,34.3,28.0,34.9,,35.0,,35.0,36.9,37.0,37.5,,SOC10
2017,2421,Chartered and certified accountants,87.0,36.9,34.0,21.7,33.3,,35.0,35.0,37.4,37.5,,37.5,40.0,SOC10
2017,2423,Management consultants and business analysts,170.0,37.0,35.6,32.1,35.0,,35.0,36.6,37.5,,,37.5,40.0,SOC10
2017,2424,Business and financial project management professionals,241.0,37.2,36.4,32.4,35.0,35.0,35.0,37.0,37.5,37.5,38.6,39.9,40.0,SOC10
2017,2425,"Actuaries, economists and statisticians",22.0,36.2,35.8,34.9,35.0,,,35.0,37.1,37.5,37.5,,,SOC10
2017,2426,Business and related research professionals,105.0,36.1,34.0,22.2,35.0,,35.0,35.0,36.8,37.0,37.4,37.5,38.0,SOC10
2017,2429,"Business, research and administrative professionals n.e.c.",51.0,37.0,35.0,25.1,35.0,35.0,36.0,37.0,,37.0,37.0,37.0,,SOC10
2017,2431,Architects,38.0,37.5,36.7,33.1,35.9,36.5,37.0,37.5,37.5,38.9,,40.0,,SOC10
2017,2432,Town planning officers,7.0,36.0,34.4,,30.6,35.0,35.0,35.5,36.2,37.0,,,,SOC10
2017,2433,Quantity surveyors,33.0,37.5,38.7,35.0,37.0,37.4,37.5,37.5,39.9,40.0,40.0,40.0,,SOC10
2017,2434,Chartered surveyors,63.0,37.4,36.5,33.5,35.0,35.0,36.0,37.0,37.5,37.9,39.9,40.0,,SOC10
2017,2435,Chartered architectural technologists,,37.0,37.4,,,,,,37.5,,,,,SOC10
2017,2436,Construction project managers and related professionals,20.0,39.0,39.8,35.0,36.5,37.0,37.5,37.5,40.0,40.0,40.0,44.4,,SOC10
2017,2442,Social workers,103.0,36.8,33.7,22.0,30.0,34.0,35.0,36.0,37.0,37.0,,37.0,37.5,SOC10
2017,2443,Probation officers,5.0,37.0,33.7,,,,30.5,36.9,,,,,,SOC10
2017,2444,Clergy,39.0,36.8,31.7,16.0,21.0,23.9,27.9,35.0,37.4,37.5,40.0,,,SOC10
2017,2449,Welfare professionals n.e.c.,16.0,36.8,32.3,21.0,24.0,26.5,30.0,35.0,37.0,37.0,37.0,37.1,,SOC10
2017,2451,Librarians,14.0,35.0,31.5,17.5,22.6,28.3,30.3,35.0,36.2,37.0,37.0,,,SOC10
2017,2452,Archivists and curators,10.0,35.0,30.6,,21.0,23.9,26.2,31.5,35.0,36.5,37.0,,,SOC10
2017,2461,Quality control and planning engineers,40.0,37.5,38.0,35.0,36.8,36.9,37.0,37.0,37.5,38.9,39.1,40.0,,SOC10
2017,2462,Quality assurance and regulatory professionals,80.0,37.4,36.6,34.0,,35.0,36.1,37.0,37.5,37.5,38.0,39.1,,SOC10
2017,2463,Environmental health professionals,10.0,37.0,35.6,,35.8,36.0,36.4,,37.0,,,,,SOC10
2017,2471,"Journalists, newspaper and periodical editors",48.0,35.0,35.7,32.0,34.9,,35.0,,37.4,,37.5,37.8,,SOC10
2017,2472,Public relations professionals,37.0,37.0,35.1,24.7,34.9,35.0,35.0,36.0,37.5,,37.5,37.8,,SOC10
2017,2473,Advertising accounts managers and creative directors,26.0,37.4,34.8,,34.9,,35.0,36.2,37.5,,,37.5,,SOC10
2017,3111,Laboratory technicians,64.0,37.4,34.2,21.1,30.1,35.0,35.0,37.0,37.5,,37.5,38.8,,SOC10
2017,3112,Electrical and electronics technicians,10.0,37.7,39.0,,35.9,37.0,37.0,37.5,39.1,40.5,42.1,,,SOC10
2017,3113,Engineering technicians,83.0,38.5,39.3,35.0,36.9,37.0,37.0,37.5,39.9,40.5,41.8,42.5,46.5,SOC10
2017,3114,Building and civil engineering technicians,,40.0,39.9,,,37.0,37.5,39.2,40.0,40.0,,,,SOC10
2017,3115,Quality assurance technicians,30.0,37.5,38.5,35.7,37.0,37.0,37.4,37.5,38.0,40.0,40.0,40.5,,SOC10
2017,3116,"Planning, process and production technicians",32.0,37.5,38.3,35.0,36.1,37.0,37.0,37.5,38.0,39.1,39.9,40.0,,SOC10
2017,3119,"Science, engineering and production technicians n.e.c.",151.0,38.2,39.0,33.8,36.2,36.9,37.0,37.5,40.0,40.8,41.9,42.7,46.0,SOC10
2017,3121,Architectural and town planning technicians,17.0,37.5,36.5,32.4,36.1,37.0,37.0,37.5,,37.5,38.7,,,SOC10
2017,3122,Draughtspersons,34.0,37.5,37.8,34.3,36.9,37.0,37.4,37.5,39.0,40.0,40.0,40.0,,SOC10
2017,3131,IT operations technicians,120.0,37.3,36.2,32.9,,35.0,36.5,37.0,37.5,37.5,38.7,39.9,40.0,SOC10
2017,3132,IT user support technicians,146.0,37.4,36.6,34.4,35.0,36.1,36.8,37.0,37.5,37.5,38.3,39.3,40.0,SOC10
2017,3213,Paramedics,18.0,38.2,38.3,34.4,37.5,37.5,37.5,37.8,39.0,40.3,40.8,41.8,,SOC10
2017,3216,Dispensing opticians,,37.5,34.5,,,,34.1,37.4,,,,,,SOC10
2017,3217,Pharmaceutical technicians,22.0,37.3,33.9,21.1,27.6,29.1,30.1,36.8,37.5,37.5,37.5,38.2,,SOC10
2017,3218,Medical and dental technicians,26.0,37.5,34.3,22.5,30.0,32.8,35.0,37.5,37.5,37.5,37.5,38.5,,SOC10
2017,3219,Health associate professionals n.e.c.,10.0,36.5,29.1,,,,,31.9,37.5,,37.5,,,SOC10
2017,3231,Youth and community workers,77.0,36.0,30.3,14.0,21.0,24.1,28.2,35.0,37.0,37.0,,37.0,37.5,SOC10
2017,3233,Child and early years officers,36.0,36.1,31.5,,23.4,28.2,30.5,35.0,37.0,,37.0,37.4,,SOC10
2017,3234,Housing officers,42.0,36.3,33.9,22.0,34.2,35.0,35.0,35.2,37.0,37.0,,37.0,,SOC10
2017,3235,Counsellors,14.0,22.5,24.2,10.1,14.7,15.0,15.6,20.0,27.0,34.9,35.0,,,SOC10
2017,3239,Welfare and housing associate professionals n.e.c.,90.0,35.0,30.0,14.2,20.9,22.5,24.6,32.6,36.2,37.0,37.0,37.2,37.5,SOC10
2017,3311,NCOs and other ranks,,,,,,,,,,,,,,SOC10
2017,3312,Police officers (sergeant and below),266.0,40.2,41.9,39.9,,,40.0,40.0,40.8,41.9,42.8,43.8,48.3,SOC10
2017,3313,Fire service officers (watch manager and below),60.0,42.0,36.3,,37.0,38.7,42.0,42.0,42.0,42.2,42.5,42.8,,SOC10
2017,3314,Prison service officers (below principal officer),41.0,39.0,38.4,35.4,,,,37.0,39.0,39.0,39.9,40.9,,SOC10
2017,3315,Police community support officers,18.0,37.0,36.8,33.9,,36.0,36.2,37.0,37.0,,,37.0,,SOC10
2017,3319,Protective service associate professionals n.e.c.,24.0,37.0,33.9,,,34.9,35.7,37.0,37.5,39.9,40.5,41.9,,SOC10
2017,3411,Artists,7.0,37.5,36.7,,35.3,36.8,37.0,37.5,38.6,40.0,,,,SOC10
2017,3412,"Authors, writers and translators",17.0,35.0,32.0,,23.9,29.8,33.1,35.0,37.0,37.5,,37.5,,SOC10
2017,3413,"Actors, entertainers and presenters",,,,,,,,,,,,,,SOC10
2017,3414,Dancers and choreographers,,,,,,,,,,,,,,SOC10
2017,3415,Musicians,5.0,,23.0,,,,,,,,,,,SOC10
2017,3416,"Arts officers, producers and directors",20.0,37.3,35.2,,,35.0,35.0,36.4,37.5,39.6,40.0,,,SOC10
2017,3417,"Photographers, audio-visual and broadcasting equipment operators",23.0,37.9,35.2,,31.6,35.0,35.1,37.5,39.6,40.0,,40.0,,SOC10
2017,3421,Graphic designers,46.0,37.5,35.7,28.0,35.0,35.0,36.8,37.4,37.5,37.5,39.0,40.0,,SOC10
2017,3422,"Product, clothing and related designers",29.0,37.5,36.4,28.0,35.0,35.9,36.8,37.5,38.6,40.0,40.0,40.0,,SOC10
2017,3441,Sports players,13.0,35.0,27.0,,,,,,36.6,37.5,37.5,,,SOC10
2017,3442,"Sports coaches, instructors and officials",51.0,,18.1,1.6,3.0,3.7,4.6,,,34.5,35.2,37.0,,SOC10
2017,3443,Fitness instructors,22.0,,18.0,1.2,,,,,,27.5,31.6,35.0,,SOC10
2017,3511,Air traffic controllers,,39.9,38.0,,,,,,,,,,,SOC10
2017,3512,Aircraft pilots and flight engineers,8.0,38.6,36.7,,36.9,,37.3,,,40.0,,,,SOC10
2017,3513,Ship and hovercraft officers,,39.4,40.7,,,,,,39.9,,,,,SOC10
2017,3520,Legal associate professionals,62.0,35.0,34.5,27.8,34.9,35.0,35.0,,36.2,37.0,37.0,37.5,,SOC10
2017,3531,"Estimators, valuers and assessors",47.0,37.0,35.9,28.0,35.0,35.0,35.0,36.0,37.5,39.0,40.0,40.0,,SOC10
2017,3532,Brokers,12.0,35.0,35.6,,34.9,35.0,35.0,,37.1,40.0,40.0,,,SOC10
2017,3533,Insurance underwriters,24.0,35.0,35.1,34.1,,,35.0,,,35.1,36.4,37.4,,SOC10
2017,3534,Finance and investment analysts and advisers,121.0,35.1,35.7,34.9,,,35.0,35.0,37.0,37.5,,37.5,40.0,SOC10
2017,3535,Taxation experts,16.0,36.0,34.9,29.9,34.9,,35.0,,37.0,37.4,37.5,,,SOC10
2017,3536,Importers and exporters,,36.5,35.9,,,,,,,,,,,SOC10
2017,3537,Financial and accounting technicians,32.0,35.0,34.1,23.6,32.0,35.0,,35.0,37.0,37.5,,37.5,,SOC10
2017,3538,Financial accounts managers,114.0,36.0,34.9,25.0,34.9,35.0,35.0,35.0,37.4,37.5,37.5,38.2,40.0,SOC10
2017,3539,Business and related associate professionals n.e.c.,178.0,37.0,35.4,28.0,35.0,35.0,35.0,36.5,37.0,37.5,,37.5,40.0,SOC10
2017,3541,Buyers and procurement officers,54.0,37.5,36.3,32.2,35.3,36.3,36.8,37.0,,37.5,37.5,39.0,,SOC10
2017,3542,Business sales executives,245.0,37.5,37.4,30.3,35.3,37.0,37.4,37.5,39.5,,40.0,40.0,44.5,SOC10
2017,3543,Marketing associate professionals,144.0,37.2,35.2,28.0,35.0,35.0,35.0,36.5,37.5,,37.5,38.9,40.0,SOC10
2017,3544,Estate agents and auctioneers,23.0,37.4,33.0,,22.1,25.3,29.5,35.0,37.5,40.0,40.0,41.0,,SOC10
2017,3545,Sales accounts and business development managers,554.0,37.5,37.3,34.9,35.0,36.0,36.8,37.4,37.5,38.9,39.9,40.0,40.0,SOC10
2017,3546,Conference and exhibition managers and organisers,39.0,35.1,31.5,,22.0,27.1,30.1,35.0,37.0,37.5,38.7,39.9,,SOC10
2017,3550,Conservation and environmental associate professionals,7.0,37.0,35.9,,36.0,36.9,37.0,,37.0,37.5,,,,SOC10
2017,3561,Public services associate professionals,144.0,37.0,35.2,24.0,34.0,35.0,36.0,,37.0,,37.0,37.5,41.0,SOC10
2017,3562,Human resources and industrial relations officers,154.0,37.0,36.0,30.0,35.0,,35.0,36.8,37.5,37.5,38.9,40.0,40.0,SOC10
2017,3563,Vocational and industrial trainers and instructors,120.0,37.0,35.2,24.0,35.0,,35.0,37.0,37.4,37.5,37.5,39.0,40.0,SOC10
2017,3564,Careers advisers and vocational guidance specialists,12.0,35.0,30.4,,,26.4,29.6,35.0,36.1,37.0,,,,SOC10
2017,3565,Inspectors of standards and regulations,19.0,37.0,35.7,24.3,35.0,35.0,36.0,36.9,37.0,37.4,38.1,40.0,,SOC10
2017,3567,Health and safety officers,32.0,37.4,36.8,32.1,36.0,36.2,36.8,37.0,37.5,39.8,40.0,40.0,,SOC10
2017,4112,National government administrative occupations,172.0,37.0,35.1,22.5,30.0,34.0,36.0,37.0,,37.0,37.9,40.9,42.0,SOC10
2017,4113,Local government administrative occupations,73.0,37.0,32.8,19.0,27.6,30.1,34.0,36.0,37.0,37.0,37.0,37.0,37.5,SOC10
2017,4114,Officers of non-governmental organisations,9.0,34.1,28.5,,18.1,20.0,22.4,30.0,35.0,35.0,36.3,,,SOC10
2017,4121,Credit controllers,28.0,36.3,33.5,20.9,30.0,32.0,35.0,35.0,37.3,37.5,,37.5,,SOC10
2017,4122,"Book-keepers, payroll managers and wages clerks",283.0,35.7,31.4,15.0,21.4,24.9,29.9,35.0,37.1,37.5,,37.5,40.0,SOC10
2017,4123,Bank and post office clerks,102.0,35.0,31.1,17.2,22.5,26.0,30.0,34.9,35.0,,,35.0,37.4,SOC10
2017,4124,Finance officers,20.0,35.0,31.8,18.0,24.4,29.7,30.1,35.0,36.1,37.0,37.0,37.4,,SOC10
2017,4129,Financial administrative occupations n.e.c.,119.0,35.0,31.1,15.8,22.2,25.0,28.9,34.5,36.6,37.3,37.5,37.5,40.0,SOC10
2017,4131,Records clerks and assistants,139.0,37.0,32.9,18.7,25.0,30.0,30.1,35.0,37.5,37.5,37.5,37.5,40.0,SOC10
2017,4132,Pensions and insurance clerks and assistants,37.0,35.7,34.4,24.0,34.7,,35.0,35.0,37.0,37.5,37.5,37.5,,SOC10
2017,4133,Stock control clerks and assistants,78.0,37.5,36.4,22.0,34.5,35.0,36.8,37.5,39.1,40.0,40.0,40.5,44.0,SOC10
2017,4134,Transport and distribution clerks and assistants,60.0,38.6,38.5,31.2,36.2,37.0,37.4,37.5,40.0,40.0,40.9,42.5,46.5,SOC10
2017,4135,Library clerks and assistants,28.0,22.9,23.7,,14.0,16.1,18.2,20.0,27.3,33.3,35.0,35.0,,SOC10
2017,4138,Human resources administrative occupations,20.0,35.0,32.3,18.6,25.9,29.4,30.4,35.0,36.5,37.0,37.4,37.5,,SOC10
2017,4151,Sales administrators,79.0,37.5,34.1,20.0,28.9,32.2,35.0,36.5,37.5,38.7,39.8,40.0,40.2,SOC10
2017,4159,Other administrative occupations n.e.c.,990.0,34.0,28.2,8.6,16.0,18.5,21.0,27.6,36.0,37.0,37.5,37.5,40.0,SOC10
2017,4161,Office managers,186.0,37.4,35.4,23.6,32.0,35.0,35.0,36.8,37.5,38.0,39.9,40.0,41.0,SOC10
2017,4162,Office supervisors,36.0,37.4,35.6,22.7,32.0,35.0,35.0,36.9,37.5,39.1,40.0,40.0,,SOC10
2017,4211,Medical secretaries,46.0,30.7,29.9,17.7,22.0,23.0,25.0,30.0,35.0,,37.5,37.5,,SOC10
2017,4212,Legal secretaries,27.0,35.0,31.5,21.0,24.9,28.0,30.0,35.0,,35.1,36.2,36.7,,SOC10
2017,4213,School secretaries,20.0,32.5,29.4,15.0,20.4,23.9,26.0,30.0,35.0,36.1,37.0,37.0,,SOC10
2017,4214,Company secretaries,16.0,19.3,22.0,8.6,10.5,13.4,14.7,16.0,21.2,29.6,33.3,36.8,,SOC10
2017,4215,Personal assistants and other secretaries,222.0,34.9,28.3,10.0,16.1,19.1,20.9,28.0,35.0,37.0,37.4,37.5,38.4,SOC10
2017,4216,Receptionists,276.0,28.7,27.8,12.4,17.8,19.9,21.1,24.9,33.1,36.8,37.5,37.5,40.0,SOC10
2017,4217,Typists and related keyboard occupations,22.0,35.5,31.0,16.0,22.5,24.2,26.0,31.9,37.0,37.5,37.5,37.5,,SOC10
2017,5111,Farmers,6.0,40.0,41.0,,,38.0,38.7,40.0,40.8,,,,,SOC10
2017,5112,Horticultural trades,,37.7,36.9,,,,,,39.8,,,,,SOC10
2017,5113,Gardeners and landscape gardeners,47.0,37.0,34.6,17.0,30.0,34.5,36.0,37.0,38.8,39.9,40.0,40.0,,SOC10
2017,5114,Groundsmen and greenkeepers,44.0,39.1,37.3,29.6,36.9,37.0,37.0,37.6,40.0,40.0,40.4,41.5,,SOC10
2017,5119,Agricultural and fishing trades n.e.c.,8.0,40.0,37.2,,34.8,37.0,37.2,39.2,40.0,40.0,,,,SOC10
2017,5211,Smiths and forge workers,,,31.1,,,,,,,,,,,SOC10
2017,5212,"Moulders, core makers and die casters",,40.0,42.5,,,,,,,,,,,SOC10
2017,5213,Sheet metal workers,10.0,42.1,43.0,,37.1,39.0,39.6,40.0,43.5,45.2,45.9,,,SOC10
2017,5214,"Metal plate workers, and riveters",5.0,40.2,43.5,,,38.5,38.8,40.0,41.4,,,,,SOC10
2017,5215,Welding trades,47.0,40.7,42.9,37.0,38.5,39.0,39.1,40.0,42.5,45.0,46.0,48.0,,SOC10
2017,5216,Pipe fitters,,43.4,45.5,,,,,42.4,44.9,,,,,SOC10
2017,5221,Metal machining setters and setter-operators,57.0,40.0,41.8,36.9,37.5,38.5,39.0,40.0,42.0,44.0,45.0,46.3,,SOC10
2017,5222,"Tool makers, tool fitters and markers-out",8.0,40.0,39.6,,37.5,38.1,38.8,39.0,41.4,43.8,45.0,,,SOC10
2017,5223,Metal working production and maintenance fitters,324.0,40.0,41.9,36.5,37.4,37.5,38.6,39.9,41.8,43.7,44.8,46.0,50.9,SOC10
2017,5224,Precision instrument makers and repairers,10.0,39.2,39.2,35.0,37.0,37.0,37.5,38.8,40.0,40.0,40.8,,,SOC10
2017,5225,Air-conditioning and refrigeration engineers,8.0,44.0,45.6,,39.8,,40.0,41.7,45.8,49.7,,,,SOC10
2017,5231,"Vehicle technicians, mechanics and electricians",128.0,40.7,41.7,36.5,38.3,39.1,40.0,40.0,42.0,44.1,45.0,46.0,48.9,SOC10
2017,5232,Vehicle body builders and repairers,21.0,40.0,40.9,36.3,38.0,38.7,39.0,39.9,40.9,43.2,43.7,44.4,,SOC10
2017,5234,Vehicle paint technicians,8.0,40.0,40.5,,37.5,38.8,39.2,39.9,40.0,41.1,,,,SOC10
2017,5235,Aircraft maintenance and related trades,9.0,37.0,37.4,34.9,,35.9,36.9,37.0,37.5,39.2,,,,SOC10
2017,5236,Boat and ship builders and repairers,,42.5,45.0,,,,,41.4,43.3,,,,,SOC10
2017,5237,Rail and rolling stock builders and repairers,,38.9,38.7,,,,37.9,38.0,41.0,,,,,SOC10
2017,5241,Electricians and electrical fitters,134.0,40.0,41.6,36.5,37.3,37.5,37.8,39.9,40.9,43.1,45.0,46.0,50.1,SOC10
2017,5242,Telecommunications engineers,32.0,38.3,39.5,,36.0,36.0,36.4,37.5,40.0,41.1,41.9,43.2,,SOC10
2017,5244,"TV, video and audio engineers",,40.0,39.7,,,37.7,39.7,,,,,,,SOC10
2017,5245,IT engineers,16.0,37.5,37.6,,37.0,37.0,37.4,37.5,38.2,,40.0,,,SOC10
2017,5249,Electrical and electronic trades n.e.c.,130.0,40.0,41.3,36.8,37.4,,37.5,39.5,40.4,42.5,43.5,45.1,49.1,SOC10
2017,5250,"Skilled metal, electrical and electronic trades supervisors",42.0,40.0,42.1,37.0,37.5,38.4,39.0,40.0,41.9,43.8,45.0,46.1,,SOC10
2017,5311,Steel erectors,,40.5,41.6,,,,39.2,40.0,42.8,,,,,SOC10
2017,5312,Bricklayers and masons,18.0,39.0,38.1,26.1,36.8,37.0,37.0,,40.0,40.2,41.5,42.7,,SOC10
2017,5313,"Roofers, roof tilers and slaters",16.0,40.0,39.9,32.9,37.4,38.3,,39.0,40.0,40.0,40.9,43.4,,SOC10
2017,5314,Plumbers and heating and ventilating engineers,54.0,40.0,39.4,35.0,37.0,37.5,37.9,38.9,40.0,41.0,42.2,43.0,,SOC10
2017,5315,Carpenters and joiners,84.0,40.0,40.8,35.0,37.0,37.7,39.0,39.5,40.3,42.5,44.0,45.0,48.8,SOC10
2017,5316,"Glaziers, window fabricators and fitters",21.0,40.0,40.7,35.1,38.0,39.2,40.0,,40.0,41.3,42.5,43.8,,SOC10
2017,5319,Construction and building trades n.e.c.,32.0,40.0,38.4,24.0,37.0,37.3,37.5,39.0,40.0,40.5,41.5,42.5,,SOC10
2017,5321,Plasterers,7.0,39.0,39.7,,,37.2,37.5,,,,,,,SOC10
2017,5322,Floorers and wall tilers,10.0,40.0,44.7,,39.0,39.0,,,40.0,41.3,,,,SOC10
2017,5323,Painters and decorators,24.0,39.9,39.4,35.0,37.0,37.2,37.5,39.0,40.0,40.9,42.0,43.0,,SOC10
2017,5330,Construction and building trades supervisors,43.0,40.3,43.1,36.8,37.5,39.0,39.8,40.0,43.5,45.0,47.3,49.2,,SOC10
2017,5411,Weavers and knitters,,36.4,37.4,,,,,,,,,,,SOC10
2017,5412,Upholsterers,7.0,39.0,38.5,,33.7,35.1,37.5,38.0,39.3,40.0,,,,SOC10
2017,5413,Footwear and leather working trades,6.0,39.4,37.0,,,37.4,38.4,39.0,39.5,39.9,,,,SOC10
2017,5414,Tailors and dressmakers,,36.1,31.3,,,,,,37.5,,,,,SOC10
2017,5419,"Textiles, garments and related trades n.e.c.",,39.2,37.3,,,,,,39.5,,,,,SOC10
2017,5421,Pre-press technicians,,37.9,34.8,,,,,,39.5,,,,,SOC10
2017,5422,Printers,16.0,38.2,38.4,32.2,36.0,36.5,36.9,37.5,39.7,40.0,41.0,41.8,,SOC10
2017,5423,Print finishing and binding workers,15.0,37.8,37.0,,32.4,36.4,37.4,37.5,39.7,40.0,40.1,,,SOC10
2017,5431,Butchers,31.0,40.0,38.7,23.9,34.0,36.7,37.4,39.0,40.0,42.1,43.3,45.0,,SOC10
2017,5432,Bakers and flour confectioners,22.0,39.0,36.8,19.6,32.5,34.0,36.0,37.6,40.0,40.2,41.1,42.6,,SOC10
2017,5433,Fishmongers and poultry dressers,5.0,38.2,35.8,,,,30.1,35.5,40.0,41.7,,,,SOC10
2017,5434,Chefs,234.0,40.0,38.6,22.6,30.2,34.0,36.3,38.6,40.8,44.0,45.0,47.6,50.3,SOC10
2017,5435,Cooks,65.0,27.6,27.4,14.6,18.4,20.0,22.5,24.7,30.0,32.5,34.0,35.4,40.0,SOC10
2017,5436,Catering and bar managers,57.0,37.5,35.9,20.8,30.0,32.4,34.5,36.8,40.0,40.0,40.3,42.1,,SOC10
2017,5441,"Glass and ceramics makers, decorators and finishers",,40.0,40.0,,,37.0,38.2,39.0,40.0,,,,,SOC10
2017,5442,Furniture makers and other craft woodworkers,11.0,40.0,38.9,,36.6,36.9,38.4,40.0,40.0,42.5,42.9,,,SOC10
2017,5443,Florists,,26.0,28.5,,,,22.0,23.7,,,,,,SOC10
2017,5449,Other skilled trades n.e.c.,16.0,38.8,36.8,,34.1,35.8,36.8,37.5,39.8,,40.0,40.8,,SOC10
2017,6121,Nursery nurses and assistants,180.0,32.5,29.9,14.0,19.5,21.6,24.0,29.2,35.2,37.5,39.1,40.0,41.0,SOC10
2017,6122,Childminders and related occupations,28.0,28.4,28.1,10.1,14.6,17.0,19.8,23.7,32.0,36.8,38.7,40.0,,SOC10
2017,6123,Playworkers,38.0,12.0,14.9,3.0,5.0,6.2,6.8,9.0,16.1,19.1,21.3,23.0,,SOC10
2017,6125,Teaching assistants,340.0,27.8,26.1,12.5,18.0,20.1,22.5,25.8,30.0,32.5,32.5,33.7,36.9,SOC10
2017,6126,Educational support assistants,153.0,27.5,25.7,12.0,18.0,20.0,22.1,25.0,29.9,31.2,32.5,33.1,37.0,SOC10
2017,6131,Veterinary nurses,12.0,39.5,34.8,,25.5,27.9,33.3,37.4,40.0,40.7,41.0,41.9,,SOC10
2017,6132,Pest control officers,,40.0,39.2,,,,37.3,38.3,,,,,,SOC10
2017,6139,Animal care services occupations n.e.c.,28.0,35.1,31.2,14.9,19.5,21.0,26.3,30.0,37.5,39.0,40.0,40.0,,SOC10
2017,6141,Nursing auxiliaries and assistants,438.0,35.1,31.5,13.5,20.8,23.0,25.5,30.1,37.5,37.5,37.5,38.2,43.1,SOC10
2017,6142,Ambulance staff (excluding paramedics),18.0,37.8,37.5,,34.9,36.6,37.5,37.5,39.8,41.3,42.3,43.0,,SOC10
2017,6143,Dental nurses,43.0,32.1,29.9,15.6,21.0,22.5,23.3,28.2,36.0,37.5,38.0,39.0,,SOC10
2017,6144,Houseparents and residential wardens,17.0,37.0,33.4,,25.0,29.8,30.1,35.0,37.2,37.9,40.0,40.0,,SOC10
2017,6145,Care workers and home carers,676.0,30.6,30.0,11.4,17.9,20.0,22.4,26.9,35.0,37.1,37.6,39.5,45.2,SOC10
2017,6146,Senior care workers,57.0,37.0,35.9,22.3,28.4,30.3,32.3,35.2,37.9,40.3,42.0,43.6,48.0,SOC10
2017,6147,Care escorts,8.0,17.5,19.2,,12.3,15.0,15.0,16.0,18.0,20.1,,,,SOC10
2017,6148,"Undertakers, mortuary and crematorium assistants",12.0,38.0,33.0,,,,30.5,35.3,40.0,40.9,42.3,44.0,,SOC10
2017,6211,Sports and leisure assistants,68.0,20.7,22.6,4.1,6.9,8.7,10.9,15.7,28.2,35.0,37.0,37.5,40.0,SOC10
2017,6212,Travel agents,30.0,37.4,33.2,19.3,23.9,26.3,29.9,34.8,,37.5,37.9,40.0,,SOC10
2017,6214,Air travel assistants,47.0,30.1,29.2,18.2,20.6,,22.6,29.9,30.1,37.4,,37.5,,SOC10
2017,6215,Rail travel assistants,24.0,38.6,39.8,35.0,35.3,36.1,37.0,37.2,40.0,42.9,43.7,44.5,,SOC10
2017,6219,Leisure and travel service occupations n.e.c.,18.0,12.5,17.8,,4.8,6.2,7.7,10.0,,,,,,SOC10
2017,6221,Hairdressers and barbers,61.0,26.0,27.2,15.0,16.0,16.8,20.0,23.3,31.1,36.0,37.5,38.5,,SOC10
2017,6222,Beauticians and related occupations,36.0,27.9,26.8,12.6,16.0,16.1,19.4,23.9,30.1,35.1,37.4,37.5,,SOC10
2017,6231,Housekeepers and related occupations,41.0,29.9,28.2,12.2,16.5,18.5,20.5,25.2,34.5,37.5,37.5,37.7,,SOC10
2017,6232,Caretakers,67.0,36.1,31.0,10.0,18.0,20.8,25.0,34.6,37.0,37.5,38.6,40.0,42.8,SOC10
2017,6240,Cleaning and housekeeping managers and supervisors,47.0,34.6,30.9,14.0,19.7,22.0,24.5,30.1,37.0,38.9,40.0,40.0,,SOC10
2017,7111,Sales and retail assistants,1164.0,23.9,25.5,9.0,13.8,15.6,16.3,20.0,28.8,33.6,36.0,37.5,40.0,SOC10
2017,7112,Retail cashiers and check-out operators,132.0,20.8,22.2,9.8,13.1,14.7,15.8,18.0,23.8,27.8,29.7,31.5,36.8,SOC10
2017,7113,Telephone salespersons,20.0,37.5,34.1,19.4,27.5,31.1,35.0,35.5,37.5,39.0,39.9,40.0,,SOC10
2017,7114,Pharmacy and other dispensing assistants,55.0,29.9,28.3,14.1,18.0,20.0,22.2,24.9,34.4,37.3,37.5,37.5,40.0,SOC10
2017,7115,Vehicle and parts salespersons and advisers,16.0,44.8,43.3,37.5,40.0,40.0,41.7,42.6,45.0,46.4,46.6,47.5,,SOC10
2017,7121,Collector salespersons and credit agents,,35.4,30.2,,,,,,37.3,,,,,SOC10
2017,7122,"Debt, rent and other cash collectors",14.0,37.1,36.2,26.2,35.0,35.0,37.0,37.0,37.5,39.4,40.0,,,SOC10
2017,7123,Roundspersons and van salespersons,4.0,39.0,38.6,,,35.8,36.6,37.6,40.0,43.0,,,,SOC10
2017,7124,Market and street traders and assistants,,,,,,,,,,,,,,SOC10
2017,7125,Merchandisers and window dressers,19.0,36.0,29.1,,15.4,18.0,21.0,28.2,37.5,38.8,39.1,39.1,,SOC10
2017,7129,Sales related occupations n.e.c.,25.0,37.5,32.6,12.1,19.7,22.7,28.7,36.7,38.0,40.0,40.3,42.0,,SOC10
2017,7130,Sales supervisors,91.0,39.0,37.6,27.8,34.1,36.0,36.8,37.7,39.7,40.0,40.9,42.4,44.8,SOC10
2017,7211,Call and contact centre occupations,52.0,36.9,32.8,19.0,25.0,28.9,30.1,35.0,37.5,37.5,37.6,39.0,40.0,SOC10
2017,7213,Telephonists,9.0,30.1,28.4,15.0,16.1,19.0,20.1,24.1,33.6,35.3,37.2,,,SOC10
2017,7214,Communication operators,15.0,37.0,35.0,19.6,30.1,34.2,35.0,36.2,37.0,37.5,39.3,40.0,,SOC10
2017,7215,Market research interviewers,6.0,17.5,19.0,,,,,15.9,19.8,,,,,SOC10
2017,7219,Customer service occupations n.e.c.,403.0,35.0,31.2,15.4,20.0,22.5,25.9,33.1,37.0,37.5,37.5,39.0,40.3,SOC10
2017,7220,Customer service managers and supervisors,92.0,37.5,36.9,28.0,34.8,35.0,35.0,37.0,37.5,38.8,39.9,40.0,42.0,SOC10
2017,8111,"Food, drink and tobacco process operatives",145.0,39.9,39.3,27.5,34.4,36.1,37.3,38.6,40.1,42.0,43.4,45.6,50.0,SOC10
2017,8112,Glass and ceramics process operatives,4.0,41.0,42.1,,,,39.5,,41.9,44.6,,,,SOC10
2017,8113,Textile process operatives,10.0,39.0,39.3,,33.9,36.0,36.4,37.9,40.0,42.1,45.0,,,SOC10
2017,8114,Chemical and related process operatives,22.0,39.1,41.5,36.0,37.3,37.5,37.5,38.7,40.0,41.6,42.3,43.5,,SOC10
2017,8115,Rubber process operatives,,39.8,38.4,,,,36.7,37.7,40.0,,,,,SOC10
2017,8116,Plastics process operatives,12.0,40.0,41.6,35.9,37.4,38.0,38.6,39.5,40.8,42.7,44.8,46.7,,SOC10
2017,8117,Metal making and treating process operatives,9.0,40.0,40.3,,37.2,38.2,39.0,40.0,41.8,42.3,42.8,,,SOC10
2017,8118,Electroplaters,6.0,40.7,43.1,,37.5,37.8,39.0,40.0,42.8,44.0,,,,SOC10
2017,8119,Process operatives n.e.c.,9.0,41.5,42.7,,,39.0,39.9,40.4,43.8,44.9,47.0,,,SOC10
2017,8121,Paper and wood machine operatives,18.0,40.0,40.6,35.4,37.5,38.0,38.6,40.0,41.0,42.2,43.3,44.4,,SOC10
2017,8122,Coal mine operatives,,,,,,,,,,,,,,SOC10
2017,8123,Quarry workers and related operatives,,46.6,48.1,,,,,45.8,47.0,,,,,SOC10
2017,8124,Energy plant operatives,6.0,38.4,38.9,,35.7,,37.0,37.0,40.0,40.0,,,,SOC10
2017,8125,Metal working machine operatives,21.0,40.0,40.3,34.7,37.5,38.0,39.0,39.2,40.0,41.4,42.0,43.7,,SOC10
2017,8126,Water and sewerage plant operatives,12.0,39.6,39.6,36.0,37.0,,37.0,38.2,40.0,41.6,42.3,,,SOC10
2017,8127,Printing machine assistants,18.0,38.8,38.9,34.9,36.3,37.0,37.4,37.5,40.0,40.0,41.3,42.0,,SOC10
2017,8129,Plant and machine operatives n.e.c.,13.0,40.0,41.0,35.5,37.1,37.5,37.7,39.0,40.9,42.9,44.6,,,SOC10
2017,8131,Assemblers (electrical and electronic products),12.0,40.0,40.8,36.0,37.5,37.5,37.5,39.5,42.0,43.6,44.8,,,SOC10
2017,8132,Assemblers (vehicles and metal goods),56.0,39.0,40.3,36.0,,37.0,37.3,38.4,40.2,41.7,42.2,43.7,,SOC10
2017,8133,Routine inspectors and testers,54.0,38.7,38.6,31.0,36.5,37.0,37.3,37.5,39.9,40.2,41.8,42.5,46.8,SOC10
2017,8134,"Weighers, graders and sorters",6.0,41.0,39.4,,,,37.5,39.9,44.1,45.3,,,,SOC10
2017,8135,"Tyre, exhaust and windscreen fitters",16.0,42.4,40.7,,39.2,40.0,40.0,41.1,44.0,44.8,45.0,45.8,,SOC10
2017,8137,Sewing machinists,17.0,37.2,34.3,22.1,25.8,29.9,30.7,34.3,39.0,39.6,,40.0,,SOC10
2017,8139,Assemblers and routine operatives n.e.c.,85.0,39.0,38.9,32.1,36.8,37.0,37.5,38.0,40.0,41.0,42.0,43.3,46.9,SOC10
2017,8141,"Scaffolders, stagers and riggers",17.0,41.1,43.3,34.5,38.7,,39.0,40.0,44.5,45.5,46.1,48.9,,SOC10
2017,8142,Road construction operatives,23.0,45.0,46.7,36.9,39.5,,40.0,42.5,48.0,51.0,52.5,54.0,,SOC10
2017,8143,Rail construction and maintenance operatives,7.0,40.0,42.0,,35.0,,35.0,38.0,42.5,48.0,,,,SOC10
2017,8149,Construction operatives n.e.c.,140.0,38.8,36.7,19.1,30.0,33.9,36.0,37.3,40.0,40.9,42.5,44.0,47.6,SOC10
2017,8211,Large goods vehicle drivers,215.0,48.0,48.4,37.0,40.0,40.9,42.8,45.0,50.0,52.5,54.5,56.5,63.0,SOC10
2017,8212,Van drivers,304.0,40.5,39.0,18.4,30.0,34.3,37.0,40.0,43.2,45.1,46.9,48.0,51.9,SOC10
2017,8213,Bus and coach drivers,123.0,40.2,40.8,23.3,34.5,37.4,38.0,39.3,42.7,46.0,47.4,49.2,55.1,SOC10
2017,8214,Taxi and cab drivers and chauffeurs,16.0,36.8,30.7,,15.1,16.1,19.5,29.8,37.5,40.2,42.0,43.4,,SOC10
2017,8215,Driving instructors,,37.3,40.5,,,,,,,,,,,SOC10
2017,8221,Crane drivers,8.0,48.7,53.6,,,40.0,41.9,45.0,50.9,54.8,,,,SOC10
2017,8222,Fork-lift truck drivers,28.0,42.2,43.4,36.0,38.0,39.0,39.9,40.0,44.0,46.3,48.0,49.5,,SOC10
2017,8223,Agricultural machinery drivers,,40.0,41.4,,,,,40.0,41.7,,,,,SOC10
2017,8229,Mobile machine drivers and operatives n.e.c.,41.0,44.0,45.1,37.0,38.6,39.0,39.9,41.0,45.6,48.0,50.0,50.7,,SOC10
2017,8231,Train and tram drivers,29.0,38.0,38.8,35.0,35.2,35.6,37.1,,38.6,40.1,41.2,42.6,,SOC10
2017,8232,Marine and waterways transport operatives,,42.0,40.9,,,,,41.5,42.7,,,,,SOC10
2017,8233,Air transport operatives,13.0,39.9,38.3,25.9,36.8,37.4,37.5,38.1,40.0,41.3,42.2,42.5,,SOC10
2017,8234,Rail transport operatives,10.0,43.8,45.0,35.0,37.3,38.9,39.7,42.0,47.1,49.0,50.8,51.6,,SOC10
2017,8239,Other drivers and transport operatives n.e.c.,8.0,40.0,37.5,,,,30.4,38.5,40.0,42.2,,,,SOC10
2017,9111,Farm workers,33.0,40.2,40.2,16.0,29.8,35.0,37.0,39.0,43.0,46.5,48.0,51.7,,SOC10
2017,9112,Forestry workers,,37.0,38.2,,,,,37.0,37.0,,,,,SOC10
2017,9119,Fishing and other elementary agriculture occupations n.e.c.,15.0,37.8,36.0,17.7,27.0,30.9,35.0,37.0,39.3,40.8,42.1,44.4,,SOC10
2017,9120,Elementary construction occupations,63.0,40.0,41.0,34.0,37.5,,39.0,,41.7,44.0,45.0,46.0,50.4,SOC10
2017,9132,Industrial cleaning process occupations,21.0,35.6,31.0,10.3,13.8,16.0,19.2,29.7,37.7,39.8,40.6,42.5,,SOC10
2017,9134,"Packers, bottlers, canners and fillers",102.0,39.5,38.6,24.0,34.5,36.0,37.1,38.0,40.0,42.0,43.5,45.0,48.6,SOC10
2017,9139,Elementary process plant occupations n.e.c.,116.0,40.0,39.7,32.0,36.9,37.5,37.5,39.0,40.1,42.1,43.2,44.8,48.1,SOC10
2017,9211,"Postal workers, mail sorters, messengers and couriers",146.0,39.0,34.6,15.0,27.3,30.9,34.7,37.5,39.0,39.0,40.0,40.3,46.1,SOC10
2017,9219,Elementary administration occupations n.e.c.,42.0,31.0,28.6,8.4,16.0,19.5,22.2,25.3,35.5,37.5,38.1,40.0,,SOC10
2017,9231,Window cleaners,,40.0,42.8,,,,,,,,,,,SOC10
2017,9232,Street cleaners,7.0,37.0,37.8,,36.0,36.9,37.0,37.0,37.0,38.9,39.4,,,SOC10
2017,9233,Cleaners and domestics,561.0,17.1,20.6,7.0,10.0,11.0,12.2,15.0,20.5,25.2,29.0,32.0,38.5,SOC10
2017,9234,"Launderers, dry cleaners and pressers",19.0,34.9,31.6,16.0,20.0,23.5,25.5,30.0,37.1,38.6,39.0,40.0,,SOC10
2017,9235,Refuse and salvage occupations,24.0,38.2,39.9,35.9,37.0,37.0,37.0,37.1,40.0,41.8,43.1,45.5,,SOC10
2017,9236,Vehicle valeters and cleaners,12.0,38.7,33.3,14.9,20.9,23.9,24.0,32.8,40.0,42.0,42.5,43.0,,SOC10
2017,9239,Elementary cleaning occupations n.e.c.,,,40.2,,,,,,,,,,,SOC10
2017,9241,Security guards and related occupations,129.0,40.5,40.4,18.3,31.9,35.0,36.5,38.6,42.6,46.6,49.2,52.3,58.4,SOC10
2017,9242,Parking and civil enforcement occupations,13.0,36.9,31.7,,,,32.0,35.0,37.0,37.5,39.8,40.0,,SOC10
2017,9244,School midday and crossing patrol occupations,105.0,7.1,8.4,3.7,5.0,5.3,5.8,6.3,7.5,8.0,8.8,10.0,,SOC10
2017,9249,Elementary security occupations n.e.c.,11.0,,25.6,5.7,,,,,35.4,37.0,37.5,39.4,,SOC10
2017,9251,Shelf fillers,31.0,24.9,25.7,13.0,16.2,17.6,18.8,21.3,28.8,31.5,34.6,35.8,,SOC10
2017,9259,Elementary sales occupations n.e.c.,4.0,29.9,30.9,,,20.8,24.3,27.6,33.8,37.3,,,,SOC10
2017,9260,Elementary storage occupations,546.0,40.0,39.2,28.1,36.0,37.1,37.5,38.9,40.0,42.0,42.8,44.5,48.0,SOC10
2017,9271,Hospital porters,4.0,37.5,37.0,,36.1,37.5,37.5,37.5,37.9,39.3,,,,SOC10
2017,9272,Kitchen and catering assistants,541.0,23.9,24.9,8.0,12.2,14.3,16.0,19.8,28.4,33.1,35.4,37.5,41.3,SOC10
2017,9273,Waiters and waitresses,199.0,17.0,20.1,5.0,8.0,9.7,10.8,13.8,21.3,27.0,30.0,33.3,39.3,SOC10
2017,9274,Bar staff,158.0,18.0,20.9,5.2,8.0,9.7,11.3,16.0,22.9,27.8,30.0,33.8,40.0,SOC10
2017,9275,Leisure and theme park attendants,31.0,12.7,16.7,2.3,3.5,4.4,5.1,10.1,16.5,23.3,27.0,29.9,,SOC10
2017,9279,Other elementary services occupations n.e.c.,21.0,26.6,26.6,,,,16.0,21.0,33.6,37.5,39.0,40.0,,SOC10
2018,1115,Chief executives and senior officials,87.0,35.0,34.9,28.1,,35.0,,,37.0,37.5,,37.5,40.0,SOC10
2018,1116,Elected officers and representatives,10.0,,23.1,,8.2,8.5,,,35.0,35.6,,,,SOC10
2018,1121,Production managers and directors in manufacturing,502.0,37.5,37.4,30.0,35.0,36.6,37.0,37.5,39.0,40.0,40.0,40.0,44.0,SOC10
2018,1122,Production managers and directors in construction,112.0,40.0,39.6,35.0,37.0,37.5,37.5,39.0,40.0,40.8,42.5,43.2,45.5,SOC10
2018,1123,Production managers and directors in mining and energy,11.0,37.5,38.6,,35.9,36.9,37.0,37.5,39.7,,40.0,,,SOC10
2018,1131,Financial managers and directors,314.0,36.8,34.9,25.9,34.9,,35.0,35.0,37.4,,37.5,38.5,40.0,SOC10
2018,1132,Marketing and sales directors,214.0,37.5,36.2,32.3,,35.0,36.0,37.0,37.5,38.1,39.9,40.0,40.0,SOC10
2018,1133,Purchasing managers and directors,65.0,37.5,37.3,34.9,36.0,36.3,37.0,37.2,,37.5,38.7,39.8,,SOC10
2018,1134,Advertising and public relations directors,13.0,37.0,35.5,,35.0,35.0,35.0,36.1,37.5,,,,,SOC10
2018,1135,Human resource managers and directors,133.0,37.0,35.3,29.6,34.9,35.0,,35.0,37.4,37.5,,37.5,40.0,SOC10
2018,1136,Information technology and telecommunications directors,32.0,37.4,36.5,34.7,,35.0,36.2,37.0,,,37.5,39.8,,SOC10
2018,1139,Functional managers and directors n.e.c.,65.0,37.0,33.5,17.7,29.8,34.0,35.0,35.0,37.4,37.5,37.5,38.9,,SOC10
2018,1150,Financial institution managers and directors,75.0,35.0,35.3,34.2,34.9,,,,35.0,,35.0,37.0,,SOC10
2018,1161,Managers and directors in transport and distribution,67.0,40.0,40.1,35.0,36.9,37.3,37.5,39.5,40.0,42.5,44.0,44.8,,SOC10
2018,1162,Managers and directors in storage and warehousing,130.0,39.9,39.4,35.0,37.0,37.5,37.5,38.9,40.0,40.0,41.1,42.7,47.3,SOC10
2018,1171,Officers in armed forces,,,,,,,,,,,,,,SOC10
2018,1172,Senior police officers,12.0,40.0,40.7,,,,,,,40.0,,,,SOC10
2018,1173,"Senior officers in fire, ambulance, prison and related services",9.0,40.0,39.8,,37.0,,37.0,37.5,41.5,42.0,,,,SOC10
2018,1181,Health services and public health managers and directors,45.0,37.5,36.0,27.5,35.0,37.0,37.4,37.5,37.5,,37.5,38.9,,SOC10
2018,1184,Social services managers and directors,17.0,37.0,35.5,26.9,35.4,36.0,36.1,37.0,37.0,37.5,37.5,37.5,,SOC10
2018,1190,Managers and directors in retail and wholesale,326.0,39.0,38.2,29.9,35.0,36.0,37.4,37.5,40.0,40.0,41.0,42.4,45.1,SOC10
2018,1211,Managers and proprietors in agriculture and horticulture,14.0,40.0,38.6,,35.0,36.4,36.9,39.0,40.0,42.8,44.9,,,SOC10
2018,1213,"Managers and proprietors in forestry, fishing and related services",,39.9,39.2,,,,,39.3,40.0,,,,,SOC10
2018,1221,Hotel and accommodation managers and proprietors,22.0,39.9,37.5,25.2,35.0,36.7,37.4,37.6,40.0,40.0,40.0,40.6,,SOC10
2018,1223,Restaurant and catering establishment managers and proprietors,59.0,40.0,38.9,26.5,34.1,35.2,37.0,40.0,40.3,44.2,44.8,45.0,,SOC10
2018,1224,Publicans and managers of licensed premises,10.0,44.2,41.0,,32.1,36.8,37.2,40.6,45.0,48.0,,,,SOC10
2018,1225,Leisure and sports managers,41.0,39.0,37.0,27.8,35.0,36.0,36.8,37.0,39.8,,40.0,40.0,,SOC10
2018,1226,Travel agency managers and proprietors,,37.4,37.3,,,,,,,,,,,SOC10
2018,1241,Health care practice managers,17.0,37.0,33.3,22.4,26.5,29.2,30.0,33.6,37.4,37.5,38.6,39.9,,SOC10
2018,1242,"Residential, day and domiciliary  care managers and proprietors",52.0,37.5,37.6,28.0,35.0,36.1,37.0,37.0,39.1,,40.0,40.0,,SOC10
2018,1251,"Property, housing and estate managers",109.0,37.4,36.2,28.4,35.0,35.0,36.0,37.0,37.5,38.3,39.9,40.0,40.9,SOC10
2018,1252,Garage managers and proprietors,8.0,40.0,42.2,,38.8,39.9,40.0,40.0,42.0,44.6,,,,SOC10
2018,1253,Hairdressing and beauty salon managers and proprietors,7.0,35.9,32.8,,,26.5,27.5,34.7,37.8,39.9,,,,SOC10
2018,1254,Shopkeepers and proprietors – wholesale and retail,8.0,37.5,36.4,,27.1,28.9,35.0,37.2,40.0,41.2,,,,SOC10
2018,1255,Waste disposal and environmental services managers,,38.2,38.3,,,37.0,37.0,37.4,39.8,,,,,SOC10
2018,1259,Managers and proprietors in other services n.e.c.,93.0,37.5,36.3,25.2,34.7,35.0,36.0,37.0,37.5,39.1,40.0,40.0,43.1,SOC10
2018,2111,Chemical scientists,14.0,37.5,38.9,35.0,36.4,36.9,37.0,37.4,37.8,40.0,,,,SOC10
2018,2112,Biological scientists and biochemists,59.0,37.5,35.3,23.1,35.0,36.1,37.0,,37.5,,37.5,37.9,,SOC10
2018,2113,Physical scientists,11.0,37.4,36.4,,36.0,36.6,37.0,37.0,37.5,37.5,39.8,,,SOC10
2018,2114,Social and humanities scientists,9.0,37.3,35.1,,35.0,,35.4,37.0,,,,,,SOC10
2018,2119,Natural and social science professionals n.e.c.,49.0,37.0,35.9,35.0,,35.0,35.9,36.2,37.0,37.5,,37.5,,SOC10
2018,2121,Civil engineers,44.0,37.5,39.1,36.3,37.0,37.4,37.5,37.5,38.9,40.0,40.0,40.0,,SOC10
2018,2122,Mechanical engineers,32.0,37.5,37.5,35.0,36.7,36.9,37.0,37.0,37.5,39.7,40.0,40.4,,SOC10
2018,2123,Electrical engineers,21.0,37.5,38.1,35.0,36.9,37.0,37.0,37.5,37.5,38.9,39.6,40.0,,SOC10
2018,2124,Electronics engineers,,37.5,39.2,,,,37.2,37.5,39.0,,,,,SOC10
2018,2126,Design and development engineers,81.0,37.5,37.0,34.9,36.9,,37.0,37.4,37.5,39.0,39.8,40.0,40.2,SOC10
2018,2127,Production and process engineers,46.0,37.5,38.3,35.0,36.9,37.0,37.0,37.5,38.4,39.1,39.9,40.0,,SOC10
2018,2129,Engineering professionals n.e.c.,177.0,37.5,38.3,35.0,36.9,37.0,37.0,37.3,38.1,39.9,40.0,40.0,43.9,SOC10
2018,2133,IT specialist managers,162.0,37.4,37.0,35.0,35.0,36.0,36.8,37.0,37.5,37.5,37.9,39.8,40.0,SOC10
2018,2134,IT project and programme managers,20.0,37.0,36.0,34.9,,35.0,35.0,36.3,37.1,37.5,,,,SOC10
2018,2135,"IT business analysts, architects and systems designers",108.0,37.4,37.3,35.0,35.0,36.0,36.9,37.0,37.5,37.5,38.4,39.9,40.0,SOC10
2018,2136,Programmers and software development professionals,228.0,37.5,36.6,35.0,35.5,36.8,37.0,37.4,,37.5,38.3,39.8,40.0,SOC10
2018,2137,Web design and development professionals,49.0,37.5,36.5,34.9,36.0,36.5,37.0,37.5,37.5,37.6,39.0,40.0,,SOC10
2018,2139,Information technology and telecommunications professionals n.e.c.,108.0,37.5,35.6,28.9,35.0,35.6,36.8,37.4,37.5,38.6,40.0,40.0,,SOC10
2018,2141,Conservation professionals,9.0,37.0,35.4,,34.6,35.0,35.0,37.0,37.0,,,,,SOC10
2018,2142,Environment professionals,32.0,37.0,36.1,30.0,,35.2,36.0,37.0,37.5,37.5,37.8,39.9,,SOC10
2018,2150,Research and development managers,55.0,37.4,36.5,32.4,,35.0,36.2,37.0,37.5,37.7,39.1,40.0,,SOC10
2018,2211,Medical practitioners,265.0,40.0,36.0,20.0,30.0,35.0,36.8,39.6,40.0,,40.0,40.2,44.2,SOC10
2018,2212,Psychologists,28.0,37.0,31.8,18.7,22.5,26.2,30.0,35.0,,,37.5,37.5,,SOC10
2018,2213,Pharmacists,41.0,37.5,33.6,19.0,24.9,29.9,30.0,36.0,37.5,37.6,38.5,40.0,,SOC10
2018,2214,Ophthalmic opticians,9.0,30.0,26.7,,,,,,35.3,37.5,,,,SOC10
2018,2215,Dental practitioners,9.0,35.0,29.2,,,,,28.4,37.0,38.5,,,,SOC10
2018,2216,Veterinarians,18.0,40.0,35.3,19.4,25.0,27.9,31.0,37.5,40.0,,,,,SOC10
2018,2217,Medical radiographers,37.0,37.5,33.9,,24.7,30.0,33.5,37.5,37.5,37.5,38.1,38.6,,SOC10
2018,2218,Podiatrists,8.0,30.0,29.1,,19.2,21.6,22.5,29.4,34.7,37.5,,,,SOC10
2018,2219,Health professionals n.e.c.,34.0,37.5,33.0,18.8,22.5,29.2,34.3,37.4,37.5,37.5,37.5,37.5,,SOC10
2018,2221,Physiotherapists,54.0,37.5,31.5,18.0,22.5,23.5,28.0,34.0,37.5,37.5,37.5,37.5,,SOC10
2018,2222,Occupational therapists,34.0,37.4,31.3,18.7,22.5,24.0,26.0,32.0,37.5,37.5,37.5,37.5,,SOC10
2018,2223,Speech and language therapists,13.0,37.4,30.9,,22.5,22.5,26.3,30.1,,37.5,37.5,,,SOC10
2018,2229,Therapy professionals n.e.c.,17.0,33.9,30.6,18.6,22.5,22.5,25.8,30.0,37.5,37.5,37.5,,,SOC10
2018,2231,Nurses,874.0,37.5,32.0,16.0,23.0,25.8,30.0,34.5,37.5,37.5,37.5,37.5,39.5,SOC10
2018,2232,Midwives,57.0,32.4,30.2,16.2,22.5,23.0,24.0,30.0,36.1,37.5,37.5,37.5,,SOC10
2018,2311,Higher education teaching professionals,160.0,35.0,30.1,7.7,21.0,29.5,34.9,,36.1,36.8,37.0,37.0,37.0,SOC10
2018,2312,Further education teaching professionals,132.0,35.0,27.7,6.0,15.8,18.6,22.5,30.0,35.0,36.8,37.0,37.0,37.0,SOC10
2018,2314,Secondary education teaching professionals,479.0,32.4,28.7,16.0,24.2,25.0,26.9,30.0,32.5,,32.5,33.3,36.1,SOC10
2018,2315,Primary and nursery education teaching professionals,445.0,32.4,27.6,14.0,20.0,24.2,25.0,27.6,32.5,32.5,32.5,32.5,35.0,SOC10
2018,2316,Special needs education teaching professionals,41.0,32.4,27.6,10.0,18.0,21.6,25.0,27.8,32.5,32.6,35.0,35.0,,SOC10
2018,2317,Senior professionals of educational establishments,101.0,32.5,32.5,25.0,29.6,32.4,32.4,32.5,35.0,36.1,36.9,37.0,,SOC10
2018,2318,Education advisers and school inspectors,16.0,35.0,31.8,,26.0,28.2,32.5,35.0,36.1,37.0,37.0,,,SOC10
2018,2319,Teaching and other educational professionals n.e.c.,97.0,25.0,23.0,3.0,6.2,7.9,11.8,18.5,32.0,35.0,36.5,37.0,39.4,SOC10
2018,2412,Barristers and judges,12.0,35.0,31.4,,,25.4,30.0,33.1,36.0,37.0,37.0,,,SOC10
2018,2413,Solicitors,84.0,35.0,33.9,27.9,34.4,35.0,35.0,,35.0,36.4,37.0,37.5,,SOC10
2018,2419,Legal professionals n.e.c.,45.0,35.0,34.1,28.0,34.9,,35.0,,35.1,37.0,37.0,37.5,,SOC10
2018,2421,Chartered and certified accountants,86.0,37.0,34.3,22.5,33.8,35.0,35.0,35.3,37.5,,,37.5,,SOC10
2018,2423,Management consultants and business analysts,188.0,37.0,35.6,32.2,,35.0,35.0,36.2,37.4,,,37.5,40.0,SOC10
2018,2424,Business and financial project management professionals,249.0,37.0,36.3,32.0,35.0,,35.0,37.0,37.5,37.5,37.6,39.8,40.0,SOC10
2018,2425,"Actuaries, economists and statisticians",28.0,37.0,36.0,34.9,35.0,35.0,,35.1,37.5,37.5,37.5,38.5,,SOC10
2018,2426,Business and related research professionals,99.0,36.3,34.3,22.5,35.0,35.0,,35.0,37.0,37.0,37.4,37.5,37.5,SOC10
2018,2429,"Business, research and administrative professionals n.e.c.",52.0,37.0,35.1,24.0,34.5,35.0,36.0,36.4,37.0,37.0,,37.0,,SOC10
2018,2431,Architects,38.0,37.5,36.0,31.1,36.0,37.0,37.4,,,37.5,39.0,40.0,,SOC10
2018,2432,Town planning officers,5.0,36.0,34.9,,,35.0,,35.0,36.2,37.0,,,,SOC10
2018,2433,Quantity surveyors,35.0,39.0,38.9,36.0,37.4,37.5,37.5,37.5,40.0,40.0,40.0,42.3,,SOC10
2018,2434,Chartered surveyors,64.0,37.5,37.5,35.0,35.0,36.0,36.5,37.0,37.5,39.6,40.0,40.0,,SOC10
2018,2435,Chartered architectural technologists,,37.0,37.4,,,,,,,,,,,SOC10
2018,2436,Construction project managers and related professionals,22.0,39.1,37.9,,36.1,36.8,37.0,37.5,40.0,40.0,40.8,43.0,,SOC10
2018,2442,Social workers,110.0,36.9,33.6,21.0,30.0,35.0,35.0,36.0,37.0,,,37.0,,SOC10
2018,2443,Probation officers,10.0,37.0,32.6,,24.2,26.3,29.6,37.0,,,,,,SOC10
2018,2444,Clergy,44.0,36.0,31.8,15.9,21.2,24.0,30.0,35.0,37.0,37.5,39.8,,,SOC10
2018,2449,Welfare professionals n.e.c.,18.0,36.3,33.5,22.0,26.6,29.5,31.4,35.0,37.0,,,37.0,,SOC10
2018,2451,Librarians,13.0,35.0,31.4,18.2,21.7,26.1,30.0,35.0,36.1,37.0,,,,SOC10
2018,2452,Archivists and curators,11.0,35.0,31.8,,23.0,27.3,30.8,34.5,36.0,37.0,37.0,,,SOC10
2018,2461,Quality control and planning engineers,42.0,37.5,38.1,35.0,36.8,36.9,37.0,37.0,37.5,38.8,39.0,40.0,,SOC10
2018,2462,Quality assurance and regulatory professionals,84.0,37.0,36.7,34.3,35.0,35.0,35.9,36.9,37.5,37.5,38.8,39.8,,SOC10
2018,2463,Environmental health professionals,11.0,37.0,35.0,,34.0,,36.0,36.8,37.0,37.0,,,,SOC10
2018,2471,"Journalists, newspaper and periodical editors",49.0,35.0,35.3,29.9,,,35.0,,37.0,37.5,37.5,38.1,,SOC10
2018,2472,Public relations professionals,38.0,37.0,34.6,22.0,33.8,35.0,35.0,36.0,37.5,,37.5,38.9,,SOC10
2018,2473,Advertising accounts managers and creative directors,27.0,37.4,35.1,28.7,34.7,35.0,35.0,36.1,37.5,,,37.5,,SOC10
2018,3111,Laboratory technicians,66.0,37.4,34.9,22.5,31.7,35.0,35.9,37.0,37.5,37.5,38.3,38.8,,SOC10
2018,3112,Electrical and electronics technicians,9.0,39.0,39.2,,36.4,37.0,37.3,37.5,39.9,41.9,42.5,,,SOC10
2018,3113,Engineering technicians,79.0,38.9,39.4,35.0,37.0,37.0,37.0,37.5,40.0,40.6,42.0,42.5,45.5,SOC10
2018,3114,Building and civil engineering technicians,,37.5,35.4,,,,,37.0,37.5,,,,,SOC10
2018,3115,Quality assurance technicians,33.0,37.5,38.7,35.0,36.9,37.0,37.3,37.5,38.2,39.9,40.0,40.2,,SOC10
2018,3116,"Planning, process and production technicians",33.0,38.2,38.5,35.0,36.8,37.0,37.4,37.5,39.1,40.0,40.0,40.4,,SOC10
2018,3119,"Science, engineering and production technicians n.e.c.",144.0,38.3,39.0,33.0,36.2,36.9,37.0,37.5,40.0,40.6,41.9,42.7,46.9,SOC10
2018,3121,Architectural and town planning technicians,17.0,37.5,36.6,34.4,36.1,37.0,37.0,37.5,,37.5,37.9,,,SOC10
2018,3122,Draughtspersons,34.0,37.9,38.9,35.3,37.0,37.4,37.5,37.5,39.0,40.0,,40.0,,SOC10
2018,3131,IT operations technicians,117.0,37.0,36.6,33.8,,35.0,36.2,37.0,37.5,37.5,37.8,38.9,40.0,SOC10
2018,3132,IT user support technicians,135.0,37.4,36.8,34.8,35.0,36.0,36.8,37.0,37.5,37.5,38.0,39.6,40.0,SOC10
2018,3213,Paramedics,27.0,38.8,38.2,,,37.5,37.5,37.9,39.7,41.2,42.7,43.5,,SOC10
2018,3216,Dispensing opticians,,37.5,33.3,,,,,35.7,37.5,,,,,SOC10
2018,3217,Pharmaceutical technicians,19.0,37.5,34.2,19.1,26.8,30.0,33.0,37.5,37.5,37.5,38.3,39.0,,SOC10
2018,3218,Medical and dental technicians,22.0,37.5,35.2,22.5,30.2,35.0,35.0,37.5,37.5,37.5,38.6,39.4,,SOC10
2018,3219,Health associate professionals n.e.c.,13.0,34.1,30.0,,,,24.8,29.1,37.5,37.5,37.5,,,SOC10
2018,3231,Youth and community workers,78.0,35.0,28.8,,18.5,20.4,24.0,30.1,36.8,37.0,,37.0,,SOC10
2018,3233,Child and early years officers,39.0,35.6,31.4,17.5,23.9,28.0,30.0,35.0,36.9,37.0,,37.0,,SOC10
2018,3234,Housing officers,43.0,36.7,34.4,22.5,34.9,35.0,35.0,36.0,37.0,37.0,,37.0,,SOC10
2018,3235,Counsellors,15.0,24.4,24.8,,,15.0,16.0,20.8,33.7,,35.0,36.0,,SOC10
2018,3239,Welfare and housing associate professionals n.e.c.,104.0,36.0,31.2,15.0,21.0,25.0,29.4,35.0,37.0,,37.0,37.5,38.9,SOC10
2018,3311,NCOs and other ranks,,,,,,,,,,,,,,SOC10
2018,3312,Police officers (sergeant and below),256.0,40.0,41.7,39.9,,,40.0,40.0,40.9,42.1,42.9,43.9,47.2,SOC10
2018,3313,Fire service officers (watch manager and below),55.0,42.0,36.6,4.2,,40.0,42.0,42.0,42.1,42.9,43.8,44.5,,SOC10
2018,3314,Prison service officers (below principal officer),37.0,39.0,38.4,36.7,,,37.0,37.5,39.0,39.2,39.9,40.0,,SOC10
2018,3315,Police community support officers,18.0,37.0,36.9,32.8,36.0,36.2,36.2,37.0,37.0,,,,,SOC10
2018,3319,Protective service associate professionals n.e.c.,25.0,37.1,35.2,,34.7,35.0,36.0,37.0,39.3,40.8,41.0,,,SOC10
2018,3411,Artists,7.0,37.5,33.9,,,32.2,34.6,36.6,,38.9,,,,SOC10
2018,3412,"Authors, writers and translators",20.0,37.0,32.0,,,32.0,35.0,35.0,37.5,,37.5,37.6,,SOC10
2018,3413,"Actors, entertainers and presenters",6.0,,16.8,,,,,,,,,,,SOC10
2018,3414,Dancers and choreographers,,,,,,,,,,,,,,SOC10
2018,3415,Musicians,,,22.9,,,,,,,,,,,SOC10
2018,3416,"Arts officers, producers and directors",23.0,37.4,35.3,,35.0,35.0,35.0,36.3,37.5,38.9,40.0,40.0,,SOC10
2018,3417,"Photographers, audio-visual and broadcasting equipment operators",22.0,37.5,34.3,,28.5,33.4,35.0,37.2,38.5,40.0,40.0,40.0,,SOC10
2018,3421,Graphic designers,51.0,37.5,35.8,29.8,35.0,36.0,37.0,37.5,37.5,38.3,39.6,40.0,,SOC10
2018,3422,"Product, clothing and related designers",35.0,37.5,35.5,23.5,34.0,35.0,35.0,37.4,37.5,39.9,40.0,40.0,,SOC10
2018,3441,Sports players,14.0,,25.0,,,,,,35.0,37.5,,37.5,,SOC10
2018,3442,"Sports coaches, instructors and officials",59.0,11.0,16.8,1.4,3.2,3.9,4.9,7.2,,28.0,35.0,35.0,,SOC10
2018,3443,Fitness instructors,29.0,18.7,19.3,1.7,2.8,,,,23.4,27.8,33.5,37.0,,SOC10
2018,3511,Air traffic controllers,,39.9,39.3,,,,,,,,,,,SOC10
2018,3512,Aircraft pilots and flight engineers,7.0,37.4,36.3,,34.2,,,37.0,37.5,,,,,SOC10
2018,3513,Ship and hovercraft officers,,39.9,40.8,,,,,39.0,40.0,,,,,SOC10
2018,3520,Legal associate professionals,67.0,35.0,34.4,27.5,35.0,35.0,,,36.2,37.0,37.4,37.5,,SOC10
2018,3531,"Estimators, valuers and assessors",48.0,37.5,37.0,29.9,35.0,,35.0,37.0,38.3,40.0,40.0,40.0,,SOC10
2018,3532,Brokers,13.0,36.0,35.2,,,,35.0,,37.5,37.7,,,,SOC10
2018,3533,Insurance underwriters,22.0,35.0,34.7,30.8,34.9,34.9,35.0,,,35.0,36.5,37.5,,SOC10
2018,3534,Finance and investment analysts and advisers,118.0,35.0,35.5,33.7,,,35.0,,37.0,37.5,,37.5,40.0,SOC10
2018,3535,Taxation experts,17.0,35.0,34.8,,,,35.0,,36.4,37.5,37.5,,,SOC10
2018,3536,Importers and exporters,,37.3,35.8,,,,,36.0,37.5,,,,,SOC10
2018,3537,Financial and accounting technicians,33.0,36.2,33.4,22.0,29.1,31.2,35.0,35.0,37.3,37.5,37.5,37.5,,SOC10
2018,3538,Financial accounts managers,110.0,36.8,35.0,27.6,34.5,34.9,35.0,35.0,37.4,,37.5,38.6,,SOC10
2018,3539,Business and related associate professionals n.e.c.,176.0,37.0,34.8,22.5,34.9,35.0,35.0,36.1,37.0,37.5,,37.5,40.0,SOC10
2018,3541,Buyers and procurement officers,59.0,37.4,36.7,35.0,35.3,36.2,36.8,37.0,37.5,37.5,38.7,39.8,,SOC10
2018,3542,Business sales executives,248.0,37.5,37.1,30.0,35.0,36.9,37.2,37.5,39.5,40.0,40.0,40.0,44.4,SOC10
2018,3543,Marketing associate professionals,146.0,37.0,34.6,23.0,34.5,35.0,35.0,36.2,37.5,,37.5,38.8,40.0,SOC10
2018,3544,Estate agents and auctioneers,30.0,37.0,32.1,13.8,20.6,24.1,28.0,35.0,37.5,39.3,40.0,40.0,,SOC10
2018,3545,Sales accounts and business development managers,574.0,37.5,37.2,34.9,35.0,35.9,36.8,37.4,37.5,38.3,39.8,40.0,40.0,SOC10
2018,3546,Conference and exhibition managers and organisers,42.0,35.0,30.9,,20.9,23.8,29.7,35.0,37.0,37.5,39.5,40.0,,SOC10
2018,3550,Conservation and environmental associate professionals,8.0,37.0,35.2,,,36.0,37.0,37.0,37.0,37.4,,,,SOC10
2018,3561,Public services associate professionals,86.0,37.0,36.7,30.0,36.0,36.1,37.0,,37.5,37.5,40.0,41.0,,SOC10
2018,3562,Human resources and industrial relations officers,157.0,37.4,36.0,28.0,35.0,35.0,36.0,37.0,37.5,37.7,39.3,40.0,41.0,SOC10
2018,3563,Vocational and industrial trainers and instructors,119.0,37.0,34.0,21.8,30.1,34.9,35.0,36.1,37.4,37.5,37.5,38.0,40.0,SOC10
2018,3564,Careers advisers and vocational guidance specialists,15.0,36.0,31.1,,22.3,26.6,28.8,35.0,36.9,37.0,,,,SOC10
2018,3565,Inspectors of standards and regulations,19.0,37.0,35.2,,35.0,35.0,36.1,37.0,37.0,37.5,38.6,40.0,,SOC10
2018,3567,Health and safety officers,34.0,37.5,36.6,30.2,35.9,36.3,36.9,37.0,37.5,39.1,39.9,40.0,,SOC10
2018,4112,National government administrative occupations,151.0,37.0,36.3,24.0,34.0,36.0,37.0,37.0,37.0,37.5,41.0,42.0,42.0,SOC10
2018,4113,Local government administrative occupations,66.0,37.0,32.8,20.0,27.7,30.0,35.0,36.0,37.0,37.0,,37.0,37.5,SOC10
2018,4114,Officers of non-governmental organisations,10.0,31.0,25.5,,,,,22.5,35.0,35.0,36.2,,,SOC10
2018,4121,Credit controllers,27.0,36.8,33.7,22.5,29.0,32.0,35.0,35.0,37.3,,37.5,38.2,,SOC10
2018,4122,"Book-keepers, payroll managers and wages clerks",291.0,35.1,31.1,14.8,21.0,24.0,28.1,35.0,37.0,37.5,,37.5,40.0,SOC10
2018,4123,Bank and post office clerks,93.0,34.9,31.3,17.4,22.6,25.7,30.0,34.9,,,35.0,35.1,37.5,SOC10
2018,4124,Finance officers,21.0,35.2,31.8,17.4,24.0,29.7,30.3,35.0,36.8,,37.0,37.5,,SOC10
2018,4129,Financial administrative occupations n.e.c.,114.0,35.0,31.8,16.0,22.4,27.4,30.0,35.0,37.0,37.5,37.5,37.5,40.0,SOC10
2018,4131,Records clerks and assistants,131.0,37.0,32.8,18.6,24.8,29.9,30.1,35.0,37.5,37.5,37.5,37.9,40.0,SOC10
2018,4132,Pensions and insurance clerks and assistants,36.0,35.0,34.1,25.0,34.9,35.0,35.0,,36.6,37.5,37.5,37.5,,SOC10
2018,4133,Stock control clerks and assistants,74.0,37.5,36.5,22.5,34.0,35.9,36.8,37.5,39.0,40.0,40.0,41.3,44.8,SOC10
2018,4134,Transport and distribution clerks and assistants,59.0,38.7,38.7,30.0,36.0,37.0,37.4,37.5,40.0,40.9,42.0,43.3,48.0,SOC10
2018,4135,Library clerks and assistants,25.0,24.4,23.5,6.0,11.8,13.9,18.0,20.0,28.9,35.0,35.0,35.9,,SOC10
2018,4138,Human resources administrative occupations,23.0,35.0,32.1,16.7,23.1,27.5,30.1,35.0,37.0,37.5,,37.5,,SOC10
2018,4151,Sales administrators,73.0,37.4,34.3,19.8,30.0,32.2,34.9,36.0,37.5,38.6,39.7,40.0,40.0,SOC10
2018,4159,Other administrative occupations n.e.c.,1082.0,34.5,28.4,8.5,15.9,18.4,20.9,27.6,36.1,37.0,37.5,37.5,40.0,SOC10
2018,4161,Office managers,183.0,37.4,35.7,23.9,32.5,35.0,35.0,36.9,37.5,38.8,39.9,40.0,41.2,SOC10
2018,4162,Office supervisors,33.0,37.5,36.3,25.0,35.0,35.0,36.0,37.0,37.5,39.1,40.0,40.6,,SOC10
2018,4211,Medical secretaries,43.0,32.4,30.3,17.7,22.0,23.0,25.0,30.0,37.5,37.5,37.5,37.5,,SOC10
2018,4212,Legal secretaries,26.0,35.0,31.3,20.0,23.9,27.5,29.5,33.8,,35.0,35.3,36.2,,SOC10
2018,4213,School secretaries,20.0,33.0,29.9,17.2,22.2,24.5,26.5,30.0,35.0,36.3,37.0,37.0,,SOC10
2018,4214,Company secretaries,18.0,20.0,22.3,,12.9,14.6,15.4,16.9,23.7,29.9,31.1,36.0,,SOC10
2018,4215,Personal assistants and other secretaries,224.0,31.7,27.1,8.6,14.8,17.0,19.9,25.0,35.0,36.9,37.1,37.5,38.6,SOC10
2018,4216,Receptionists,263.0,28.7,28.2,13.8,18.4,20.2,21.9,25.0,32.3,36.2,37.0,37.5,40.0,SOC10
2018,4217,Typists and related keyboard occupations,21.0,36.3,32.8,20.0,24.9,28.0,30.1,35.0,37.0,37.5,37.5,37.5,,SOC10
2018,5111,Farmers,5.0,40.2,39.7,,,,34.9,39.0,43.6,,,,,SOC10
2018,5112,Horticultural trades,,39.5,36.6,,,,,36.1,,,,,,SOC10
2018,5113,Gardeners and landscape gardeners,41.0,37.3,34.6,,30.0,33.4,35.0,37.0,38.3,40.0,40.0,40.0,,SOC10
2018,5114,Groundsmen and greenkeepers,46.0,39.3,37.5,30.0,35.9,36.9,37.0,37.7,40.0,40.0,41.0,41.8,,SOC10
2018,5119,Agricultural and fishing trades n.e.c.,9.0,39.8,37.6,,36.2,37.0,37.4,38.2,,,,,,SOC10
2018,5211,Smiths and forge workers,,32.4,34.6,,,,,,,,,,,SOC10
2018,5212,"Moulders, core makers and die casters",,39.0,38.6,,,,,,,,,,,SOC10
2018,5213,Sheet metal workers,11.0,40.0,41.2,,37.3,,38.0,39.5,42.8,44.3,46.0,,,SOC10
2018,5214,"Metal plate workers, and riveters",5.0,40.0,43.0,,,,37.0,38.0,42.1,,,,,SOC10
2018,5215,Welding trades,47.0,41.8,43.2,37.0,38.4,39.0,39.6,40.0,43.2,44.8,46.0,47.3,,SOC10
2018,5216,Pipe fitters,,43.0,45.2,,,,,40.6,45.2,,,,,SOC10
2018,5221,Metal machining setters and setter-operators,52.0,40.5,42.2,37.0,37.6,38.8,39.0,40.0,42.5,44.7,45.4,47.1,,SOC10
2018,5222,"Tool makers, tool fitters and markers-out",8.0,40.0,41.1,,38.2,38.5,39.0,39.1,40.6,43.0,,,,SOC10
2018,5223,Metal working production and maintenance fitters,303.0,40.0,42.0,36.1,37.0,37.5,38.0,39.8,41.8,43.8,45.0,46.3,51.5,SOC10
2018,5224,Precision instrument makers and repairers,10.0,39.1,38.8,,36.9,37.5,37.6,38.4,40.0,40.0,40.2,,,SOC10
2018,5225,Air-conditioning and refrigeration engineers,8.0,44.2,45.4,,40.0,40.0,40.1,41.8,45.7,49.2,49.6,,,SOC10
2018,5231,"Vehicle technicians, mechanics and electricians",127.0,41.0,42.7,37.0,38.6,39.8,40.0,40.0,42.5,44.6,45.0,46.4,50.0,SOC10
2018,5232,Vehicle body builders and repairers,21.0,40.0,41.3,37.0,38.6,,39.0,39.9,41.5,43.2,44.0,45.1,,SOC10
2018,5234,Vehicle paint technicians,8.0,40.9,41.4,,39.9,39.9,40.0,40.0,41.8,43.1,43.8,,,SOC10
2018,5235,Aircraft maintenance and related trades,7.0,37.0,37.8,,35.3,,36.0,36.9,37.0,37.9,,,,SOC10
2018,5236,Boat and ship builders and repairers,,42.5,44.9,,,,40.0,40.2,45.2,,,,,SOC10
2018,5237,Rail and rolling stock builders and repairers,,37.2,38.2,,,,,35.5,,,,,,SOC10
2018,5241,Electricians and electrical fitters,138.0,40.0,42.5,36.9,37.5,37.5,38.0,39.9,41.4,44.0,45.0,46.0,51.7,SOC10
2018,5242,Telecommunications engineers,15.0,40.0,39.9,,37.0,37.4,37.5,38.8,40.3,42.6,43.8,44.7,,SOC10
2018,5244,"TV, video and audio engineers",6.0,40.0,39.1,,,37.5,37.9,,40.0,,,,,SOC10
2018,5245,IT engineers,13.0,37.5,37.5,,37.0,37.0,37.0,37.5,38.5,,40.0,,,SOC10
2018,5249,Electrical and electronic trades n.e.c.,120.0,40.0,41.2,36.8,37.4,37.5,38.0,39.9,40.9,42.5,43.5,44.8,48.9,SOC10
2018,5250,"Skilled metal, electrical and electronic trades supervisors",39.0,40.0,42.2,37.0,37.5,38.0,38.9,40.0,42.0,44.0,45.0,46.3,,SOC10
2018,5311,Steel erectors,,42.9,43.4,,,37.8,39.5,40.0,44.6,,,,,SOC10
2018,5312,Bricklayers and masons,19.0,39.3,39.4,35.0,37.0,37.0,37.5,39.0,40.0,41.0,42.5,43.5,,SOC10
2018,5313,"Roofers, roof tilers and slaters",16.0,39.0,38.2,27.9,35.0,36.5,37.3,38.9,40.0,,40.0,41.3,,SOC10
2018,5314,Plumbers and heating and ventilating engineers,56.0,40.0,40.4,35.4,37.0,37.5,38.0,39.9,40.0,41.8,42.5,43.8,,SOC10
2018,5315,Carpenters and joiners,78.0,40.0,41.5,36.8,37.5,,39.0,40.0,41.0,42.5,44.0,45.1,49.1,SOC10
2018,5316,"Glaziers, window fabricators and fitters",20.0,40.0,41.7,37.1,39.9,,,40.0,41.7,43.0,43.5,44.3,,SOC10
2018,5319,Construction and building trades n.e.c.,34.0,40.0,38.5,20.0,36.1,37.5,37.5,39.8,40.0,41.9,42.5,44.6,,SOC10
2018,5321,Plasterers,7.0,39.0,38.0,,,37.0,37.0,37.6,39.0,,,,,SOC10
2018,5322,Floorers and wall tilers,10.0,40.0,39.8,,37.5,37.8,39.0,40.0,40.0,40.0,41.1,,,SOC10
2018,5323,Painters and decorators,24.0,39.0,39.9,32.5,36.9,37.0,37.5,,40.0,40.8,42.4,44.0,,SOC10
2018,5330,Construction and building trades supervisors,40.0,41.2,43.4,37.0,37.5,39.0,40.0,40.0,43.6,46.2,48.0,49.7,,SOC10
2018,5411,Weavers and knitters,,37.5,38.0,,,,,,,,,,,SOC10
2018,5412,Upholsterers,6.0,39.0,36.8,,,,36.8,37.8,40.0,40.9,,,,SOC10
2018,5413,Footwear and leather working trades,,39.0,37.6,,,,,,39.0,,,,,SOC10
2018,5414,Tailors and dressmakers,,,28.3,,,,,,,,,,,SOC10
2018,5419,"Textiles, garments and related trades n.e.c.",,,34.3,,,,,,,,,,,SOC10
2018,5421,Pre-press technicians,,38.1,36.7,,,,,,38.5,,,,,SOC10
2018,5422,Printers,15.0,37.8,39.4,35.0,36.7,37.0,37.3,37.5,39.3,,40.6,42.0,,SOC10
2018,5423,Print finishing and binding workers,14.0,38.7,38.7,31.1,36.8,37.5,37.5,37.5,39.8,40.0,41.3,41.9,,SOC10
2018,5431,Butchers,32.0,40.0,38.8,24.0,34.0,36.9,38.0,39.9,41.4,43.9,44.1,45.0,,SOC10
2018,5432,Bakers and flour confectioners,19.0,39.7,36.8,23.0,32.0,34.1,36.4,38.1,40.0,40.7,41.4,42.4,,SOC10
2018,5433,Fishmongers and poultry dressers,6.0,36.3,32.1,,,,,,38.6,40.0,,,,SOC10
2018,5434,Chefs,246.0,40.0,37.6,20.6,28.3,31.1,34.5,37.5,40.0,43.1,44.6,46.0,50.0,SOC10
2018,5435,Cooks,62.0,27.2,27.4,13.3,17.4,20.0,22.1,24.9,30.1,33.0,35.0,36.7,40.0,SOC10
2018,5436,Catering and bar managers,54.0,37.5,35.1,18.6,28.5,31.2,33.1,36.5,40.0,40.0,40.2,42.1,,SOC10
2018,5441,"Glass and ceramics makers, decorators and finishers",,40.0,38.7,,,,36.7,39.0,40.3,,,,,SOC10
2018,5442,Furniture makers and other craft woodworkers,10.0,40.1,41.8,,39.0,39.9,,40.0,42.2,43.0,44.0,,,SOC10
2018,5443,Florists,6.0,24.0,25.3,,,18.0,18.5,20.4,26.5,,,,,SOC10
2018,5449,Other skilled trades n.e.c.,15.0,38.8,37.6,,35.5,36.9,37.0,37.5,39.9,40.0,40.2,41.3,,SOC10
2018,6121,Nursery nurses and assistants,186.0,31.9,29.2,13.0,18.1,20.9,23.2,27.6,35.0,37.3,38.6,40.0,40.9,SOC10
2018,6122,Childminders and related occupations,26.0,29.9,29.3,11.4,16.1,18.7,20.7,25.0,32.1,36.1,39.9,40.0,,SOC10
2018,6123,Playworkers,43.0,13.3,15.9,3.4,6.0,6.4,7.5,10.1,16.0,20.0,22.4,24.8,,SOC10
2018,6125,Teaching assistants,325.0,28.3,26.2,12.7,18.0,20.0,22.5,26.0,30.0,32.5,32.5,33.7,37.0,SOC10
2018,6126,Educational support assistants,152.0,27.5,25.7,11.0,17.5,20.0,22.1,25.0,30.0,31.4,32.5,33.1,37.0,SOC10
2018,6131,Veterinary nurses,12.0,37.3,33.1,,23.7,25.7,29.2,34.8,39.9,40.0,40.1,40.3,,SOC10
2018,6132,Pest control officers,,37.0,35.0,,,,35.5,37.0,37.7,,,,,SOC10
2018,6139,Animal care services occupations n.e.c.,30.0,35.0,30.4,10.1,16.5,19.6,23.3,30.0,37.0,39.0,39.9,40.0,,SOC10
2018,6141,Nursing auxiliaries and assistants,381.0,35.0,31.5,14.0,21.0,23.0,24.9,30.0,37.5,37.5,37.5,37.5,43.0,SOC10
2018,6142,Ambulance staff (excluding paramedics),20.0,37.9,37.8,23.1,37.5,,37.5,37.5,39.5,41.4,42.5,43.2,,SOC10
2018,6143,Dental nurses,45.0,32.1,30.5,15.6,21.0,22.5,23.9,28.2,36.7,37.5,38.4,39.2,,SOC10
2018,6144,Houseparents and residential wardens,17.0,37.0,33.5,15.5,24.2,30.1,32.7,35.5,37.5,39.0,40.0,40.3,,SOC10
2018,6145,Care workers and home carers,739.0,30.8,30.1,10.9,17.5,20.0,22.0,26.5,35.0,37.3,37.7,39.8,46.3,SOC10
2018,6146,Senior care workers,57.0,37.0,35.8,20.2,27.5,29.7,32.2,35.2,37.8,40.0,41.4,43.7,49.2,SOC10
2018,6147,Care escorts,11.0,17.7,21.0,,12.7,14.5,15.0,15.9,20.7,24.6,,,,SOC10
2018,6148,"Undertakers, mortuary and crematorium assistants",15.0,38.0,33.6,,24.0,27.8,30.5,37.0,39.3,40.1,40.7,41.3,,SOC10
2018,6211,Sports and leisure assistants,63.0,17.9,21.8,2.8,6.3,7.9,9.5,14.0,27.7,35.1,37.0,37.6,40.0,SOC10
2018,6212,Travel agents,30.0,37.4,32.7,18.7,24.7,27.7,29.9,33.5,37.5,,37.5,39.2,,SOC10
2018,6214,Air travel assistants,27.0,35.0,29.1,13.6,18.7,18.7,20.0,27.7,37.2,37.4,37.5,37.5,,SOC10
2018,6215,Rail travel assistants,24.0,37.9,38.6,34.4,,35.0,35.2,36.8,40.0,41.9,42.7,43.2,,SOC10
2018,6219,Leisure and travel service occupations n.e.c.,16.0,,18.1,,3.8,4.3,,,,,32.1,35.0,,SOC10
2018,6221,Hairdressers and barbers,61.0,24.8,26.3,13.8,,16.0,18.0,22.5,30.0,35.6,37.4,38.0,,SOC10
2018,6222,Beauticians and related occupations,34.0,27.9,26.7,14.0,16.0,16.5,18.8,22.3,30.9,34.7,36.8,37.4,,SOC10
2018,6231,Housekeepers and related occupations,38.0,30.0,28.1,11.4,16.3,18.3,20.0,25.0,33.6,37.4,37.5,37.7,,SOC10
2018,6232,Caretakers,67.0,37.0,31.4,11.0,19.3,21.9,25.5,35.0,37.0,38.2,39.5,40.0,43.1,SOC10
2018,6240,Cleaning and housekeeping managers and supervisors,48.0,34.6,30.6,12.8,17.5,20.0,22.1,27.6,37.5,39.9,40.0,40.0,,SOC10
2018,7111,Sales and retail assistants,1178.0,23.7,25.1,9.2,13.5,15.1,16.1,20.0,28.0,33.4,36.0,37.5,40.0,SOC10
2018,7112,Retail cashiers and check-out operators,152.0,19.7,21.3,9.0,12.2,13.6,14.8,16.9,22.8,26.8,28.5,30.7,36.8,SOC10
2018,7113,Telephone salespersons,20.0,37.5,33.9,18.3,25.8,31.6,34.7,35.5,37.5,38.9,40.0,40.0,,SOC10
2018,7114,Pharmacy and other dispensing assistants,44.0,28.4,28.1,15.0,18.5,20.0,21.8,24.7,32.7,37.0,37.5,38.1,,SOC10
2018,7115,Vehicle and parts salespersons and advisers,15.0,43.8,43.3,37.5,40.0,40.4,42.0,42.5,45.0,45.3,46.0,47.0,,SOC10
2018,7121,Collector salespersons and credit agents,,,39.5,,,,,,,,,,,SOC10
2018,7122,"Debt, rent and other cash collectors",15.0,37.0,36.4,28.3,,35.6,36.8,37.0,37.5,39.0,39.9,,,SOC10
2018,7123,Roundspersons and van salespersons,4.0,40.9,41.0,,,38.1,38.8,40.0,42.7,,,,,SOC10
2018,7124,Market and street traders and assistants,,,27.6,,,,,,,,,,,SOC10
2018,7125,Merchandisers and window dressers,17.0,36.3,30.2,,,20.0,24.1,34.1,37.5,38.1,39.0,39.1,,SOC10
2018,7129,Sales related occupations n.e.c.,26.0,37.4,32.1,,20.6,22.5,27.9,35.0,37.9,40.0,40.1,42.0,,SOC10
2018,7130,Sales supervisors,93.0,38.8,37.4,25.3,32.4,34.9,36.0,37.5,39.2,40.0,40.3,42.0,45.1,SOC10
2018,7211,Call and contact centre occupations,47.0,37.0,32.8,18.9,24.6,28.3,30.1,35.0,37.5,,37.5,38.8,40.1,SOC10
2018,7213,Telephonists,9.0,30.0,29.4,,18.0,20.0,22.5,25.7,33.4,37.5,38.8,,,SOC10
2018,7214,Communication operators,17.0,37.0,34.1,20.9,24.6,30.1,34.0,35.0,37.5,38.5,39.0,39.4,,SOC10
2018,7215,Market research interviewers,8.0,,18.2,,,,,13.9,,,,,,SOC10
2018,7219,Customer service occupations n.e.c.,380.0,35.7,31.5,16.0,21.0,24.1,28.0,34.9,37.0,37.5,37.5,38.6,40.0,SOC10
2018,7220,Customer service managers and supervisors,92.0,37.5,37.0,30.0,35.0,35.0,35.0,37.0,37.5,39.0,39.9,40.0,42.0,SOC10
2018,8111,"Food, drink and tobacco process operatives",140.0,40.0,39.3,26.5,34.9,36.5,37.4,38.9,40.3,42.0,43.4,44.8,48.7,SOC10
2018,8112,Glass and ceramics process operatives,,40.1,41.7,,,38.1,39.0,,41.5,,,,,SOC10
2018,8113,Textile process operatives,10.0,38.8,37.9,,32.4,35.0,36.1,37.5,40.0,42.0,44.6,,,SOC10
2018,8114,Chemical and related process operatives,25.0,39.9,40.3,34.4,37.4,37.5,37.9,39.0,40.1,41.6,42.2,43.9,,SOC10
2018,8115,Rubber process operatives,,39.2,41.8,,,,36.9,37.5,40.0,41.2,,,,SOC10
2018,8116,Plastics process operatives,13.0,40.0,41.2,36.0,37.6,38.2,39.0,,41.3,42.5,43.8,44.8,,SOC10
2018,8117,Metal making and treating process operatives,10.0,41.3,41.7,37.0,37.5,37.6,38.9,40.0,42.0,43.9,45.0,,,SOC10
2018,8118,Electroplaters,5.0,40.0,42.5,,39.0,39.0,40.0,40.0,42.1,,,,,SOC10
2018,8119,Process operatives n.e.c.,10.0,40.0,43.0,,38.4,38.7,39.0,39.5,42.4,47.7,49.1,,,SOC10
2018,8121,Paper and wood machine operatives,17.0,40.0,41.0,36.0,37.5,37.6,38.6,39.1,40.0,41.5,43.2,44.5,,SOC10
2018,8122,Coal mine operatives,,,,,,,,,,,,,,SOC10
2018,8123,Quarry workers and related operatives,,45.8,47.9,,,,,44.1,47.7,,,,,SOC10
2018,8124,Energy plant operatives,5.0,38.0,38.5,,,37.0,37.0,37.2,39.2,,,,,SOC10
2018,8125,Metal working machine operatives,21.0,40.0,41.0,31.8,37.0,38.0,38.8,39.4,41.2,42.8,44.1,45.3,,SOC10
2018,8126,Water and sewerage plant operatives,12.0,40.0,42.1,36.1,,37.0,38.0,40.0,42.2,44.8,45.8,46.7,,SOC10
2018,8127,Printing machine assistants,19.0,39.9,39.5,35.0,37.0,37.4,37.5,38.7,40.1,41.6,42.7,43.8,,SOC10
2018,8129,Plant and machine operatives n.e.c.,14.0,40.0,40.6,31.9,37.0,37.0,37.9,39.0,42.0,43.3,44.9,45.9,,SOC10
2018,8131,Assemblers (electrical and electronic products),12.0,40.0,41.1,36.6,37.5,37.5,37.5,39.0,41.9,42.8,43.6,45.3,,SOC10
2018,8132,Assemblers (vehicles and metal goods),49.0,39.9,40.3,36.0,37.0,,37.0,38.9,40.5,42.0,42.7,43.7,,SOC10
2018,8133,Routine inspectors and testers,53.0,38.9,39.1,34.5,37.0,37.0,37.5,37.5,40.0,40.6,41.8,42.6,46.2,SOC10
2018,8134,"Weighers, graders and sorters",8.0,38.2,36.4,,,,35.1,37.5,40.0,40.7,42.0,,,SOC10
2018,8135,"Tyre, exhaust and windscreen fitters",19.0,42.8,41.4,35.0,39.8,40.0,40.0,40.2,44.0,44.8,45.2,45.9,,SOC10
2018,8137,Sewing machinists,21.0,37.5,34.3,19.7,27.3,30.0,32.0,35.7,39.0,39.3,,40.0,,SOC10
2018,8139,Assemblers and routine operatives n.e.c.,123.0,39.0,38.9,30.5,36.7,37.0,37.5,38.0,40.0,41.0,42.0,43.6,47.4,SOC10
2018,8141,"Scaffolders, stagers and riggers",20.0,41.1,46.1,38.0,39.0,39.3,,40.0,44.1,48.0,50.2,52.5,,SOC10
2018,8142,Road construction operatives,22.0,45.0,47.3,37.0,37.7,39.4,40.0,42.0,50.0,51.5,53.4,55.2,,SOC10
2018,8143,Rail construction and maintenance operatives,5.0,39.7,40.6,,36.8,37.0,37.0,38.0,40.0,42.0,,,,SOC10
2018,8149,Construction operatives n.e.c.,103.0,40.0,38.3,22.0,34.0,36.1,37.0,37.9,40.0,42.8,44.2,45.0,49.5,SOC10
2018,8211,Large goods vehicle drivers,217.0,48.0,48.8,37.5,40.0,42.3,44.1,46.0,50.0,52.8,55.0,57.0,62.0,SOC10
2018,8212,Van drivers,318.0,40.1,39.1,18.0,27.5,32.0,36.2,39.5,43.0,45.1,46.9,48.0,52.8,SOC10
2018,8213,Bus and coach drivers,128.0,40.4,40.7,22.1,34.7,37.4,38.0,39.3,42.9,46.0,47.2,48.9,55.4,SOC10
2018,8214,Taxi and cab drivers and chauffeurs,16.0,37.0,32.4,,16.0,21.0,24.1,29.6,38.4,41.6,43.4,45.0,,SOC10
2018,8215,Driving instructors,,38.0,36.9,,,,37.1,37.5,39.1,,,,,SOC10
2018,8221,Crane drivers,7.0,50.3,52.6,,40.0,41.8,42.1,47.1,54.7,57.7,,,,SOC10
2018,8222,Fork-lift truck drivers,29.0,40.0,41.6,35.0,37.4,38.0,38.9,39.8,42.0,43.9,45.0,46.2,,SOC10
2018,8223,Agricultural machinery drivers,,47.8,49.2,,,,,42.8,53.4,,,,,SOC10
2018,8229,Mobile machine drivers and operatives n.e.c.,42.0,44.1,45.2,37.0,38.9,39.1,40.0,41.6,46.0,49.0,50.0,52.0,,SOC10
2018,8231,Train and tram drivers,26.0,36.8,38.8,,,,35.0,35.2,38.0,39.7,40.3,41.7,,SOC10
2018,8232,Marine and waterways transport operatives,,42.0,42.3,,,,,41.3,42.0,,,,,SOC10
2018,8233,Air transport operatives,10.0,39.2,38.7,,35.0,36.7,37.5,38.0,40.0,42.2,43.5,,,SOC10
2018,8234,Rail transport operatives,5.0,40.5,40.0,,,37.0,37.0,38.2,42.6,45.5,,,,SOC10
2018,8239,Other drivers and transport operatives n.e.c.,6.0,40.2,41.3,,,38.9,39.5,,42.9,45.2,,,,SOC10
2018,9111,Farm workers,33.0,40.0,39.2,15.0,25.8,31.4,36.5,39.0,43.1,46.3,48.0,50.5,,SOC10
2018,9112,Forestry workers,,37.0,37.7,,,,,37.0,37.0,,,,,SOC10
2018,9119,Fishing and other elementary agriculture occupations n.e.c.,18.0,39.5,36.5,15.9,22.1,28.5,32.0,37.0,40.0,42.5,44.7,46.9,,SOC10
2018,9120,Elementary construction occupations,85.0,40.0,40.4,30.0,37.0,38.6,39.0,,42.0,44.0,45.0,46.0,50.0,SOC10
2018,9132,Industrial cleaning process occupations,16.0,38.5,35.7,,24.4,28.1,34.4,36.5,40.0,41.4,44.1,45.5,,SOC10
2018,9134,"Packers, bottlers, canners and fillers",89.0,39.3,38.4,24.1,34.7,36.2,37.4,38.1,40.0,41.5,43.0,44.5,48.8,SOC10
2018,9139,Elementary process plant occupations n.e.c.,128.0,40.0,40.1,32.0,36.9,37.5,37.5,39.0,40.5,42.8,44.0,45.5,50.0,SOC10
2018,9211,"Postal workers, mail sorters, messengers and couriers",163.0,39.0,36.1,22.1,30.0,32.5,35.0,39.0,39.0,39.3,40.0,41.0,46.2,SOC10
2018,9219,Elementary administration occupations n.e.c.,37.0,34.0,29.7,8.9,16.0,20.0,22.8,28.1,37.0,37.5,39.1,40.0,,SOC10
2018,9231,Window cleaners,,37.5,36.4,,,,,34.7,38.7,,,,,SOC10
2018,9232,Street cleaners,6.0,37.0,36.3,,36.0,36.9,37.0,37.0,37.0,37.6,38.2,,,SOC10
2018,9233,Cleaners and domestics,560.0,17.5,20.6,7.0,10.0,10.8,12.3,15.0,20.4,25.3,29.1,32.0,38.6,SOC10
2018,9234,"Launderers, dry cleaners and pressers",17.0,31.8,30.7,15.4,19.4,20.1,22.5,29.1,36.8,38.5,38.9,39.4,,SOC10
2018,9235,Refuse and salvage occupations,20.0,38.6,39.5,36.0,37.0,37.0,37.0,37.5,40.0,41.7,42.5,43.2,,SOC10
2018,9236,Vehicle valeters and cleaners,16.0,39.9,34.3,16.0,20.9,23.9,24.5,37.5,40.0,41.8,42.7,43.9,,SOC10
2018,9239,Elementary cleaning occupations n.e.c.,,39.9,38.8,,,,,,,,,,,SOC10
2018,9241,Security guards and related occupations,118.0,40.3,39.7,15.6,29.9,34.8,36.1,38.6,42.8,46.8,48.5,51.2,58.4,SOC10
2018,9242,Parking and civil enforcement occupations,12.0,37.0,33.1,,,30.0,35.0,36.9,37.5,39.5,39.9,41.5,,SOC10
2018,9244,School midday and crossing patrol occupations,104.0,7.0,8.5,3.5,5.0,5.4,6.0,6.3,7.5,8.5,9.2,10.0,,SOC10
2018,9249,Elementary security occupations n.e.c.,12.0,25.7,26.3,,10.0,11.9,,21.7,36.1,37.0,37.1,40.0,,SOC10
2018,9251,Shelf fillers,52.0,23.4,24.3,11.4,15.0,16.0,17.5,20.3,26.6,30.8,32.8,34.6,38.2,SOC10
2018,9259,Elementary sales occupations n.e.c.,4.0,,26.4,,,,,,29.7,,,,,SOC10
2018,9260,Elementary storage occupations,515.0,40.0,39.5,28.3,36.0,37.4,37.5,39.0,40.1,42.5,43.8,45.0,48.7,SOC10
2018,9271,Hospital porters,4.0,37.5,35.2,,,,37.5,37.5,37.5,39.1,,,,SOC10
2018,9272,Kitchen and catering assistants,572.0,22.1,23.6,6.7,10.5,12.6,15.0,18.0,26.3,31.5,34.3,36.6,40.3,SOC10
2018,9273,Waiters and waitresses,211.0,16.8,19.7,5.0,8.0,9.1,10.8,13.9,21.3,25.6,28.3,31.3,39.0,SOC10
2018,9274,Bar staff,161.0,18.1,21.0,5.5,9.0,10.5,12.0,15.0,23.0,28.6,30.8,33.6,40.0,SOC10
2018,9275,Leisure and theme park attendants,33.0,11.8,16.0,1.9,3.2,4.1,5.0,8.0,16.1,23.7,26.3,28.7,,SOC10
2018,9279,Other elementary services occupations n.e.c.,16.0,26.8,25.6,,,,,,32.6,37.7,39.5,40.0,,SOC10
2019,1115,Chief executives and senior officials,96.0,35.7,34.6,23.9,,35.0,,35.0,37.0,37.5,,37.5,40.0,SOC10
2019,1116,Elected officers and representatives,8.0,34.0,27.0,,,,,,35.0,36.7,,,,SOC10
2019,1121,Production managers and directors in manufacturing,622.0,37.5,35.5,18.4,35.0,35.0,36.5,37.4,38.3,40.0,40.0,40.0,42.6,SOC10
2019,1122,Production managers and directors in construction,108.0,40.0,39.8,35.0,37.0,37.5,37.5,39.0,40.0,42.0,42.5,44.8,47.4,SOC10
2019,1123,Production managers and directors in mining and energy,12.0,37.5,37.1,,35.3,36.9,37.0,37.5,40.0,40.0,41.6,,,SOC10
2019,1131,Financial managers and directors,330.0,36.7,34.9,25.8,34.9,,35.0,35.0,37.5,,37.5,38.6,40.0,SOC10
2019,1132,Marketing and sales directors,199.0,37.5,36.6,34.7,,35.0,36.2,37.4,37.5,39.1,40.0,40.0,40.0,SOC10
2019,1133,Purchasing managers and directors,69.0,37.5,37.5,35.0,36.0,36.8,37.0,37.4,37.5,37.9,39.1,40.0,,SOC10
2019,1134,Advertising and public relations directors,12.0,37.5,35.7,,35.0,35.2,36.2,37.0,,37.5,38.0,,,SOC10
2019,1135,Human resource managers and directors,141.0,37.0,35.5,28.0,34.9,35.0,35.0,36.0,37.4,37.5,37.5,37.9,40.0,SOC10
2019,1136,Information technology and telecommunications directors,35.0,37.5,36.6,34.6,35.0,36.0,36.6,37.0,37.5,37.5,39.1,39.9,,SOC10
2019,1139,Functional managers and directors n.e.c.,69.0,37.0,33.7,17.3,30.1,35.0,35.0,35.9,37.5,,37.5,39.5,,SOC10
2019,1150,Financial institution managers and directors,66.0,35.0,35.0,,34.9,,,,35.0,35.0,36.9,37.5,,SOC10
2019,1161,Managers and directors in transport and distribution,72.0,40.0,39.8,35.0,37.0,37.5,37.5,39.1,40.0,42.4,44.0,44.8,,SOC10
2019,1162,Managers and directors in storage and warehousing,128.0,39.9,39.7,35.0,37.4,37.5,37.5,39.0,40.0,40.3,42.0,43.6,46.8,SOC10
2019,1171,Officers in armed forces,,,,,,,,,,,,,,SOC10
2019,1172,Senior police officers,10.0,40.0,39.4,,40.0,,,40.0,40.0,,,,,SOC10
2019,1173,"Senior officers in fire, ambulance, prison and related services",8.0,38.8,38.6,,37.0,,,37.0,40.3,42.0,,,,SOC10
2019,1181,Health services and public health managers and directors,47.0,37.5,35.9,25.2,35.0,36.9,37.0,37.5,37.5,37.5,37.5,37.8,,SOC10
2019,1184,Social services managers and directors,20.0,37.0,34.6,23.0,32.3,35.0,35.8,36.4,37.0,37.3,,37.5,,SOC10
2019,1190,Managers and directors in retail and wholesale,345.0,39.0,37.9,30.0,35.0,36.3,37.3,37.5,39.9,40.0,40.0,41.3,45.0,SOC10
2019,1211,Managers and proprietors in agriculture and horticulture,14.0,40.0,39.7,,36.1,37.0,37.5,39.4,40.4,42.8,45.0,,,SOC10
2019,1213,"Managers and proprietors in forestry, fishing and related services",,39.8,40.1,,,,,39.1,40.0,,,,,SOC10
2019,1221,Hotel and accommodation managers and proprietors,18.0,39.9,39.2,35.0,36.8,37.4,37.5,39.0,40.0,40.0,40.6,41.9,,SOC10
2019,1223,Restaurant and catering establishment managers and proprietors,55.0,40.2,40.1,25.7,35.3,37.4,38.9,40.0,44.2,45.0,47.9,48.0,,SOC10
2019,1224,Publicans and managers of licensed premises,11.0,40.0,39.3,,30.8,35.3,37.3,40.0,44.9,48.0,48.0,,,SOC10
2019,1225,Leisure and sports managers,38.0,38.6,36.8,28.1,35.0,35.8,37.0,37.3,39.9,,40.0,40.0,,SOC10
2019,1226,Travel agency managers and proprietors,,37.5,36.8,,,,37.4,37.4,37.5,,,,,SOC10
2019,1241,Health care practice managers,18.0,37.0,34.1,22.8,29.0,30.1,32.2,36.7,37.5,37.5,39.9,,,SOC10
2019,1242,"Residential, day and domiciliary  care managers and proprietors",56.0,37.5,37.4,28.0,34.6,35.0,36.2,37.0,38.4,40.0,40.0,40.0,,SOC10
2019,1251,"Property, housing and estate managers",117.0,37.2,35.5,23.8,34.9,35.0,35.0,37.0,37.5,37.5,39.4,40.0,40.8,SOC10
2019,1252,Garage managers and proprietors,7.0,40.3,42.0,,,39.1,40.0,40.0,41.0,44.9,,,,SOC10
2019,1253,Hairdressing and beauty salon managers and proprietors,8.0,38.6,35.0,,30.0,32.3,33.1,36.6,40.0,,,,,SOC10
2019,1254,Shopkeepers and proprietors – wholesale and retail,10.0,37.7,37.1,,33.6,35.0,36.6,37.0,40.0,,,,,SOC10
2019,1255,Waste disposal and environmental services managers,6.0,37.3,37.0,,,,36.7,37.0,38.8,39.9,,,,SOC10
2019,1259,Managers and proprietors in other services n.e.c.,84.0,37.5,36.3,24.3,34.4,35.0,36.1,37.0,37.5,39.0,40.0,40.0,45.0,SOC10
2019,2111,Chemical scientists,12.0,37.5,38.0,35.0,36.7,37.0,37.2,,37.5,39.8,,,,SOC10
2019,2112,Biological scientists and biochemists,55.0,37.5,35.4,22.5,34.8,36.5,37.0,,37.5,37.5,37.5,37.5,,SOC10
2019,2113,Physical scientists,12.0,37.5,37.9,,36.1,,37.0,37.0,37.5,39.9,,,,SOC10
2019,2114,Social and humanities scientists,7.0,37.0,35.2,,32.4,34.1,35.0,36.8,37.3,37.5,,,,SOC10
2019,2119,Natural and social science professionals n.e.c.,48.0,36.9,36.1,34.4,35.0,,35.0,36.2,37.0,37.5,37.5,,,SOC10
2019,2121,Civil engineers,48.0,37.5,38.7,35.9,37.0,,37.4,37.5,38.3,40.0,40.0,40.1,,SOC10
2019,2122,Mechanical engineers,34.0,37.5,38.3,35.0,36.4,36.9,37.0,37.5,39.1,40.0,40.1,41.0,,SOC10
2019,2123,Electrical engineers,23.0,37.5,37.9,35.0,36.9,36.9,37.0,37.3,37.5,38.4,39.8,40.0,,SOC10
2019,2124,Electronics engineers,,37.5,38.4,,,,,37.5,39.8,,,,,SOC10
2019,2126,Design and development engineers,93.0,37.5,37.2,35.0,36.8,36.9,37.0,37.4,37.5,39.0,39.8,40.0,40.2,SOC10
2019,2127,Production and process engineers,50.0,37.5,38.1,35.0,36.9,37.0,37.0,37.4,37.8,39.0,39.5,40.0,,SOC10
2019,2129,Engineering professionals n.e.c.,167.0,37.5,37.8,35.0,36.9,36.9,37.0,37.4,37.6,39.1,40.0,40.0,42.0,SOC10
2019,2133,IT specialist managers,172.0,37.5,37.3,35.0,35.0,36.1,36.9,37.0,,37.5,38.3,39.9,40.0,SOC10
2019,2134,IT project and programme managers,21.0,37.0,36.4,34.9,35.0,35.0,35.0,37.0,37.5,37.5,37.5,,,SOC10
2019,2135,"IT business analysts, architects and systems designers",122.0,37.5,37.2,35.0,35.0,36.0,36.9,37.0,37.5,37.5,38.8,39.8,40.0,SOC10
2019,2136,Programmers and software development professionals,252.0,37.5,36.9,35.0,35.9,37.0,37.0,37.5,,37.5,38.3,39.8,40.0,SOC10
2019,2137,Web design and development professionals,51.0,37.5,36.6,34.9,35.0,36.1,37.0,,,37.5,37.9,39.9,,SOC10
2019,2139,Information technology and telecommunications professionals n.e.c.,110.0,37.5,36.3,34.9,35.0,36.5,37.0,37.5,37.5,37.9,39.5,40.0,40.0,SOC10
2019,2141,Conservation professionals,11.0,37.0,36.0,,35.0,35.0,36.1,37.0,37.0,37.5,37.5,,,SOC10
2019,2142,Environment professionals,34.0,37.3,37.4,34.0,35.1,36.8,37.0,37.0,37.5,38.1,39.6,40.0,,SOC10
2019,2150,Research and development managers,63.0,37.4,35.8,28.1,35.0,35.0,36.2,37.0,37.5,37.5,38.8,39.9,,SOC10
2019,2211,Medical practitioners,274.0,40.0,36.0,20.0,30.0,35.0,37.0,38.4,40.0,40.0,40.0,40.0,43.8,SOC10
2019,2212,Psychologists,30.0,37.0,31.6,18.7,22.5,26.2,29.9,33.4,37.5,,37.5,37.5,,SOC10
2019,2213,Pharmacists,53.0,37.5,33.2,18.0,22.5,27.5,30.0,36.9,37.5,38.9,40.0,40.0,,SOC10
2019,2214,Ophthalmic opticians,8.0,30.1,29.1,,,,,28.2,34.9,37.5,,,,SOC10
2019,2215,Dental practitioners,9.0,35.0,31.2,,,,31.1,34.9,37.3,37.5,,,,SOC10
2019,2216,Veterinarians,23.0,40.0,36.1,,27.5,30.9,33.6,38.3,40.0,40.0,40.7,41.9,,SOC10
2019,2217,Medical radiographers,35.0,37.5,33.7,,29.0,30.0,33.7,37.5,37.5,37.5,37.5,37.5,,SOC10
2019,2218,Podiatrists,7.0,30.3,29.6,,22.1,22.4,22.5,29.9,35.6,37.5,,,,SOC10
2019,2219,Health professionals n.e.c.,45.0,37.5,33.3,18.7,28.0,30.1,36.4,37.4,,37.5,37.5,37.5,,SOC10
2019,2221,Physiotherapists,57.0,37.5,31.5,16.5,22.5,23.6,28.0,33.7,37.5,37.5,37.5,37.5,,SOC10
2019,2222,Occupational therapists,35.0,37.0,31.9,19.5,22.5,24.9,26.6,32.5,,37.5,37.5,37.5,,SOC10
2019,2223,Speech and language therapists,15.0,33.7,29.7,,21.8,22.4,22.5,30.0,37.5,37.5,37.5,,,SOC10
2019,2229,Therapy professionals n.e.c.,19.0,37.0,31.3,18.7,22.5,22.5,26.1,30.0,37.5,37.5,37.5,37.5,,SOC10
2019,2231,Nurses,952.0,37.4,31.2,12.5,22.5,23.0,27.0,32.3,,37.5,37.5,37.5,39.8,SOC10
2019,2232,Midwives,44.0,31.4,30.2,18.7,22.5,23.0,24.0,30.0,34.9,37.5,,37.5,,SOC10
2019,2311,Higher education teaching professionals,169.0,35.0,30.7,10.5,22.2,30.0,34.9,35.0,36.2,36.9,,37.0,37.0,SOC10
2019,2312,Further education teaching professionals,143.0,35.0,28.2,7.2,17.5,21.0,23.9,32.2,35.0,36.5,37.0,37.0,37.0,SOC10
2019,2314,Secondary education teaching professionals,473.0,32.4,28.8,16.6,24.2,25.0,26.6,31.3,32.5,32.5,,32.5,36.3,SOC10
2019,2315,Primary and nursery education teaching professionals,478.0,32.4,28.0,14.5,20.5,24.2,26.0,29.1,32.5,32.5,32.5,32.5,35.0,SOC10
2019,2316,Special needs education teaching professionals,43.0,32.4,27.3,9.8,19.5,22.5,24.5,27.8,32.5,32.5,32.5,35.0,,SOC10
2019,2317,Senior professionals of educational establishments,106.0,32.5,32.5,25.0,28.0,31.5,32.4,32.5,35.0,36.0,37.0,37.0,37.5,SOC10
2019,2318,Education advisers and school inspectors,18.0,36.0,32.8,17.9,25.8,29.0,32.2,35.0,37.0,,37.0,37.4,,SOC10
2019,2319,Teaching and other educational professionals n.e.c.,106.0,26.4,23.4,3.1,6.4,9.8,12.9,18.5,32.5,35.9,37.0,37.0,39.5,SOC10
2019,2412,Barristers and judges,9.0,36.2,31.6,,,24.2,26.0,35.0,,37.0,,,,SOC10
2019,2413,Solicitors,82.0,35.0,33.7,27.9,33.7,35.0,35.0,,35.0,36.2,36.8,37.1,,SOC10
2019,2419,Legal professionals n.e.c.,48.0,35.0,34.1,28.0,33.8,35.0,35.0,,36.0,37.0,37.5,37.5,,SOC10
2019,2421,Chartered and certified accountants,91.0,37.0,34.3,24.1,34.0,35.0,35.0,35.5,37.4,37.5,,37.5,39.9,SOC10
2019,2423,Management consultants and business analysts,195.0,37.0,35.7,32.6,,35.0,35.0,36.1,37.5,37.5,,37.5,40.0,SOC10
2019,2424,Business and financial project management professionals,270.0,37.4,36.9,34.5,35.0,35.0,35.9,37.0,,37.5,38.9,40.0,40.3,SOC10
2019,2425,"Actuaries, economists and statisticians",30.0,36.9,35.8,32.5,,35.0,35.0,35.4,37.0,37.5,,37.6,,SOC10
2019,2426,Business and related research professionals,102.0,36.0,33.9,22.5,34.9,35.0,,35.0,37.0,37.0,37.3,37.5,37.6,SOC10
2019,2429,"Business, research and administrative professionals n.e.c.",52.0,37.0,35.5,28.0,35.0,35.7,36.1,36.9,,37.0,37.0,37.5,,SOC10
2019,2431,Architects,40.0,37.5,37.1,34.5,36.6,37.0,37.5,,,37.6,38.9,40.0,,SOC10
2019,2432,Town planning officers,7.0,37.0,35.8,,34.9,35.7,36.3,37.0,37.0,,,,,SOC10
2019,2433,Quantity surveyors,40.0,39.0,38.3,34.4,37.0,37.4,37.5,37.5,40.0,40.0,41.3,42.5,,SOC10
2019,2434,Chartered surveyors,69.0,37.5,37.0,35.0,35.0,36.2,37.0,37.0,37.5,38.9,40.0,40.0,,SOC10
2019,2435,Chartered architectural technologists,,37.3,37.7,,,,,,37.5,,,,,SOC10
2019,2436,Construction project managers and related professionals,24.0,38.5,38.9,35.0,36.5,37.0,37.0,37.5,40.0,40.0,40.0,42.5,,SOC10
2019,2442,Social workers,115.0,36.9,33.5,21.0,30.0,31.3,35.0,36.0,37.0,,37.0,37.0,37.5,SOC10
2019,2443,Probation officers,13.0,37.0,33.3,20.0,25.0,29.7,33.1,36.8,,,,,,SOC10
2019,2444,Clergy,42.0,35.8,31.1,15.7,21.0,23.0,24.2,35.0,37.0,37.5,37.5,40.0,,SOC10
2019,2449,Welfare professionals n.e.c.,18.0,36.9,33.2,22.5,26.9,28.1,30.0,35.0,37.0,,37.0,,,SOC10
2019,2451,Librarians,13.0,35.0,30.0,,19.9,21.7,23.7,32.4,36.1,37.0,37.0,,,SOC10
2019,2452,Archivists and curators,9.0,34.8,30.6,,21.0,22.3,27.6,30.1,35.4,36.2,,,,SOC10
2019,2461,Quality control and planning engineers,44.0,37.5,37.6,35.0,36.2,36.9,36.9,37.0,37.5,38.6,39.0,39.8,,SOC10
2019,2462,Quality assurance and regulatory professionals,90.0,37.0,36.2,32.3,35.0,35.0,35.8,36.9,37.5,37.5,38.4,39.4,40.0,SOC10
2019,2463,Environmental health professionals,11.0,37.0,35.4,,33.3,,35.8,37.0,37.0,,37.0,,,SOC10
2019,2471,"Journalists, newspaper and periodical editors",41.0,35.0,34.6,28.4,35.0,35.0,,,37.3,37.5,37.5,37.5,,SOC10
2019,2472,Public relations professionals,34.0,37.0,34.7,20.0,34.9,35.0,35.0,36.1,37.5,,37.5,39.1,,SOC10
2019,2473,Advertising accounts managers and creative directors,27.0,37.4,35.5,30.0,34.9,35.0,35.0,36.2,37.5,,,37.6,,SOC10
2019,3111,Laboratory technicians,71.0,37.5,35.1,24.1,32.1,35.0,35.5,37.0,37.5,37.6,38.6,39.7,40.6,SOC10
2019,3112,Electrical and electronics technicians,10.0,39.6,39.7,,37.0,37.5,37.5,38.0,40.0,40.6,42.1,,,SOC10
2019,3113,Engineering technicians,82.0,38.1,39.2,35.0,36.9,37.0,37.0,37.5,39.2,40.0,41.0,42.0,46.0,SOC10
2019,3114,Building and civil engineering technicians,,37.0,36.2,,,,35.0,36.6,37.5,,,,,SOC10
2019,3115,Quality assurance technicians,31.0,37.6,38.9,35.5,37.0,37.0,37.5,37.5,39.1,40.0,40.0,40.2,,SOC10
2019,3116,"Planning, process and production technicians",42.0,37.9,38.7,35.1,36.9,37.0,37.0,37.5,39.0,40.0,40.0,40.9,,SOC10
2019,3119,"Science, engineering and production technicians n.e.c.",157.0,38.4,38.6,34.9,36.5,37.0,37.0,37.5,40.0,40.0,41.4,42.5,45.0,SOC10
2019,3121,Architectural and town planning technicians,18.0,37.5,35.7,,36.6,37.0,37.0,37.5,,37.5,37.8,39.7,,SOC10
2019,3122,Draughtspersons,34.0,37.5,38.6,35.0,37.0,37.3,37.5,37.5,39.1,40.0,40.0,40.1,,SOC10
2019,3131,IT operations technicians,121.0,37.4,36.4,33.0,35.0,35.0,36.5,37.0,37.5,37.5,37.8,39.0,40.0,SOC10
2019,3132,IT user support technicians,143.0,37.5,36.7,34.5,35.0,36.2,36.9,37.0,,37.5,38.2,39.4,40.0,SOC10
2019,3213,Paramedics,29.0,38.1,38.4,28.1,37.5,37.5,37.5,37.5,38.9,40.4,41.3,42.7,,SOC10
2019,3216,Dispensing opticians,,37.4,32.4,,,,,36.8,37.5,,,,,SOC10
2019,3217,Pharmaceutical technicians,24.0,37.5,33.5,20.1,25.1,28.5,30.0,36.2,37.5,37.5,37.9,38.9,,SOC10
2019,3218,Medical and dental technicians,22.0,37.5,35.5,22.5,29.7,33.9,35.0,37.5,37.5,37.6,38.5,39.6,,SOC10
2019,3219,Health associate professionals n.e.c.,11.0,32.9,30.0,,20.2,21.4,24.0,29.5,37.0,37.5,37.5,,,SOC10
2019,3231,Youth and community workers,84.0,35.0,28.4,,16.6,20.0,22.7,30.1,36.8,37.0,,37.0,,SOC10
2019,3233,Child and early years officers,38.0,35.0,30.5,,22.5,25.0,29.1,32.0,36.1,37.0,,,,SOC10
2019,3234,Housing officers,41.0,36.9,33.8,21.2,33.1,35.0,35.0,36.0,37.0,,,37.0,,SOC10
2019,3235,Counsellors,16.0,25.5,25.9,,15.0,17.0,18.6,22.5,31.5,,35.1,,,SOC10
2019,3239,Welfare and housing associate professionals n.e.c.,117.0,35.0,30.3,14.6,20.5,22.6,27.4,32.2,37.0,37.0,37.0,37.5,38.6,SOC10
2019,3311,NCOs and other ranks,,,,,,,,,,,,,,SOC10
2019,3312,Police officers (sergeant and below),193.0,40.0,41.2,37.0,,,40.0,40.0,40.6,41.8,42.9,44.1,46.3,SOC10
2019,3313,Fire service officers (watch manager and below),52.0,42.0,38.6,,41.9,41.9,42.0,,42.0,42.2,42.5,42.8,,SOC10
2019,3314,Prison service officers (below principal officer),29.0,39.0,38.2,,,,,37.0,,39.0,39.8,40.0,,SOC10
2019,3315,Police community support officers,12.0,37.0,35.8,,36.1,36.2,37.0,,37.0,,,,,SOC10
2019,3319,Protective service associate professionals n.e.c.,26.0,37.5,37.5,32.2,35.4,36.3,37.0,37.0,38.8,40.0,41.0,,,SOC10
2019,3411,Artists,7.0,37.5,36.0,,35.0,35.0,36.0,37.3,37.5,40.0,,,,SOC10
2019,3412,"Authors, writers and translators",15.0,36.9,33.3,,29.9,32.0,35.0,35.0,37.5,37.5,,,,SOC10
2019,3413,"Actors, entertainers and presenters",,,,,,,,,,,,,,SOC10
2019,3414,Dancers and choreographers,,,,,,,,,,,,,,SOC10
2019,3415,Musicians,,,20.4,,,,,,,,,,,SOC10
2019,3416,"Arts officers, producers and directors",19.0,37.5,36.2,,35.0,35.4,36.5,37.5,37.5,39.8,40.0,40.0,,SOC10
2019,3417,"Photographers, audio-visual and broadcasting equipment operators",18.0,37.6,35.8,,35.0,35.3,36.8,37.2,39.6,40.0,,40.0,,SOC10
2019,3421,Graphic designers,52.0,37.5,36.2,29.8,35.0,37.0,37.4,37.5,37.5,38.9,40.0,40.0,,SOC10
2019,3422,"Product, clothing and related designers",37.0,37.5,36.0,,35.0,36.0,37.0,37.5,38.5,40.0,40.0,40.0,,SOC10
2019,3441,Sports players,13.0,,24.6,,8.5,,,,35.0,37.4,,,,SOC10
2019,3442,"Sports coaches, instructors and officials",60.0,,18.6,1.8,3.6,4.5,5.9,8.9,21.8,34.8,35.1,37.0,,SOC10
2019,3443,Fitness instructors,33.0,17.9,18.9,2.1,,,,,23.0,28.8,31.6,34.7,,SOC10
2019,3511,Air traffic controllers,,39.9,40.0,,,,,,,,,,,SOC10
2019,3512,Aircraft pilots and flight engineers,8.0,39.0,38.4,,,37.0,,37.5,,,,,,SOC10
2019,3513,Ship and hovercraft officers,,37.7,39.0,,,,,,,,,,,SOC10
2019,3520,Legal associate professionals,64.0,35.0,34.8,28.9,34.9,35.0,35.0,,36.9,37.0,37.5,37.5,,SOC10
2019,3531,"Estimators, valuers and assessors",48.0,37.4,36.3,29.8,34.9,35.0,35.0,36.9,37.5,39.8,40.0,40.0,,SOC10
2019,3532,Brokers,13.0,35.4,34.8,,26.1,35.0,35.0,35.0,37.5,,40.0,,,SOC10
2019,3533,Insurance underwriters,24.0,35.0,34.3,28.8,34.9,35.0,,35.0,,,35.0,35.9,,SOC10
2019,3534,Finance and investment analysts and advisers,137.0,36.1,36.0,34.9,,,35.0,35.0,37.0,37.5,,37.5,40.0,SOC10
2019,3535,Taxation experts,16.0,35.0,34.6,28.0,34.9,,35.0,35.0,36.2,37.4,,,,SOC10
2019,3536,Importers and exporters,,35.4,36.2,,,,,,36.8,,,,,SOC10
2019,3537,Financial and accounting technicians,32.0,37.0,34.1,22.5,30.0,33.9,35.0,35.0,37.5,37.5,,37.5,,SOC10
2019,3538,Financial accounts managers,117.0,37.0,35.1,26.1,34.9,35.0,35.0,35.0,37.5,,37.5,38.5,40.0,SOC10
2019,3539,Business and related associate professionals n.e.c.,190.0,37.0,34.9,25.0,34.9,35.0,35.0,36.1,37.0,,37.5,37.5,39.9,SOC10
2019,3541,Buyers and procurement officers,60.0,37.5,36.7,33.0,35.0,36.3,36.9,37.0,37.5,38.0,39.0,39.9,,SOC10
2019,3542,Business sales executives,252.0,37.5,37.1,30.4,35.0,36.9,37.4,37.5,39.1,40.0,40.0,40.0,44.0,SOC10
2019,3543,Marketing associate professionals,153.0,37.0,35.0,26.0,35.0,35.0,35.0,36.3,37.5,,37.5,38.9,40.0,SOC10
2019,3544,Estate agents and auctioneers,29.0,37.4,32.0,12.1,20.4,23.5,27.1,34.5,38.1,40.0,40.0,40.0,,SOC10
2019,3545,Sales accounts and business development managers,589.0,37.5,37.3,35.0,35.0,36.0,36.9,37.4,37.5,38.9,39.9,40.0,40.0,SOC10
2019,3546,Conference and exhibition managers and organisers,41.0,36.2,29.7,5.8,,,23.4,35.0,37.1,37.5,39.9,40.0,,SOC10
2019,3550,Conservation and environmental associate professionals,6.0,37.0,34.5,,,,37.0,37.0,37.1,37.5,,,,SOC10
2019,3561,Public services associate professionals,90.0,37.0,36.4,28.1,35.0,36.1,,36.9,37.0,37.5,39.8,41.0,,SOC10
2019,3562,Human resources and industrial relations officers,153.0,37.4,35.8,28.1,35.0,35.0,35.2,37.0,37.5,37.8,39.0,40.0,40.5,SOC10
2019,3563,Vocational and industrial trainers and instructors,125.0,37.0,34.5,22.5,32.5,35.0,35.0,36.2,37.4,37.5,37.9,39.2,40.0,SOC10
2019,3564,Careers advisers and vocational guidance specialists,15.0,35.0,29.9,,,22.4,27.6,34.8,36.9,37.0,,,,SOC10
2019,3565,Inspectors of standards and regulations,23.0,37.0,35.1,19.9,32.6,34.8,36.0,37.0,37.0,37.5,39.5,40.0,,SOC10
2019,3567,Health and safety officers,33.0,37.4,36.7,32.0,36.0,36.2,36.9,37.0,37.5,38.8,39.1,40.0,,SOC10
2019,4112,National government administrative occupations,112.0,37.0,36.4,24.0,33.3,36.0,36.9,37.0,37.0,41.0,,42.0,42.0,SOC10
2019,4113,Local government administrative occupations,66.0,36.9,32.1,18.6,24.0,29.0,32.3,35.9,37.0,37.0,,37.0,37.4,SOC10
2019,4114,Officers of non-governmental organisations,10.0,34.0,26.5,,,,,28.0,35.0,35.4,36.3,,,SOC10
2019,4121,Credit controllers,26.0,36.8,33.5,20.6,28.7,31.1,34.9,35.0,37.1,37.5,,37.5,,SOC10
2019,4122,"Book-keepers, payroll managers and wages clerks",291.0,36.1,31.2,15.0,22.0,24.9,29.6,35.0,37.4,37.5,,37.5,40.0,SOC10
2019,4123,Bank and post office clerks,78.0,35.0,31.3,17.0,22.6,27.2,30.1,34.9,35.0,35.0,35.7,37.0,38.3,SOC10
2019,4124,Finance officers,23.0,36.0,32.1,19.3,24.0,28.1,30.0,35.0,37.0,37.0,37.0,37.5,,SOC10
2019,4129,Financial administrative occupations n.e.c.,125.0,35.0,32.2,18.0,24.0,28.0,30.1,35.0,37.0,37.5,37.5,37.5,40.0,SOC10
2019,4131,Records clerks and assistants,135.0,37.0,33.0,19.8,25.0,30.0,32.0,35.5,37.5,37.5,37.5,37.5,40.0,SOC10
2019,4132,Pensions and insurance clerks and assistants,36.0,35.0,34.2,22.0,32.2,34.9,35.0,,36.5,37.5,,37.5,,SOC10
2019,4133,Stock control clerks and assistants,79.0,37.5,35.8,22.0,31.2,35.0,36.5,37.4,38.9,40.0,40.0,40.1,42.7,SOC10
2019,4134,Transport and distribution clerks and assistants,60.0,38.7,38.5,30.8,35.7,37.0,37.1,37.5,40.0,40.3,41.2,42.5,46.1,SOC10
2019,4135,Library clerks and assistants,23.0,24.0,23.9,,12.0,16.0,18.0,20.6,29.1,34.9,35.0,36.0,,SOC10
2019,4138,Human resources administrative occupations,23.0,37.0,33.6,20.7,27.8,30.1,33.9,35.0,37.5,,37.5,37.9,,SOC10
2019,4151,Sales administrators,74.0,37.5,34.7,20.8,30.5,35.0,35.0,37.0,37.5,38.4,39.3,40.0,40.4,SOC10
2019,4159,Other administrative occupations n.e.c.,1036.0,34.5,28.2,8.6,15.9,18.4,20.7,27.6,36.0,37.0,37.5,37.5,40.0,SOC10
2019,4161,Office managers,193.0,37.4,35.2,22.5,32.0,35.0,35.0,36.8,37.5,38.9,40.0,40.0,41.2,SOC10
2019,4162,Office supervisors,37.0,37.5,36.1,22.9,33.4,35.0,36.3,37.0,37.7,39.9,40.0,40.0,,SOC10
2019,4211,Medical secretaries,44.0,31.4,29.7,16.2,21.6,22.5,24.0,29.9,36.1,,37.5,37.5,,SOC10
2019,4212,Legal secretaries,26.0,35.0,31.8,21.0,25.0,28.0,30.0,34.9,,35.0,36.1,36.3,,SOC10
2019,4213,School secretaries,23.0,32.6,29.1,13.9,19.9,21.8,25.0,30.0,35.0,36.0,36.6,37.0,,SOC10
2019,4214,Company secretaries,15.0,20.0,21.7,7.0,10.5,12.0,14.2,16.1,,27.6,35.0,37.4,,SOC10
2019,4215,Personal assistants and other secretaries,213.0,32.0,27.4,8.6,15.0,17.2,20.0,25.1,35.0,36.9,37.2,37.5,39.9,SOC10
2019,4216,Receptionists,261.0,29.2,28.1,13.8,18.0,20.1,22.1,25.0,32.9,36.4,37.0,37.5,40.0,SOC10
2019,4217,Typists and related keyboard occupations,19.0,36.0,32.4,18.1,24.0,29.3,30.0,35.0,37.0,37.5,37.5,38.2,,SOC10
2019,5111,Farmers,6.0,40.1,42.4,,,36.5,39.3,40.0,43.2,44.7,,,,SOC10
2019,5112,Horticultural trades,,37.5,36.9,,,,36.5,37.1,39.8,,,,,SOC10
2019,5113,Gardeners and landscape gardeners,40.0,37.6,35.3,19.4,33.7,35.9,36.9,37.0,39.8,,40.0,40.0,,SOC10
2019,5114,Groundsmen and greenkeepers,42.0,39.2,37.9,35.0,37.0,37.0,37.4,38.0,40.0,40.1,41.2,42.0,,SOC10
2019,5119,Agricultural and fishing trades n.e.c.,11.0,39.9,39.5,,36.9,37.0,37.0,39.0,40.0,40.1,44.5,,,SOC10
2019,5211,Smiths and forge workers,,,29.3,,,,,,,,,,,SOC10
2019,5212,"Moulders, core makers and die casters",,39.0,35.3,,,,,,,,,,,SOC10
2019,5213,Sheet metal workers,10.0,40.0,41.4,,37.6,38.9,39.0,39.9,42.2,43.6,44.8,,,SOC10
2019,5214,"Metal plate workers, and riveters",,39.3,42.2,,,,,38.0,40.9,,,,,SOC10
2019,5215,Welding trades,49.0,41.5,44.0,37.0,38.3,39.0,39.1,40.0,44.0,45.7,47.6,48.5,,SOC10
2019,5216,Pipe fitters,,45.4,46.2,,,,40.3,43.3,47.0,,,,,SOC10
2019,5221,Metal machining setters and setter-operators,53.0,40.0,41.6,36.9,37.5,37.8,38.7,39.1,41.5,43.0,44.4,45.5,,SOC10
2019,5222,"Tool makers, tool fitters and markers-out",8.0,40.0,39.2,,37.2,38.4,38.6,39.0,40.0,41.7,,,,SOC10
2019,5223,Metal working production and maintenance fitters,316.0,40.0,42.1,36.5,37.4,37.5,38.4,40.0,42.0,44.0,45.0,46.6,51.5,SOC10
2019,5224,Precision instrument makers and repairers,10.0,40.0,39.5,,37.0,37.5,37.5,39.0,40.0,40.6,42.0,,,SOC10
2019,5225,Air-conditioning and refrigeration engineers,6.0,44.0,44.3,,,40.0,41.0,42.2,44.8,46.4,,,,SOC10
2019,5231,"Vehicle technicians, mechanics and electricians",136.0,41.0,42.1,36.9,38.7,39.9,40.0,40.0,42.5,44.4,45.0,46.1,50.0,SOC10
2019,5232,Vehicle body builders and repairers,23.0,40.0,41.5,37.0,38.6,,39.0,40.0,41.2,42.7,43.5,44.7,,SOC10
2019,5234,Vehicle paint technicians,9.0,40.2,40.6,,38.6,39.5,40.0,40.0,42.0,42.5,,,,SOC10
2019,5235,Aircraft maintenance and related trades,6.0,37.5,39.5,,,,36.9,37.0,38.9,40.0,,,,SOC10
2019,5236,Boat and ship builders and repairers,6.0,42.5,43.3,,,,38.8,40.5,43.8,47.3,,,,SOC10
2019,5237,Rail and rolling stock builders and repairers,,37.7,38.7,,,,,36.9,39.1,,,,,SOC10
2019,5241,Electricians and electrical fitters,141.0,40.0,41.3,36.9,37.5,37.7,38.6,39.9,41.3,43.0,44.2,45.6,50.0,SOC10
2019,5242,Telecommunications engineers,20.0,39.3,40.5,36.0,37.0,37.3,37.5,38.1,40.0,40.9,41.8,43.7,,SOC10
2019,5244,"TV, video and audio engineers",5.0,39.9,39.1,,,37.6,38.5,39.8,40.0,,,,,SOC10
2019,5245,IT engineers,16.0,37.5,36.2,,36.1,36.9,37.0,37.5,37.5,38.0,39.1,,,SOC10
2019,5249,Electrical and electronic trades n.e.c.,127.0,40.0,41.2,36.9,37.5,,37.5,39.5,40.4,42.7,43.8,45.1,48.6,SOC10
2019,5250,"Skilled metal, electrical and electronic trades supervisors",43.0,40.0,41.2,36.0,37.5,38.0,38.8,40.0,41.7,44.1,44.9,46.0,,SOC10
2019,5311,Steel erectors,,40.5,42.0,,,,38.3,,44.7,,,,,SOC10
2019,5312,Bricklayers and masons,16.0,39.0,39.8,35.3,37.0,37.0,37.5,38.7,39.2,41.8,43.6,,,SOC10
2019,5313,"Roofers, roof tilers and slaters",14.0,39.9,39.6,36.0,37.5,38.0,,39.0,,,40.0,41.4,,SOC10
2019,5314,Plumbers and heating and ventilating engineers,59.0,40.0,40.1,35.8,37.0,37.5,38.0,39.5,40.0,41.9,42.5,44.2,,SOC10
2019,5315,Carpenters and joiners,79.0,40.0,41.0,36.8,37.5,38.5,39.0,39.8,40.0,42.2,42.8,44.5,,SOC10
2019,5316,"Glaziers, window fabricators and fitters",19.0,40.0,40.9,35.0,38.8,39.1,40.0,,40.7,42.4,43.0,43.7,,SOC10
2019,5319,Construction and building trades n.e.c.,33.0,40.0,39.5,25.3,37.0,37.5,37.8,40.0,40.3,42.5,44.0,45.5,,SOC10
2019,5321,Plasterers,7.0,39.0,38.1,,36.3,37.0,37.5,,40.0,,,,,SOC10
2019,5322,Floorers and wall tilers,11.0,40.0,41.4,,37.5,38.9,39.8,,40.0,40.0,42.5,,,SOC10
2019,5323,Painters and decorators,22.0,39.9,39.7,35.0,37.0,37.2,37.5,39.0,40.0,41.0,41.6,43.5,,SOC10
2019,5330,Construction and building trades supervisors,39.0,40.0,42.6,36.0,37.0,37.5,39.0,40.0,42.0,44.3,45.7,48.0,,SOC10
2019,5411,Weavers and knitters,,39.0,40.8,,,,,,,,,,,SOC10
2019,5412,Upholsterers,8.0,39.0,38.7,,36.0,36.7,37.5,38.0,,40.6,,,,SOC10
2019,5413,Footwear and leather working trades,6.0,39.0,39.2,,,,,,,,,,,SOC10
2019,5414,Tailors and dressmakers,,,29.5,,,,,,,,,,,SOC10
2019,5419,"Textiles, garments and related trades n.e.c.",,,37.1,,,,,,,,,,,SOC10
2019,5421,Pre-press technicians,,37.1,35.2,,,,,,,,,,,SOC10
2019,5422,Printers,17.0,37.5,38.0,33.9,36.0,36.2,37.0,37.5,39.0,40.0,40.6,,,SOC10
2019,5423,Print finishing and binding workers,13.0,38.8,38.0,28.4,36.0,36.6,37.3,37.5,40.0,40.0,41.1,,,SOC10
2019,5431,Butchers,31.0,40.6,40.5,28.6,36.6,37.8,39.0,40.0,42.9,45.0,45.5,47.5,,SOC10
2019,5432,Bakers and flour confectioners,19.0,38.3,37.0,22.2,32.2,34.1,36.5,37.1,39.8,40.3,41.6,42.9,,SOC10
2019,5433,Fishmongers and poultry dressers,,36.7,35.7,,,,32.2,36.1,37.4,,,,,SOC10
2019,5434,Chefs,251.0,40.0,37.8,20.0,28.9,32.0,34.8,37.6,40.5,44.3,45.0,47.6,50.0,SOC10
2019,5435,Cooks,62.0,28.8,28.5,16.0,18.8,21.5,23.2,25.3,31.1,35.0,36.5,37.4,40.0,SOC10
2019,5436,Catering and bar managers,55.0,37.3,35.1,20.0,29.0,31.0,33.0,36.0,39.0,40.0,40.0,41.0,,SOC10
2019,5441,"Glass and ceramics makers, decorators and finishers",,39.7,40.6,,,,,38.9,40.2,,,,,SOC10
2019,5442,Furniture makers and other craft woodworkers,11.0,40.0,41.2,,38.8,39.0,39.9,,42.0,43.0,44.0,,,SOC10
2019,5443,Florists,,30.1,30.3,,,,,28.5,,,,,,SOC10
2019,5449,Other skilled trades n.e.c.,16.0,38.6,37.6,30.0,34.6,35.1,36.9,37.5,39.9,40.0,40.0,41.4,,SOC10
2019,6121,Nursery nurses and assistants,189.0,32.1,29.7,14.0,19.2,21.2,23.9,28.5,35.5,37.5,38.6,40.0,41.1,SOC10
2019,6122,Childminders and related occupations,25.0,27.7,28.4,12.0,16.0,17.7,19.7,24.0,31.7,36.3,40.0,40.1,,SOC10
2019,6123,Playworkers,40.0,12.6,14.6,3.7,5.2,6.3,7.3,10.0,15.7,18.4,20.0,22.6,,SOC10
2019,6125,Teaching assistants,333.0,28.1,26.0,12.0,17.6,20.0,22.1,26.0,30.1,32.5,32.5,33.7,37.0,SOC10
2019,6126,Educational support assistants,166.0,27.5,25.6,12.2,17.1,19.4,21.4,25.0,29.7,31.2,32.5,33.4,37.0,SOC10
2019,6131,Veterinary nurses,12.0,38.6,34.5,,24.8,28.6,30.0,35.1,40.0,40.0,40.1,,,SOC10
2019,6132,Pest control officers,,40.1,39.1,,,,37.0,38.4,40.6,,,,,SOC10
2019,6139,Animal care services occupations n.e.c.,27.0,35.0,30.7,,17.1,19.9,24.4,28.0,37.5,39.1,40.0,40.0,,SOC10
2019,6141,Nursing auxiliaries and assistants,397.0,35.0,31.0,12.7,20.0,22.5,24.0,30.0,37.5,37.5,37.5,37.5,42.6,SOC10
2019,6142,Ambulance staff (excluding paramedics),24.0,37.6,37.6,30.0,,37.3,37.5,37.5,38.4,40.0,41.1,42.7,,SOC10
2019,6143,Dental nurses,42.0,34.0,30.5,16.0,21.9,22.5,23.9,29.8,36.9,37.5,38.5,39.2,,SOC10
2019,6144,Houseparents and residential wardens,14.0,36.7,33.6,15.9,23.1,28.4,30.0,35.0,37.0,37.5,38.9,40.0,,SOC10
2019,6145,Care workers and home carers,723.0,31.1,30.1,11.0,18.0,20.0,22.4,27.0,35.0,37.3,37.7,39.9,46.0,SOC10
2019,6146,Senior care workers,81.0,37.0,35.4,20.0,27.9,30.0,32.2,35.4,37.8,40.0,41.3,42.8,48.0,SOC10
2019,6147,Care escorts,10.0,17.7,18.9,,12.0,13.7,15.0,16.0,20.0,20.8,,,,SOC10
2019,6148,"Undertakers, mortuary and crematorium assistants",15.0,38.5,33.7,,21.2,25.5,28.1,36.9,39.4,40.0,40.5,41.3,,SOC10
2019,6211,Sports and leisure assistants,71.0,20.4,22.2,3.3,7.0,8.9,10.8,15.0,26.9,34.6,36.5,37.0,40.3,SOC10
2019,6212,Travel agents,27.0,37.4,32.4,18.3,22.5,26.2,29.9,32.9,37.5,37.5,38.0,39.9,,SOC10
2019,6214,Air travel assistants,26.0,37.0,31.4,15.3,20.0,21.5,25.2,30.1,37.4,37.5,40.0,40.0,,SOC10
2019,6215,Rail travel assistants,23.0,38.8,38.7,31.7,,35.0,35.5,37.0,39.8,41.0,42.4,43.0,,SOC10
2019,6219,Leisure and travel service occupations n.e.c.,17.0,,19.6,,,,5.0,,,34.7,35.5,36.9,,SOC10
2019,6221,Hairdressers and barbers,55.0,25.0,26.4,14.0,,16.0,18.0,22.0,30.0,35.4,37.0,38.1,,SOC10
2019,6222,Beauticians and related occupations,39.0,26.6,26.3,13.3,16.0,16.7,18.4,22.4,30.2,34.8,36.3,37.4,,SOC10
2019,6231,Housekeepers and related occupations,41.0,29.3,27.9,11.0,16.1,18.0,20.0,24.7,32.8,37.5,37.5,38.6,,SOC10
2019,6232,Caretakers,73.0,36.9,31.5,12.5,20.0,24.1,27.1,35.0,37.0,37.8,38.7,40.0,42.3,SOC10
2019,6240,Cleaning and housekeeping managers and supervisors,49.0,35.7,31.7,14.7,18.7,21.8,24.7,30.4,37.5,39.8,40.0,40.0,,SOC10
2019,7111,Sales and retail assistants,1117.0,23.5,24.7,9.2,13.7,15.5,16.3,20.0,28.0,32.5,35.4,37.4,40.0,SOC10
2019,7112,Retail cashiers and check-out operators,109.0,20.1,21.3,9.0,12.0,13.7,15.0,17.3,22.9,26.5,28.5,30.1,36.4,SOC10
2019,7113,Telephone salespersons,16.0,37.5,34.5,20.0,24.0,33.4,35.0,37.4,38.6,40.0,40.0,40.1,,SOC10
2019,7114,Pharmacy and other dispensing assistants,54.0,30.0,28.7,15.9,19.9,21.2,22.5,25.8,34.2,37.5,37.5,37.5,39.9,SOC10
2019,7115,Vehicle and parts salespersons and advisers,15.0,42.5,41.8,35.9,39.6,40.0,40.0,42.0,44.0,45.0,45.0,46.5,,SOC10
2019,7121,Collector salespersons and credit agents,,,24.0,,,,,,,,,,,SOC10
2019,7122,"Debt, rent and other cash collectors",14.0,37.0,35.9,25.4,35.0,35.0,36.9,37.0,37.5,39.6,40.0,,,SOC10
2019,7123,Roundspersons and van salespersons,4.0,40.8,38.6,,,36.7,38.0,39.9,44.7,45.0,,,,SOC10
2019,7124,Market and street traders and assistants,,,,,,,,,,,,,,SOC10
2019,7125,Merchandisers and window dressers,21.0,35.0,29.2,,15.8,19.6,21.3,29.9,37.3,37.5,38.4,39.0,,SOC10
2019,7129,Sales related occupations n.e.c.,26.0,37.0,32.8,,20.6,25.5,30.1,35.0,37.6,40.0,40.0,41.1,,SOC10
2019,7130,Sales supervisors,75.0,38.0,36.7,26.0,32.4,34.9,36.0,37.5,39.1,40.0,40.0,41.0,44.6,SOC10
2019,7211,Call and contact centre occupations,43.0,37.0,33.6,19.5,24.5,28.8,32.0,35.8,37.5,37.9,39.4,40.0,,SOC10
2019,7213,Telephonists,8.0,30.0,28.4,14.0,16.0,19.7,20.8,24.8,34.0,37.3,37.5,,,SOC10
2019,7214,Communication operators,15.0,37.0,34.3,18.6,25.3,32.2,35.0,36.8,37.4,37.5,38.3,39.9,,SOC10
2019,7215,Market research interviewers,7.0,,17.2,,,,,,,,,,,SOC10
2019,7219,Customer service occupations n.e.c.,397.0,35.0,30.4,13.0,19.8,21.6,24.5,31.8,37.0,37.5,37.5,38.3,40.0,SOC10
2019,7220,Customer service managers and supervisors,90.0,37.5,36.8,30.1,35.0,35.0,36.4,37.3,37.5,39.0,40.0,40.0,42.0,SOC10
2019,8111,"Food, drink and tobacco process operatives",146.0,39.9,38.9,28.8,34.5,36.0,37.0,38.5,40.2,42.0,43.2,44.8,48.3,SOC10
2019,8112,Glass and ceramics process operatives,,40.0,39.3,,,,37.8,39.8,40.0,,,,,SOC10
2019,8113,Textile process operatives,10.0,39.0,38.9,,34.6,35.8,36.5,38.9,40.0,40.6,42.1,,,SOC10
2019,8114,Chemical and related process operatives,22.0,38.9,39.5,33.9,37.0,37.4,37.5,38.0,40.0,41.0,42.7,43.5,,SOC10
2019,8115,Rubber process operatives,,41.1,42.6,,,,40.0,40.0,42.7,,,,,SOC10
2019,8116,Plastics process operatives,12.0,40.0,42.3,36.5,37.5,38.0,39.0,40.0,40.4,42.0,44.2,46.1,,SOC10
2019,8117,Metal making and treating process operatives,9.0,40.0,41.5,,37.5,37.5,38.0,39.0,42.0,42.7,44.6,,,SOC10
2019,8118,Electroplaters,5.0,40.6,42.3,,,,39.4,,42.7,,,,,SOC10
2019,8119,Process operatives n.e.c.,8.0,41.9,42.5,,38.5,39.0,39.9,41.0,43.9,46.0,46.9,,,SOC10
2019,8121,Paper and wood machine operatives,16.0,40.0,40.5,35.7,37.0,37.5,38.0,39.0,40.0,41.7,42.1,43.7,,SOC10
2019,8122,Coal mine operatives,,,,,,,,,,,,,,SOC10
2019,8123,Quarry workers and related operatives,,48.6,46.5,,,,40.5,46.8,49.5,,,,,SOC10
2019,8124,Energy plant operatives,6.0,38.9,40.1,,36.9,37.0,37.0,37.6,40.0,42.0,,,,SOC10
2019,8125,Metal working machine operatives,19.0,39.5,40.9,31.6,36.7,37.3,38.0,39.0,40.1,42.5,44.0,45.9,,SOC10
2019,8126,Water and sewerage plant operatives,11.0,40.7,41.3,36.8,37.0,37.4,37.9,40.0,42.0,43.8,45.0,,,SOC10
2019,8127,Printing machine assistants,18.0,39.3,39.4,35.0,36.1,37.0,37.5,37.5,40.0,40.3,41.6,43.0,,SOC10
2019,8129,Plant and machine operatives n.e.c.,13.0,40.0,39.3,,36.6,37.0,37.4,38.8,41.1,42.5,44.8,45.3,,SOC10
2019,8131,Assemblers (electrical and electronic products),14.0,40.0,40.7,35.6,37.4,37.5,38.9,39.5,41.0,42.1,43.6,45.4,,SOC10
2019,8132,Assemblers (vehicles and metal goods),32.0,39.8,40.9,36.9,37.5,37.9,38.8,39.0,40.3,42.1,43.0,44.1,,SOC10
2019,8133,Routine inspectors and testers,58.0,38.4,38.5,31.4,36.5,37.0,37.3,37.5,40.0,40.0,41.0,42.3,,SOC10
2019,8134,"Weighers, graders and sorters",7.0,38.0,34.8,,,,,37.5,40.2,42.8,,,,SOC10
2019,8135,"Tyre, exhaust and windscreen fitters",19.0,42.9,41.7,36.0,,40.0,40.1,41.5,44.0,44.8,45.0,45.2,,SOC10
2019,8137,Sewing machinists,20.0,37.5,34.4,21.3,25.1,30.0,31.0,35.0,39.0,39.8,40.0,40.2,,SOC10
2019,8139,Assemblers and routine operatives n.e.c.,106.0,39.6,39.6,33.0,37.0,37.4,37.5,38.9,40.0,41.2,42.3,43.7,48.1,SOC10
2019,8141,"Scaffolders, stagers and riggers",17.0,40.0,42.6,36.0,37.6,38.0,39.0,39.4,40.2,44.0,45.0,47.5,,SOC10
2019,8142,Road construction operatives,22.0,42.5,45.3,37.0,38.3,39.0,39.8,40.0,45.0,49.5,50.0,53.8,,SOC10
2019,8143,Rail construction and maintenance operatives,6.0,38.4,37.4,,,36.0,36.5,37.1,40.0,41.1,,,,SOC10
2019,8149,Construction operatives n.e.c.,99.0,40.0,38.4,22.4,34.8,36.9,37.4,38.5,40.0,42.5,43.5,45.0,50.0,SOC10
2019,8211,Large goods vehicle drivers,213.0,48.0,47.9,36.9,40.0,40.5,42.7,45.0,50.0,52.9,55.0,57.0,62.5,SOC10
2019,8212,Van drivers,299.0,40.0,38.3,18.0,26.5,30.9,35.0,39.0,42.5,45.0,46.5,48.0,52.1,SOC10
2019,8213,Bus and coach drivers,127.0,40.4,40.7,24.0,37.0,38.0,38.0,39.0,42.6,45.6,47.0,48.2,53.7,SOC10
2019,8214,Taxi and cab drivers and chauffeurs,14.0,24.8,26.2,,13.1,14.7,16.0,22.2,34.1,37.0,37.5,39.0,,SOC10
2019,8215,Driving instructors,,38.0,37.8,,,,,,39.4,,,,,SOC10
2019,8221,Crane drivers,6.0,52.1,53.0,,44.1,45.0,46.1,48.0,,54.7,,,,SOC10
2019,8222,Fork-lift truck drivers,30.0,42.2,43.1,35.0,38.0,39.0,39.1,40.1,44.3,46.4,48.0,49.8,,SOC10
2019,8223,Agricultural machinery drivers,,52.6,51.0,,,,40.0,45.7,53.3,,,,,SOC10
2019,8229,Mobile machine drivers and operatives n.e.c.,42.0,44.2,45.5,37.0,38.9,39.8,40.0,42.0,47.0,49.2,50.6,53.0,,SOC10
2019,8231,Train and tram drivers,28.0,37.5,39.3,,,,35.0,35.8,39.0,40.4,42.1,43.9,,SOC10
2019,8232,Marine and waterways transport operatives,5.0,40.8,40.5,,,,37.5,38.7,,43.6,,,,SOC10
2019,8233,Air transport operatives,9.0,39.9,39.0,,37.2,37.5,37.5,38.8,40.0,40.8,41.6,,,SOC10
2019,8234,Rail transport operatives,10.0,43.0,43.9,35.0,37.0,38.0,38.5,40.2,45.0,47.8,48.5,,,SOC10
2019,8239,Other drivers and transport operatives n.e.c.,7.0,39.0,34.0,,,,,37.5,40.0,41.5,,,,SOC10
2019,9111,Farm workers,36.0,39.1,38.1,14.0,24.8,30.0,35.0,37.5,40.3,45.1,47.1,49.5,,SOC10
2019,9112,Forestry workers,,37.0,37.9,,,,,,,,,,,SOC10
2019,9119,Fishing and other elementary agriculture occupations n.e.c.,18.0,39.0,35.5,,21.9,25.1,32.0,37.1,40.0,43.9,44.3,45.3,,SOC10
2019,9120,Elementary construction occupations,74.0,40.0,41.0,30.0,37.0,38.8,39.0,,42.5,45.0,45.2,47.1,51.7,SOC10
2019,9132,Industrial cleaning process occupations,24.0,36.8,31.6,11.2,15.1,16.6,20.0,31.0,38.9,40.0,40.8,43.0,,SOC10
2019,9134,"Packers, bottlers, canners and fillers",91.0,40.0,38.2,24.0,34.5,36.1,37.0,38.5,40.0,41.0,42.0,43.7,47.8,SOC10
2019,9139,Elementary process plant occupations n.e.c.,108.0,40.0,40.0,32.0,37.0,37.5,38.0,39.0,40.5,42.5,43.8,45.0,48.8,SOC10
2019,9211,"Postal workers, mail sorters, messengers and couriers",140.0,38.0,35.0,20.0,28.4,31.8,35.0,38.0,38.0,38.5,39.1,40.3,45.6,SOC10
2019,9219,Elementary administration occupations n.e.c.,25.0,30.3,27.5,8.1,13.6,16.0,17.9,23.8,35.0,37.4,37.5,39.0,,SOC10
2019,9231,Window cleaners,,37.5,33.1,,,,,,,,,,,SOC10
2019,9232,Street cleaners,7.0,37.0,35.5,,35.0,35.0,36.0,37.0,37.0,37.4,38.2,,,SOC10
2019,9233,Cleaners and domestics,582.0,17.6,20.8,6.9,10.0,11.2,12.5,15.0,21.1,26.3,29.9,32.7,39.0,SOC10
2019,9234,"Launderers, dry cleaners and pressers",18.0,31.7,30.2,14.9,18.0,20.4,23.9,27.7,36.4,37.5,38.7,39.0,,SOC10
2019,9235,Refuse and salvage occupations,19.0,38.2,38.7,34.3,36.9,37.0,37.0,37.1,40.0,41.3,42.0,43.2,,SOC10
2019,9236,Vehicle valeters and cleaners,14.0,40.0,35.2,16.0,21.6,23.9,26.5,38.9,41.1,42.7,43.5,44.3,,SOC10
2019,9239,Elementary cleaning occupations n.e.c.,,27.8,28.4,,,,,,,,,,,SOC10
2019,9241,Security guards and related occupations,107.0,40.0,38.8,16.0,27.3,32.0,35.0,37.5,42.0,45.0,47.8,50.1,57.8,SOC10
2019,9242,Parking and civil enforcement occupations,11.0,37.0,34.0,,23.1,28.0,35.0,36.1,37.0,38.6,39.9,41.0,,SOC10
2019,9244,School midday and crossing patrol occupations,97.0,7.0,8.7,3.7,5.0,5.5,6.0,6.3,7.5,8.4,9.6,10.1,,SOC10
2019,9249,Elementary security occupations n.e.c.,15.0,,23.5,,8.0,9.6,11.2,,30.2,,37.0,37.2,,SOC10
2019,9251,Shelf fillers,37.0,23.8,24.6,12.0,15.3,16.5,17.6,20.9,27.1,31.1,33.3,35.3,,SOC10
2019,9259,Elementary sales occupations n.e.c.,4.0,25.8,25.9,,14.9,,18.8,21.1,28.9,,,,,SOC10
2019,9260,Elementary storage occupations,535.0,39.9,38.2,24.0,34.2,36.5,37.5,38.0,40.0,41.6,42.5,44.0,47.8,SOC10
2019,9271,Hospital porters,5.0,37.5,35.2,,32.5,37.0,37.3,37.5,37.5,,,,,SOC10
2019,9272,Kitchen and catering assistants,546.0,22.0,23.4,7.1,11.2,13.1,15.0,18.0,26.2,31.1,33.8,36.3,40.0,SOC10
2019,9273,Waiters and waitresses,207.0,17.0,19.8,4.5,7.5,9.0,10.4,14.0,21.7,26.1,29.2,32.5,39.1,SOC10
2019,9274,Bar staff,162.0,17.6,20.2,4.5,7.7,9.3,11.0,14.7,21.8,27.4,30.0,33.0,39.5,SOC10
2019,9275,Leisure and theme park attendants,27.0,12.8,16.8,1.5,2.8,,5.0,,17.6,24.4,28.3,30.4,,SOC10
2019,9279,Other elementary services occupations n.e.c.,13.0,31.0,27.5,,,,,25.0,34.8,39.0,40.0,,,SOC10
2020,1115,Chief executives and senior officials,94.0,36.2,34.5,,,35.0,35.0,35.0,37.0,37.5,37.5,37.7,,SOC10
2020,1116,Elected officers and representatives,9.0,,26.0,,,,,,35.0,35.7,,,,SOC10
2020,1121,Production managers and directors in manufacturing,572.0,37.5,35.3,16.1,35.0,35.0,36.0,37.0,38.6,40.0,40.0,40.0,42.6,SOC10
2020,1122,Production managers and directors in construction,119.0,40.0,39.4,35.0,37.0,37.5,37.5,40.0,40.0,41.4,42.5,43.0,,SOC10
2020,1123,Production managers and directors in mining and energy,9.0,39.0,40.6,,37.5,,37.5,37.5,40.0,41.1,,,,SOC10
2020,1131,Financial managers and directors,362.0,35.4,34.3,24.1,34.9,,35.0,35.0,37.0,37.5,37.5,37.9,40.0,SOC10
2020,1132,Marketing and sales directors,204.0,37.5,35.9,30.0,35.0,,35.0,37.0,37.5,39.8,40.0,40.0,40.1,SOC10
2020,1133,Purchasing managers and directors,73.0,37.5,37.2,34.5,36.0,36.4,37.0,37.0,37.5,38.3,39.1,40.0,,SOC10
2020,1134,Advertising and public relations directors,16.0,36.5,34.2,,33.2,,35.0,35.0,37.0,37.5,,,,SOC10
2020,1135,Human resource managers and directors,133.0,36.9,34.8,28.0,34.5,,35.0,35.0,37.0,,37.5,37.5,39.9,SOC10
2020,1136,Information technology and telecommunications directors,35.0,37.4,36.3,34.8,,35.0,36.1,37.0,37.5,37.5,37.9,38.7,,SOC10
2020,1139,Functional managers and directors n.e.c.,68.0,37.0,33.0,16.0,28.1,33.7,35.0,35.0,37.3,37.5,37.5,37.9,,SOC10
2020,1150,Financial institution managers and directors,74.0,35.0,34.8,33.4,34.9,,,,35.0,,35.0,36.2,,SOC10
2020,1161,Managers and directors in transport and distribution,82.0,40.0,39.0,34.9,35.0,37.0,37.2,37.5,40.0,40.5,42.5,44.4,,SOC10
2020,1162,Managers and directors in storage and warehousing,119.0,39.9,39.1,33.5,37.0,37.5,37.5,39.0,40.0,40.0,40.5,42.5,45.0,SOC10
2020,1171,Officers in armed forces,,,,,,,,,,,,,,SOC10
2020,1172,Senior police officers,12.0,40.0,40.4,40.0,,,,40.0,,40.0,,,,SOC10
2020,1173,"Senior officers in fire, ambulance, prison and related services",,40.0,40.4,,,,,40.0,42.0,,,,,SOC10
2020,1181,Health services and public health managers and directors,54.0,37.5,34.8,21.0,31.5,35.5,37.0,37.5,37.5,,37.5,37.5,,SOC10
2020,1184,Social services managers and directors,19.0,37.0,35.5,28.5,32.9,35.0,35.8,36.9,37.0,37.4,37.5,,,SOC10
2020,1190,Managers and directors in retail and wholesale,338.0,38.8,37.3,29.1,35.0,36.0,37.0,37.5,39.3,40.0,40.0,41.1,44.2,SOC10
2020,1211,Managers and proprietors in agriculture and horticulture,17.0,40.0,40.8,,36.8,37.0,39.0,39.2,40.6,45.0,,,,SOC10
2020,1213,"Managers and proprietors in forestry, fishing and related services",,40.0,38.9,,,,,38.3,,,,,,SOC10
2020,1221,Hotel and accommodation managers and proprietors,23.0,40.0,38.9,31.4,36.3,37.1,37.5,39.0,40.0,40.5,42.3,,,SOC10
2020,1223,Restaurant and catering establishment managers and proprietors,47.0,40.0,38.9,22.6,33.3,35.0,37.7,40.0,41.2,45.0,47.1,,,SOC10
2020,1224,Publicans and managers of licensed premises,,40.0,35.5,,,,36.8,39.9,41.6,,,,,SOC10
2020,1225,Leisure and sports managers,34.0,39.0,36.9,30.7,35.0,36.4,37.0,37.5,40.0,40.0,40.0,40.2,,SOC10
2020,1226,Travel agency managers and proprietors,,37.5,34.4,,,,,36.8,,,,,,SOC10
2020,1241,Health care practice managers,22.0,37.5,35.1,,29.0,30.9,33.2,37.0,37.5,40.0,40.0,,,SOC10
2020,1242,"Residential, day and domiciliary  care managers and proprietors",53.0,39.0,39.1,29.2,35.4,36.9,37.0,37.5,40.0,40.0,40.6,42.4,,SOC10
2020,1251,"Property, housing and estate managers",115.0,37.0,35.5,25.3,34.4,35.0,35.0,36.9,37.5,37.9,39.7,40.0,40.3,SOC10
2020,1252,Garage managers and proprietors,,40.0,40.1,,,,37.6,39.8,40.0,,,,,SOC10
2020,1253,Hairdressing and beauty salon managers and proprietors,,37.1,34.4,,,,32.0,34.1,39.2,,,,,SOC10
2020,1254,Shopkeepers and proprietors – wholesale and retail,,37.5,36.4,,,,,37.0,38.6,,,,,SOC10
2020,1255,Waste disposal and environmental services managers,9.0,37.4,38.1,,,36.9,37.0,37.0,38.9,40.0,,,,SOC10
2020,1259,Managers and proprietors in other services n.e.c.,91.0,37.0,34.7,21.0,31.5,35.0,35.0,36.9,37.5,38.0,39.5,40.0,,SOC10
2020,2111,Chemical scientists,12.0,37.5,38.4,,36.9,37.1,37.5,,38.0,40.0,,,,SOC10
2020,2112,Biological scientists and biochemists,47.0,37.5,35.5,22.5,35.0,36.8,37.0,37.5,37.5,,37.5,37.9,,SOC10
2020,2113,Physical scientists,11.0,37.0,36.2,,,36.4,37.0,37.0,,38.8,,,,SOC10
2020,2114,Social and humanities scientists,10.0,37.0,34.9,,,,35.0,37.0,37.3,,,,,SOC10
2020,2119,Natural and social science professionals n.e.c.,51.0,37.0,35.6,30.0,35.0,35.0,35.9,36.5,37.0,37.5,,37.5,,SOC10
2020,2121,Civil engineers,46.0,37.5,37.3,34.5,,37.0,37.4,37.5,37.9,40.0,40.0,40.0,,SOC10
2020,2122,Mechanical engineers,35.0,37.5,38.0,36.2,37.0,37.4,37.5,37.5,38.8,40.0,40.0,40.0,,SOC10
2020,2123,Electrical engineers,26.0,37.5,38.1,34.5,36.9,36.9,37.0,37.5,38.8,,40.0,40.0,,SOC10
2020,2124,Electronics engineers,,37.5,35.6,,,,37.3,37.5,38.6,,,,,SOC10
2020,2126,Design and development engineers,95.0,37.5,37.1,34.9,36.1,36.9,37.0,37.4,37.5,39.0,40.0,40.0,,SOC10
2020,2127,Production and process engineers,53.0,37.5,38.1,34.9,36.4,36.9,37.0,37.4,37.5,39.0,39.7,40.0,,SOC10
2020,2129,Engineering professionals n.e.c.,178.0,37.5,37.7,35.0,36.8,36.9,37.0,37.0,37.5,39.1,40.0,40.0,42.5,SOC10
2020,2133,IT specialist managers,167.0,37.4,36.9,35.0,35.0,36.0,36.8,37.0,37.5,,37.5,39.1,40.0,SOC10
2020,2134,IT project and programme managers,23.0,37.0,35.1,,,,35.0,35.8,37.3,,37.5,,,SOC10
2020,2135,"IT business analysts, architects and systems designers",130.0,37.5,37.0,34.9,35.0,36.2,36.9,37.0,37.5,37.5,38.0,39.2,,SOC10
2020,2136,Programmers and software development professionals,247.0,37.5,37.0,35.0,35.1,36.9,37.0,37.5,37.5,37.5,38.0,39.9,40.0,SOC10
2020,2137,Web design and development professionals,57.0,37.5,35.6,32.3,35.0,35.0,36.0,37.0,37.5,,37.5,38.0,,SOC10
2020,2139,Information technology and telecommunications professionals n.e.c.,117.0,37.5,35.6,25.7,35.0,35.0,36.6,37.3,37.5,37.5,38.7,40.0,,SOC10
2020,2141,Conservation professionals,13.0,37.0,34.0,,34.5,35.0,35.0,35.0,37.0,37.0,,,,SOC10
2020,2142,Environment professionals,40.0,37.0,36.9,29.6,35.0,36.1,37.0,,37.0,37.5,39.0,40.0,,SOC10
2020,2150,Research and development managers,63.0,37.4,36.1,31.4,35.0,35.0,36.0,37.0,37.5,37.5,38.7,40.0,,SOC10
2020,2211,Medical practitioners,284.0,40.0,35.9,20.0,29.8,34.0,36.0,37.5,,40.0,40.0,40.0,43.3,SOC10
2020,2212,Psychologists,32.0,37.0,31.7,18.7,22.5,26.2,30.0,35.0,,37.5,37.5,,,SOC10
2020,2213,Pharmacists,62.0,37.5,34.3,18.6,25.7,30.0,32.7,37.4,37.5,39.9,40.0,41.0,,SOC10
2020,2214,Ophthalmic opticians,11.0,30.0,27.0,,,,,28.6,32.9,37.5,,,,SOC10
2020,2215,Dental practitioners,9.0,35.0,29.9,,,,,,37.3,37.5,,,,SOC10
2020,2216,Veterinarians,16.0,37.0,33.2,,23.2,26.2,27.5,34.3,38.8,,,,,SOC10
2020,2217,Medical radiographers,30.0,37.5,34.5,18.8,28.4,30.0,37.4,37.5,37.5,37.6,38.3,39.3,,SOC10
2020,2218,Podiatrists,9.0,30.0,28.0,,19.2,,,26.3,32.6,,,,,SOC10
2020,2219,Health professionals n.e.c.,42.0,37.5,32.5,18.7,24.0,28.1,30.3,37.0,,37.5,37.5,37.5,,SOC10
2020,2221,Physiotherapists,56.0,37.5,31.5,16.2,22.5,24.1,29.5,36.6,37.5,37.5,37.5,37.5,,SOC10
2020,2222,Occupational therapists,36.0,37.5,32.3,18.7,25.2,29.7,30.0,37.0,,,37.5,37.5,,SOC10
2020,2223,Speech and language therapists,16.0,35.0,30.4,,22.4,22.5,25.4,30.0,37.4,37.5,37.5,,,SOC10
2020,2229,Therapy professionals n.e.c.,21.0,34.9,30.9,17.4,22.5,22.5,23.9,30.0,37.5,,37.5,,,SOC10
2020,2231,Nurses,955.0,36.4,30.5,9.5,20.5,23.0,25.0,30.1,37.5,37.5,37.5,37.5,39.6,SOC10
2020,2232,Midwives,51.0,32.6,29.8,15.0,22.5,23.0,24.0,30.0,36.0,,37.5,37.5,,SOC10
2020,2311,Higher education teaching professionals,140.0,35.0,31.1,,24.8,30.1,,35.0,36.2,36.8,37.0,37.0,37.3,SOC10
2020,2312,Further education teaching professionals,123.0,35.0,28.5,,18.6,22.0,24.5,32.3,35.4,36.8,37.0,37.0,,SOC10
2020,2314,Secondary education teaching professionals,542.0,32.5,29.2,18.0,24.2,25.7,27.5,32.4,32.5,,32.5,32.7,36.3,SOC10
2020,2315,Primary and nursery education teaching professionals,526.0,32.4,28.1,15.8,21.2,24.6,26.0,30.0,32.5,32.5,32.5,32.5,35.0,SOC10
2020,2316,Special needs education teaching professionals,49.0,28.0,26.5,,19.4,20.6,24.0,26.0,32.2,32.5,32.5,32.5,,SOC10
2020,2317,Senior professionals of educational establishments,114.0,32.5,32.8,26.0,30.0,32.4,32.4,32.5,35.0,35.9,36.8,37.0,37.5,SOC10
2020,2318,Education advisers and school inspectors,18.0,35.0,31.8,,25.9,27.9,30.0,35.0,36.1,37.0,37.0,,,SOC10
2020,2319,Teaching and other educational professionals n.e.c.,114.0,26.0,23.6,3.2,6.8,9.4,14.1,20.0,32.9,36.1,37.0,37.0,,SOC10
2020,2412,Barristers and judges,7.0,37.0,32.5,,,,30.9,,37.0,,,,,SOC10
2020,2413,Solicitors,89.0,35.0,33.2,22.5,32.3,35.0,35.0,35.0,35.0,36.2,37.0,37.4,,SOC10
2020,2419,Legal professionals n.e.c.,46.0,35.0,34.9,30.0,34.9,35.0,35.0,,36.0,,37.0,37.5,,SOC10
2020,2421,Chartered and certified accountants,97.0,36.9,33.8,21.8,33.7,35.0,35.0,35.0,37.4,,37.5,37.5,,SOC10
2020,2423,Management consultants and business analysts,203.0,37.0,35.3,32.0,,,35.0,35.0,37.4,37.5,,37.5,40.0,SOC10
2020,2424,Business and financial project management professionals,265.0,37.0,36.4,34.8,35.0,35.0,35.0,36.9,37.5,,37.5,39.5,40.0,SOC10
2020,2425,"Actuaries, economists and statisticians",33.0,37.0,36.0,34.8,,35.0,35.0,36.1,37.5,,37.9,40.0,,SOC10
2020,2426,Business and related research professionals,105.0,35.6,33.7,22.4,34.8,,,35.0,37.0,37.0,37.4,37.5,,SOC10
2020,2429,"Business, research and administrative professionals n.e.c.",56.0,36.9,34.8,26.2,35.0,35.0,35.9,36.9,37.0,,,37.0,,SOC10
2020,2431,Architects,40.0,37.5,36.0,30.1,35.0,36.3,37.0,,37.5,,37.5,39.7,,SOC10
2020,2432,Town planning officers,8.0,37.0,35.7,,,35.0,35.0,36.4,37.0,37.0,,,,SOC10
2020,2433,Quantity surveyors,38.0,38.8,38.7,35.0,37.2,37.5,37.5,37.5,40.0,40.0,40.0,,,SOC10
2020,2434,Chartered surveyors,67.0,37.3,35.9,31.7,,35.0,36.2,37.0,37.5,37.5,37.6,39.9,,SOC10
2020,2435,Chartered architectural technologists,,37.0,32.9,,,,,,,,,,,SOC10
2020,2436,Construction project managers and related professionals,25.0,38.9,38.7,35.0,36.2,36.8,37.0,37.5,40.0,40.0,41.0,44.8,,SOC10
2020,2442,Social workers,125.0,36.9,33.4,21.0,29.2,30.1,35.0,36.0,37.0,,,37.0,37.5,SOC10
2020,2443,Probation officers,,36.9,34.0,,,,,,,,,,,SOC10
2020,2444,Clergy,47.0,35.0,31.9,,23.8,28.0,30.1,35.0,37.0,37.5,37.5,39.8,,SOC10
2020,2449,Welfare professionals n.e.c.,17.0,36.0,32.1,,25.8,26.1,28.3,34.9,37.0,,,,,SOC10
2020,2451,Librarians,15.0,35.0,30.1,,20.0,22.5,25.6,30.0,35.0,36.2,36.8,,,SOC10
2020,2452,Archivists and curators,11.0,35.0,30.1,,,,,32.0,36.2,37.0,,,,SOC10
2020,2461,Quality control and planning engineers,47.0,37.5,37.9,35.0,36.5,36.9,37.0,37.3,37.5,39.0,39.1,39.9,,SOC10
2020,2462,Quality assurance and regulatory professionals,107.0,37.0,36.3,31.7,35.0,,35.0,36.7,37.5,37.5,38.8,40.0,,SOC10
2020,2463,Environmental health professionals,12.0,37.0,35.0,,33.7,34.8,35.7,36.7,,,,,,SOC10
2020,2471,"Journalists, newspaper and periodical editors",39.0,35.0,33.4,,30.1,,,34.8,36.0,37.4,37.5,37.5,,SOC10
2020,2472,Public relations professionals,32.0,35.3,33.0,17.8,29.5,30.2,34.1,35.0,37.0,37.5,,37.5,,SOC10
2020,2473,Advertising accounts managers and creative directors,27.0,37.0,35.6,30.0,34.8,35.0,,35.0,37.5,,37.5,38.2,,SOC10
2020,3111,Laboratory technicians,69.0,37.4,34.9,23.4,31.0,35.0,36.0,37.0,37.5,37.5,37.8,38.9,,SOC10
2020,3112,Electrical and electronics technicians,11.0,39.6,39.3,,36.3,36.9,37.0,37.5,40.0,41.5,,,,SOC10
2020,3113,Engineering technicians,91.0,37.9,39.1,34.6,36.8,36.9,37.0,37.5,39.0,40.0,40.5,42.0,,SOC10
2020,3114,Building and civil engineering technicians,,36.9,36.1,,,,,35.4,,,,,,SOC10
2020,3115,Quality assurance technicians,32.0,37.5,37.9,35.0,36.8,37.0,37.0,,38.4,39.9,40.0,40.0,,SOC10
2020,3116,"Planning, process and production technicians",45.0,38.0,38.4,35.0,36.8,,37.0,37.5,39.0,40.0,40.0,40.0,,SOC10
2020,3119,"Science, engineering and production technicians n.e.c.",157.0,38.4,37.8,32.5,36.3,36.9,37.0,37.5,39.9,40.0,40.2,41.9,44.8,SOC10
2020,3121,Architectural and town planning technicians,23.0,37.5,36.0,,36.8,37.0,37.0,37.4,,37.5,38.9,,,SOC10
2020,3122,Draughtspersons,40.0,38.0,38.2,34.5,37.0,37.1,37.5,37.5,39.4,40.0,40.0,40.0,,SOC10
2020,3131,IT operations technicians,124.0,37.5,36.6,33.0,35.0,36.1,36.9,37.0,37.5,37.5,37.8,39.1,40.0,SOC10
2020,3132,IT user support technicians,150.0,37.5,36.7,34.5,35.0,36.0,36.9,37.0,,37.5,38.3,39.8,40.0,SOC10
2020,3213,Paramedics,28.0,37.8,38.4,24.8,,37.3,37.5,37.5,40.1,41.7,42.8,43.9,,SOC10
2020,3216,Dispensing opticians,,37.5,32.0,,,,,,,,,,,SOC10
2020,3217,Pharmaceutical technicians,28.0,37.5,34.5,20.2,25.6,29.9,31.6,36.6,37.5,38.5,39.0,40.0,,SOC10
2020,3218,Medical and dental technicians,24.0,37.5,34.7,22.4,28.9,30.2,33.3,37.3,37.5,37.5,37.5,39.4,,SOC10
2020,3219,Health associate professionals n.e.c.,13.0,29.6,25.3,,,,19.7,22.9,30.9,34.6,,,,SOC10
2020,3231,Youth and community workers,96.0,35.0,29.6,11.5,19.9,22.0,25.3,32.5,36.9,37.0,37.0,37.0,,SOC10
2020,3233,Child and early years officers,47.0,35.0,30.7,17.9,22.5,25.6,29.0,32.5,35.1,37.0,37.0,,,SOC10
2020,3234,Housing officers,48.0,36.9,35.0,29.9,35.0,35.0,35.0,36.1,37.0,,,37.0,,SOC10
2020,3235,Counsellors,19.0,27.3,26.1,,15.0,18.6,19.5,23.7,31.9,35.0,35.7,,,SOC10
2020,3239,Welfare and housing associate professionals n.e.c.,127.0,35.0,30.4,14.0,22.0,24.0,27.0,32.0,36.9,,37.0,37.5,39.6,SOC10
2020,3311,NCOs and other ranks,,,,,,,,,,,,,,SOC10
2020,3312,Police officers (sergeant and below),221.0,40.0,41.0,37.3,40.0,,40.0,40.0,40.0,41.0,41.9,42.8,45.5,SOC10
2020,3313,Fire service officers (watch manager and below),69.0,42.0,38.0,,40.0,41.9,,,42.1,42.5,42.7,42.8,,SOC10
2020,3314,Prison service officers (below principal officer),18.0,37.0,36.7,27.6,36.0,,,,37.4,39.0,40.0,,,SOC10
2020,3315,Police community support officers,11.0,37.0,35.3,,35.7,36.2,36.9,37.0,,,,,,SOC10
2020,3319,Protective service associate professionals n.e.c.,21.0,37.0,37.1,29.8,35.0,35.9,36.9,37.0,37.5,38.6,40.0,,,SOC10
2020,3411,Artists,9.0,36.5,30.4,,,,,35.2,37.5,,,,,SOC10
2020,3412,"Authors, writers and translators",18.0,35.0,31.9,,21.7,27.2,31.3,35.0,37.0,37.5,,,,SOC10
2020,3413,"Actors, entertainers and presenters",,,25.1,,,,,,,,,,,SOC10
2020,3414,Dancers and choreographers,,,,,,,,,,,,,,SOC10
2020,3415,Musicians,,,,,,,,,,,,,,SOC10
2020,3416,"Arts officers, producers and directors",18.0,37.2,34.7,,,,34.8,35.0,37.5,37.5,39.8,,,SOC10
2020,3417,"Photographers, audio-visual and broadcasting equipment operators",19.0,37.5,34.4,,30.6,34.9,35.0,36.7,38.0,40.0,40.0,,,SOC10
2020,3421,Graphic designers,45.0,37.5,35.9,28.2,35.0,35.1,36.8,37.0,37.5,37.8,39.9,,,SOC10
2020,3422,"Product, clothing and related designers",41.0,37.5,35.5,24.1,34.0,35.0,35.4,37.4,39.8,,40.0,40.0,,SOC10
2020,3441,Sports players,11.0,32.4,25.7,,,,,,35.0,36.8,,,,SOC10
2020,3442,"Sports coaches, instructors and officials",68.0,,16.6,,3.4,4.3,5.0,,20.0,28.0,35.0,35.5,,SOC10
2020,3443,Fitness instructors,32.0,15.0,17.1,,,,,12.0,,,28.5,31.2,,SOC10
2020,3511,Air traffic controllers,,,,,,,,,,,,,,SOC10
2020,3512,Aircraft pilots and flight engineers,,40.0,39.1,,,,,37.5,,,,,,SOC10
2020,3513,Ship and hovercraft officers,,38.7,40.3,,,,,,,,,,,SOC10
2020,3520,Legal associate professionals,75.0,35.0,34.4,25.9,32.0,35.0,35.0,,36.3,37.0,37.5,37.5,,SOC10
2020,3531,"Estimators, valuers and assessors",42.0,37.1,36.1,30.0,35.0,35.0,35.0,36.8,37.5,39.7,40.0,40.0,,SOC10
2020,3532,Brokers,14.0,35.0,35.4,,35.0,35.0,35.0,,37.5,38.8,,,,SOC10
2020,3533,Insurance underwriters,23.0,35.0,34.3,28.0,34.6,35.0,,,,,35.0,36.0,,SOC10
2020,3534,Finance and investment analysts and advisers,134.0,35.0,35.5,32.5,,,35.0,35.0,37.0,,37.5,37.5,,SOC10
2020,3535,Taxation experts,20.0,36.0,34.7,26.9,34.9,,35.0,35.0,36.9,,37.5,,,SOC10
2020,3536,Importers and exporters,,36.3,36.4,,,,,,,,,,,SOC10
2020,3537,Financial and accounting technicians,34.0,36.2,34.1,21.6,31.8,34.7,34.9,35.0,37.4,37.5,,,,SOC10
2020,3538,Financial accounts managers,130.0,35.9,34.7,24.0,34.8,35.0,,35.0,37.3,37.5,37.5,38.1,40.0,SOC10
2020,3539,Business and related associate professionals n.e.c.,218.0,37.0,34.8,24.1,34.7,35.0,35.0,36.0,37.0,37.5,37.5,37.5,40.0,SOC10
2020,3541,Buyers and procurement officers,60.0,37.4,36.1,30.0,35.0,35.0,36.2,37.0,37.5,37.5,38.9,40.0,,SOC10
2020,3542,Business sales executives,225.0,37.5,37.7,34.9,36.2,37.0,37.4,37.5,39.5,40.0,40.0,40.0,42.5,SOC10
2020,3543,Marketing associate professionals,163.0,37.0,34.5,23.5,34.5,,35.0,35.3,37.5,,37.5,37.9,40.0,SOC10
2020,3544,Estate agents and auctioneers,33.0,37.5,33.2,18.2,22.6,29.4,33.6,36.9,39.6,40.0,40.0,40.1,,SOC10
2020,3545,Sales accounts and business development managers,572.0,37.5,37.0,34.9,35.0,35.2,36.8,37.4,37.5,38.9,39.9,40.0,40.0,SOC10
2020,3546,Conference and exhibition managers and organisers,35.0,37.0,33.8,,30.1,32.6,35.0,36.1,37.5,38.6,39.9,,,SOC10
2020,3550,Conservation and environmental associate professionals,9.0,37.0,34.5,,,37.0,37.0,37.0,37.0,37.5,,,,SOC10
2020,3561,Public services associate professionals,112.0,37.0,35.9,27.9,35.0,36.0,,36.9,,37.0,37.5,37.5,,SOC10
2020,3562,Human resources and industrial relations officers,157.0,37.0,34.5,22.5,30.1,34.5,35.0,36.1,37.4,37.5,37.7,39.8,40.0,SOC10
2020,3563,Vocational and industrial trainers and instructors,127.0,37.0,34.7,24.1,34.0,35.0,35.0,36.2,37.0,37.5,37.5,38.8,,SOC10
2020,3564,Careers advisers and vocational guidance specialists,13.0,35.0,30.6,,22.1,,24.0,35.0,36.8,37.0,,,,SOC10
2020,3565,Inspectors of standards and regulations,23.0,37.0,35.4,22.9,31.6,35.0,36.2,37.0,,37.0,37.0,37.6,,SOC10
2020,3567,Health and safety officers,36.0,37.0,35.3,22.5,34.4,35.0,36.0,36.9,37.5,37.5,39.0,39.9,,SOC10
2020,4112,National government administrative occupations,160.0,37.0,35.7,24.0,30.0,33.0,35.5,36.9,,37.0,37.9,41.3,44.4,SOC10
2020,4113,Local government administrative occupations,61.0,36.9,31.5,17.9,22.5,28.0,30.9,35.0,37.0,37.0,,37.0,,SOC10
2020,4114,Officers of non-governmental organisations,9.0,30.0,23.9,,,,,,34.0,35.0,,,,SOC10
2020,4121,Credit controllers,24.0,36.8,33.6,22.0,29.0,31.0,32.1,35.0,37.4,37.5,,37.5,,SOC10
2020,4122,"Book-keepers, payroll managers and wages clerks",297.0,35.4,30.8,13.8,20.8,24.0,28.0,35.0,37.0,37.5,,37.5,40.0,SOC10
2020,4123,Bank and post office clerks,110.0,35.0,30.9,17.6,21.0,24.0,27.6,34.9,35.0,36.0,36.9,37.4,38.6,SOC10
2020,4124,Finance officers,29.0,36.0,32.4,20.0,24.8,28.0,30.0,35.0,37.0,37.0,37.2,37.5,,SOC10
2020,4129,Financial administrative occupations n.e.c.,105.0,35.0,31.7,16.1,23.9,27.0,30.0,35.0,36.6,37.0,37.5,37.5,40.0,SOC10
2020,4131,Records clerks and assistants,132.0,37.0,32.7,20.0,25.0,28.8,30.1,35.0,37.5,37.5,37.5,37.6,40.0,SOC10
2020,4132,Pensions and insurance clerks and assistants,36.0,35.0,33.4,20.6,29.9,34.9,35.0,35.0,36.6,37.5,37.5,37.5,,SOC10
2020,4133,Stock control clerks and assistants,73.0,38.0,35.9,22.5,30.6,35.0,36.8,37.5,39.1,40.0,40.0,40.0,43.3,SOC10
2020,4134,Transport and distribution clerks and assistants,59.0,37.6,37.8,30.0,35.4,36.9,37.0,37.5,39.9,40.0,40.0,41.0,,SOC10
2020,4135,Library clerks and assistants,23.0,24.8,24.4,,13.8,16.0,18.4,21.7,29.5,34.9,35.0,36.2,,SOC10
2020,4138,Human resources administrative occupations,20.0,36.9,32.3,20.0,30.0,30.6,33.5,35.0,37.3,37.5,37.5,37.5,,SOC10
2020,4151,Sales administrators,67.0,37.4,34.2,20.0,30.1,33.2,35.0,35.8,37.5,37.8,39.1,40.0,40.0,SOC10
2020,4159,Other administrative occupations n.e.c.,871.0,31.3,27.3,8.0,14.7,16.2,19.9,25.0,35.0,37.0,37.4,37.5,39.8,SOC10
2020,4161,Office managers,182.0,37.0,34.7,20.7,30.0,33.1,35.0,36.0,37.5,38.0,39.9,40.0,40.3,SOC10
2020,4162,Office supervisors,33.0,37.5,36.8,30.1,35.0,35.3,36.9,37.0,37.5,39.0,39.9,40.0,,SOC10
2020,4211,Medical secretaries,37.0,32.0,29.5,15.3,21.1,22.5,24.0,29.7,36.7,37.5,37.5,37.5,,SOC10
2020,4212,Legal secretaries,24.0,35.0,30.9,20.3,22.4,27.5,28.0,31.4,,35.0,35.8,36.2,,SOC10
2020,4213,School secretaries,18.0,32.5,28.7,,18.6,22.6,26.3,30.0,34.8,35.3,36.1,36.9,,SOC10
2020,4214,Company secretaries,15.0,17.7,20.7,,10.0,10.1,13.4,15.0,,27.9,32.0,37.1,,SOC10
2020,4215,Personal assistants and other secretaries,202.0,29.6,26.1,8.1,14.0,16.0,18.4,22.5,35.0,36.0,37.0,37.5,38.2,SOC10
2020,4216,Receptionists,244.0,28.5,27.4,13.6,17.8,20.0,21.3,24.2,32.0,36.0,37.0,37.5,40.0,SOC10
2020,4217,Typists and related keyboard occupations,18.0,35.0,32.5,18.5,24.0,28.0,30.0,34.9,37.0,37.4,37.5,37.5,,SOC10
2020,5111,Farmers,7.0,40.0,40.6,,,39.1,39.8,40.0,40.2,,,,,SOC10
2020,5112,Horticultural trades,,39.2,39.8,,,,,37.0,40.0,,,,,SOC10
2020,5113,Gardeners and landscape gardeners,42.0,37.5,34.8,,32.0,35.0,36.4,37.0,39.6,,40.0,40.1,,SOC10
2020,5114,Groundsmen and greenkeepers,40.0,39.0,36.7,34.9,36.9,37.0,37.0,37.5,40.0,,40.0,40.0,,SOC10
2020,5119,Agricultural and fishing trades n.e.c.,11.0,39.0,35.8,,,36.2,37.0,37.1,40.0,40.0,,,,SOC10
2020,5211,Smiths and forge workers,,,,,,,,,,,,,,SOC10
2020,5212,"Moulders, core makers and die casters",,39.9,42.6,,,,,,,,,,,SOC10
2020,5213,Sheet metal workers,10.0,39.5,40.2,,37.0,37.8,38.3,39.0,,,,,,SOC10
2020,5214,"Metal plate workers, and riveters",,39.0,43.5,,,,,38.0,40.1,,,,,SOC10
2020,5215,Welding trades,50.0,40.0,40.9,37.0,38.0,39.0,39.0,40.0,40.0,40.0,41.0,42.5,,SOC10
2020,5216,Pipe fitters,,41.2,42.8,,,,,40.0,42.6,,,,,SOC10
2020,5221,Metal machining setters and setter-operators,58.0,39.5,40.6,36.6,37.5,37.5,38.0,39.0,40.0,40.5,41.5,42.1,,SOC10
2020,5222,"Tool makers, tool fitters and markers-out",8.0,38.9,37.0,,,37.0,37.4,38.2,39.0,39.8,,,,SOC10
2020,5223,Metal working production and maintenance fitters,293.0,40.0,40.3,35.0,37.0,37.5,37.5,39.0,40.0,41.8,42.5,44.0,47.8,SOC10
2020,5224,Precision instrument makers and repairers,10.0,38.0,37.4,,,37.5,37.5,37.9,39.0,,,,,SOC10
2020,5225,Air-conditioning and refrigeration engineers,7.0,40.0,41.8,,,40.0,40.0,40.0,40.1,42.3,,,,SOC10
2020,5231,"Vehicle technicians, mechanics and electricians",126.0,40.0,39.8,35.0,37.5,38.8,39.7,40.0,40.0,41.5,42.4,43.5,45.3,SOC10
2020,5232,Vehicle body builders and repairers,20.0,40.0,39.5,32.3,37.5,38.2,39.0,39.0,40.0,40.0,40.8,42.2,,SOC10
2020,5234,Vehicle paint technicians,7.0,40.0,39.8,,39.0,39.8,,40.0,,,,,,SOC10
2020,5235,Aircraft maintenance and related trades,,37.4,39.6,,,,36.9,37.0,38.5,,,,,SOC10
2020,5236,Boat and ship builders and repairers,,40.0,36.7,,,,,,,,,,,SOC10
2020,5237,Rail and rolling stock builders and repairers,,35.0,36.2,,,,,,,,,,,SOC10
2020,5241,Electricians and electrical fitters,134.0,39.9,39.3,35.0,37.0,37.1,37.5,38.4,40.0,40.0,40.9,42.5,46.1,SOC10
2020,5242,Telecommunications engineers,17.0,38.9,38.9,34.9,36.9,37.4,37.5,37.5,39.9,40.0,40.9,,,SOC10
2020,5244,"TV, video and audio engineers",,40.0,37.5,,,,,,40.0,,,,,SOC10
2020,5245,IT engineers,10.0,37.5,35.6,,36.9,37.0,37.4,37.5,37.5,38.0,,,,SOC10
2020,5249,Electrical and electronic trades n.e.c.,115.0,40.0,40.2,36.5,37.5,37.5,37.5,39.8,40.0,40.6,41.8,42.5,45.6,SOC10
2020,5250,"Skilled metal, electrical and electronic trades supervisors",39.0,40.0,40.6,36.0,37.0,37.2,37.7,39.0,40.0,41.3,42.5,44.5,,SOC10
2020,5311,Steel erectors,,40.0,41.4,,,,,39.6,40.7,,,,,SOC10
2020,5312,Bricklayers and masons,18.0,39.0,38.3,,37.0,37.0,39.0,,40.0,,40.0,,,SOC10
2020,5313,"Roofers, roof tilers and slaters",14.0,39.0,37.3,,36.6,37.9,38.8,,,,,,,SOC10
2020,5314,Plumbers and heating and ventilating engineers,57.0,40.0,39.6,35.0,37.0,37.2,37.5,39.0,40.0,40.2,42.1,43.0,,SOC10
2020,5315,Carpenters and joiners,75.0,40.0,39.5,35.0,37.0,37.5,39.0,39.0,,40.0,40.4,41.4,,SOC10
2020,5316,"Glaziers, window fabricators and fitters",19.0,40.0,36.8,32.0,39.0,39.3,40.0,,,40.0,40.4,41.4,,SOC10
2020,5319,Construction and building trades n.e.c.,32.0,39.3,36.6,22.5,35.0,37.0,37.5,39.0,,40.0,40.5,42.0,,SOC10
2020,5321,Plasterers,,39.3,39.3,,,,37.3,,,,,,,SOC10
2020,5322,Floorers and wall tilers,10.0,40.0,38.1,,37.5,37.6,38.8,39.9,,,,,,SOC10
2020,5323,Painters and decorators,21.0,39.8,38.1,32.8,37.0,37.0,37.5,39.0,,40.0,40.0,40.8,,SOC10
2020,5330,Construction and building trades supervisors,39.0,40.0,41.2,35.9,37.1,37.5,39.0,40.0,40.3,43.2,45.0,45.0,,SOC10
2020,5411,Weavers and knitters,,38.0,40.1,,,,,,,,,,,SOC10
2020,5412,Upholsterers,,39.0,35.4,,,,,38.3,39.8,,,,,SOC10
2020,5413,Footwear and leather working trades,,39.0,37.2,,,,,,,,,,,SOC10
2020,5414,Tailors and dressmakers,,29.3,29.0,,,,,,,,,,,SOC10
2020,5419,"Textiles, garments and related trades n.e.c.",,38.4,37.2,,,,,,,,,,,SOC10
2020,5421,Pre-press technicians,,37.2,35.7,,,,,,37.5,,,,,SOC10
2020,5422,Printers,16.0,38.5,38.1,35.0,36.0,36.5,37.4,37.5,40.0,,40.0,,,SOC10
2020,5423,Print finishing and binding workers,12.0,37.5,35.6,,30.5,,36.4,37.5,37.5,38.0,,,,SOC10
2020,5431,Butchers,30.0,40.0,39.0,24.8,34.6,36.1,37.3,38.9,41.2,42.9,43.8,44.9,,SOC10
2020,5432,Bakers and flour confectioners,22.0,39.0,36.9,,32.5,35.0,36.3,36.9,40.0,42.0,42.9,44.0,,SOC10
2020,5433,Fishmongers and poultry dressers,,37.4,33.9,,,,,34.8,38.1,,,,,SOC10
2020,5434,Chefs,178.0,37.5,33.3,18.7,24.1,27.8,30.0,35.0,40.0,40.0,40.2,42.5,48.0,SOC10
2020,5435,Cooks,65.0,27.5,26.6,14.8,17.4,20.0,22.5,25.0,30.0,32.3,33.7,35.0,,SOC10
2020,5436,Catering and bar managers,41.0,37.5,35.0,23.8,30.0,31.2,32.8,36.0,39.1,40.0,40.0,40.2,,SOC10
2020,5441,"Glass and ceramics makers, decorators and finishers",,39.1,37.9,,,,,,39.6,,,,,SOC10
2020,5442,Furniture makers and other craft woodworkers,14.0,40.0,38.7,,37.5,37.8,38.4,39.1,,40.0,40.5,,,SOC10
2020,5443,Florists,,,21.7,,,,,,,,,,,SOC10
2020,5449,Other skilled trades n.e.c.,15.0,39.0,37.6,,35.1,35.7,36.8,38.5,40.0,,,,,SOC10
2020,6121,Nursery nurses and assistants,181.0,31.0,29.0,14.2,18.7,20.5,22.5,27.4,35.0,37.0,38.0,40.0,40.0,SOC10
2020,6122,Childminders and related occupations,27.0,28.0,28.6,12.2,16.0,18.0,20.0,23.9,31.1,35.0,37.0,40.0,,SOC10
2020,6123,Playworkers,46.0,10.4,13.6,3.7,5.0,5.6,6.2,7.5,15.0,18.0,20.0,21.3,,SOC10
2020,6125,Teaching assistants,346.0,28.8,26.4,12.5,18.3,20.2,22.9,26.4,30.5,32.5,32.5,34.2,37.0,SOC10
2020,6126,Educational support assistants,161.0,28.0,26.3,13.2,18.4,20.7,23.5,26.0,30.0,32.0,32.5,34.1,37.0,SOC10
2020,6131,Veterinary nurses,10.0,38.0,33.2,,23.8,27.3,29.4,37.2,39.2,,40.0,,,SOC10
2020,6132,Pest control officers,,37.5,37.0,,,,,37.0,39.6,,,,,SOC10
2020,6139,Animal care services occupations n.e.c.,31.0,35.0,30.5,11.5,17.4,18.5,21.2,27.6,37.5,39.9,40.0,40.0,,SOC10
2020,6141,Nursing auxiliaries and assistants,391.0,34.9,31.1,13.1,20.9,22.5,24.5,30.0,37.5,37.5,37.5,37.6,42.7,SOC10
2020,6142,Ambulance staff (excluding paramedics),23.0,37.5,37.2,24.9,34.8,,,37.4,38.2,40.4,42.2,42.8,,SOC10
2020,6143,Dental nurses,45.0,32.0,30.4,16.0,21.4,22.5,24.0,29.0,36.4,37.5,38.1,39.4,,SOC10
2020,6144,Houseparents and residential wardens,15.0,36.9,32.8,,22.2,24.2,29.9,35.0,37.0,37.6,38.1,39.7,,SOC10
2020,6145,Care workers and home carers,671.0,31.5,31.1,11.8,18.0,20.0,22.5,28.0,35.5,37.5,39.0,41.3,48.0,SOC10
2020,6146,Senior care workers,76.0,37.0,36.3,22.5,28.7,30.2,32.8,35.3,38.0,40.3,41.7,42.8,48.3,SOC10
2020,6147,Care escorts,14.0,17.2,18.5,,12.1,13.6,14.5,16.0,19.1,20.2,21.3,,,SOC10
2020,6148,"Undertakers, mortuary and crematorium assistants",17.0,39.0,34.4,,22.6,28.1,31.3,38.3,40.0,40.7,42.0,42.5,,SOC10
2020,6211,Sports and leisure assistants,58.0,20.4,21.8,3.0,5.5,7.9,10.4,15.0,27.6,36.2,37.0,37.5,,SOC10
2020,6212,Travel agents,25.0,37.5,33.2,19.4,23.3,29.9,30.0,36.3,37.5,,37.5,38.3,,SOC10
2020,6214,Air travel assistants,10.0,34.7,31.2,,20.0,21.2,23.3,29.7,38.0,,,,,SOC10
2020,6215,Rail travel assistants,18.0,37.0,37.7,32.5,,,35.0,35.2,38.0,39.5,40.0,41.1,,SOC10
2020,6219,Leisure and travel service occupations n.e.c.,11.0,,17.5,,,,,,,,,,,SOC10
2020,6221,Hairdressers and barbers,50.0,28.0,27.1,15.0,16.0,17.0,19.2,23.9,32.0,36.2,37.6,38.8,,SOC10
2020,6222,Beauticians and related occupations,41.0,24.0,25.0,11.8,15.0,15.9,16.0,20.0,29.0,33.4,36.3,37.4,,SOC10
2020,6231,Housekeepers and related occupations,40.0,29.2,26.4,9.6,15.7,18.0,20.0,25.0,31.8,37.0,37.5,37.6,,SOC10
2020,6232,Caretakers,70.0,36.4,30.3,10.1,19.0,23.0,25.1,34.4,37.0,37.0,37.5,38.7,40.5,SOC10
2020,6240,Cleaning and housekeeping managers and supervisors,44.0,34.5,30.2,15.0,19.8,22.4,24.0,30.0,37.0,39.3,40.0,40.0,,SOC10
2020,7111,Sales and retail assistants,1048.0,23.3,24.3,8.6,13.0,15.4,16.0,20.0,28.0,32.5,35.7,37.4,40.0,SOC10
2020,7112,Retail cashiers and check-out operators,141.0,20.5,22.6,10.0,12.7,14.2,15.7,18.0,24.0,28.8,30.9,33.0,37.6,SOC10
2020,7113,Telephone salespersons,15.0,37.5,35.9,,34.9,35.0,36.2,37.5,38.6,39.8,40.0,,,SOC10
2020,7114,Pharmacy and other dispensing assistants,69.0,31.0,30.0,15.3,19.9,22.4,23.6,26.8,35.4,37.5,37.5,38.4,41.1,SOC10
2020,7115,Vehicle and parts salespersons and advisers,14.0,42.0,41.3,37.3,39.8,39.9,40.0,40.0,43.6,44.9,45.5,,,SOC10
2020,7121,Collector salespersons and credit agents,,37.3,38.0,,,,,,,,,,,SOC10
2020,7122,"Debt, rent and other cash collectors",14.0,37.0,36.8,31.6,35.0,36.3,37.0,,37.5,38.5,39.9,,,SOC10
2020,7123,Roundspersons and van salespersons,,40.0,39.1,,,,,,42.9,,,,,SOC10
2020,7124,Market and street traders and assistants,,,,,,,,,,,,,,SOC10
2020,7125,Merchandisers and window dressers,15.0,35.0,29.5,,,24.6,29.7,32.7,36.8,37.5,,37.8,,SOC10
2020,7129,Sales related occupations n.e.c.,26.0,37.5,33.4,14.0,22.5,25.7,32.7,36.8,38.3,40.0,40.0,41.1,,SOC10
2020,7130,Sales supervisors,69.0,37.8,35.9,24.0,30.3,33.5,36.0,37.3,39.0,40.0,40.0,40.9,43.1,SOC10
2020,7211,Call and contact centre occupations,50.0,37.3,33.8,18.0,24.0,29.9,33.2,36.0,37.5,38.4,39.9,40.0,,SOC10
2020,7213,Telephonists,8.0,26.9,26.3,,,,,22.6,30.1,33.6,,,,SOC10
2020,7214,Communication operators,17.0,37.0,35.5,22.6,32.8,34.7,35.7,37.0,37.5,37.7,39.2,41.5,,SOC10
2020,7215,Market research interviewers,7.0,,15.2,,,,,,,,,,,SOC10
2020,7219,Customer service occupations n.e.c.,396.0,35.0,30.0,13.0,19.7,22.1,24.8,31.6,36.9,37.4,37.5,37.5,40.0,SOC10
2020,7220,Customer service managers and supervisors,88.0,37.5,36.1,30.0,35.0,35.0,35.0,36.9,37.5,38.2,39.3,40.0,41.4,SOC10
2020,8111,"Food, drink and tobacco process operatives",140.0,39.0,38.3,25.0,33.5,35.3,36.7,37.5,40.0,41.2,42.5,44.2,48.8,SOC10
2020,8112,Glass and ceramics process operatives,,40.0,38.9,,,,38.5,39.9,,,,,,SOC10
2020,8113,Textile process operatives,10.0,39.0,37.2,,32.9,33.7,35.8,38.4,39.5,,,,,SOC10
2020,8114,Chemical and related process operatives,23.0,39.0,39.0,34.6,36.8,37.4,37.5,37.5,40.0,40.0,41.5,42.0,,SOC10
2020,8115,Rubber process operatives,,40.0,37.0,,,,,39.6,40.0,,,,,SOC10
2020,8116,Plastics process operatives,12.0,40.0,40.3,36.0,37.5,38.0,38.6,39.3,40.0,40.9,41.6,,,SOC10
2020,8117,Metal making and treating process operatives,9.0,39.0,39.5,,37.0,37.4,37.5,38.3,40.0,42.0,42.8,,,SOC10
2020,8118,Electroplaters,6.0,39.8,40.1,,,38.0,38.0,39.0,40.0,41.3,,,,SOC10
2020,8119,Process operatives n.e.c.,6.0,40.0,42.4,,,38.8,39.2,39.5,41.1,44.7,,,,SOC10
2020,8121,Paper and wood machine operatives,16.0,39.0,39.5,32.6,36.8,37.5,37.5,38.5,,40.2,41.0,42.4,,SOC10
2020,8122,Coal mine operatives,,42.4,42.9,,,,,,,,,,,SOC10
2020,8123,Quarry workers and related operatives,,41.0,40.6,,,,,40.6,43.2,,,,,SOC10
2020,8124,Energy plant operatives,6.0,40.0,39.6,,37.0,37.0,37.3,37.6,40.0,42.0,,,,SOC10
2020,8125,Metal working machine operatives,19.0,39.0,38.7,30.0,36.7,37.0,37.5,38.9,40.0,40.0,40.0,42.0,,SOC10
2020,8126,Water and sewerage plant operatives,12.0,40.0,39.7,,37.0,37.1,37.5,39.0,40.0,41.1,42.1,,,SOC10
2020,8127,Printing machine assistants,16.0,39.3,39.8,31.9,37.0,37.4,37.5,38.3,40.0,40.3,40.8,42.1,,SOC10
2020,8129,Plant and machine operatives n.e.c.,11.0,38.9,38.3,,37.0,37.0,37.3,37.8,39.0,,40.0,,,SOC10
2020,8131,Assemblers (electrical and electronic products),15.0,39.3,37.9,27.6,35.4,37.0,37.5,39.0,40.0,40.4,41.9,,,SOC10
2020,8132,Assemblers (vehicles and metal goods),30.0,38.9,38.6,34.6,36.9,,37.0,37.5,39.1,40.0,40.0,40.7,,SOC10
2020,8133,Routine inspectors and testers,51.0,38.0,37.4,30.0,35.0,36.9,37.0,37.5,39.0,40.0,40.0,40.2,,SOC10
2020,8134,"Weighers, graders and sorters",6.0,38.0,33.8,,,,,36.2,40.0,40.4,,,,SOC10
2020,8135,"Tyre, exhaust and windscreen fitters",15.0,40.3,39.8,28.0,37.4,39.0,39.4,40.0,43.6,44.0,44.0,44.1,,SOC10
2020,8137,Sewing machinists,17.0,37.2,34.0,19.5,27.5,31.2,32.0,36.0,38.0,,39.0,39.8,,SOC10
2020,8139,Assemblers and routine operatives n.e.c.,91.0,39.0,38.0,30.7,36.5,37.0,37.4,37.9,39.4,,40.0,40.9,45.0,SOC10
2020,8141,"Scaffolders, stagers and riggers",14.0,39.0,37.8,30.0,37.5,37.5,38.0,,40.0,,,,,SOC10
2020,8142,Road construction operatives,19.0,40.0,43.5,37.0,37.0,37.4,38.5,39.5,42.5,45.0,47.5,48.4,,SOC10
2020,8143,Rail construction and maintenance operatives,7.0,39.2,40.1,,35.0,36.0,36.9,37.6,40.1,,,,,SOC10
2020,8149,Construction operatives n.e.c.,86.0,39.1,37.6,24.0,34.5,36.4,37.0,37.8,40.0,40.5,42.0,43.4,47.0,SOC10
2020,8211,Large goods vehicle drivers,200.0,46.0,46.4,36.9,40.0,40.0,40.0,44.5,48.0,50.0,52.0,55.0,60.0,SOC10
2020,8212,Van drivers,258.0,40.0,36.2,16.1,24.2,29.0,32.2,37.5,40.3,43.3,44.8,45.8,49.8,SOC10
2020,8213,Bus and coach drivers,99.0,39.0,37.4,20.0,32.0,36.0,37.0,38.0,39.9,40.9,42.4,44.8,50.0,SOC10
2020,8214,Taxi and cab drivers and chauffeurs,12.0,,24.5,,,13.8,14.8,16.6,,37.0,37.7,,,SOC10
2020,8215,Driving instructors,,37.1,36.0,,,,,,38.7,,,,,SOC10
2020,8221,Crane drivers,6.0,45.0,44.9,,39.0,,40.0,40.5,46.8,,,,,SOC10
2020,8222,Fork-lift truck drivers,24.0,40.0,41.6,36.1,37.9,,39.0,39.4,41.5,43.6,45.0,46.0,,SOC10
2020,8223,Agricultural machinery drivers,,,46.3,,,,,,,,,,,SOC10
2020,8229,Mobile machine drivers and operatives n.e.c.,38.0,40.8,43.6,36.0,37.5,39.0,39.0,40.0,42.9,45.1,47.6,50.0,,SOC10
2020,8231,Train and tram drivers,28.0,35.3,36.9,34.2,,,,35.0,36.9,37.5,38.5,39.7,,SOC10
2020,8232,Marine and waterways transport operatives,,,40.0,,,,,,,,,,,SOC10
2020,8233,Air transport operatives,6.0,40.0,36.4,,,,38.0,39.9,40.0,40.0,,,,SOC10
2020,8234,Rail transport operatives,9.0,42.0,44.0,35.0,36.7,37.1,37.5,40.5,44.5,48.3,48.9,,,SOC10
2020,8239,Other drivers and transport operatives n.e.c.,,,34.7,,,,,,,,,,,SOC10
2020,9111,Farm workers,43.0,41.8,41.5,19.7,34.2,37.4,39.0,40.0,44.7,48.0,49.0,51.0,,SOC10
2020,9112,Forestry workers,,39.0,37.3,,,,,,39.4,,,,,SOC10
2020,9119,Fishing and other elementary agriculture occupations n.e.c.,20.0,39.0,36.7,14.7,29.5,33.0,36.2,37.5,40.0,40.6,42.8,45.0,,SOC10
2020,9120,Elementary construction occupations,66.0,40.0,38.5,30.0,36.0,37.5,39.0,39.0,40.0,41.3,42.5,44.1,,SOC10
2020,9132,Industrial cleaning process occupations,14.0,39.0,37.5,,33.5,34.6,36.5,37.5,40.0,40.0,40.8,,,SOC10
2020,9134,"Packers, bottlers, canners and fillers",94.0,39.8,38.2,24.0,34.1,36.3,37.3,38.4,40.0,41.0,42.4,44.0,48.0,SOC10
2020,9139,Elementary process plant occupations n.e.c.,88.0,39.0,38.1,32.0,37.0,37.4,37.5,38.8,40.0,40.2,41.3,42.3,45.0,SOC10
2020,9211,"Postal workers, mail sorters, messengers and couriers",37.0,37.0,32.1,,20.8,23.7,30.0,35.0,38.0,38.1,39.2,40.1,,SOC10
2020,9219,Elementary administration occupations n.e.c.,36.0,20.7,23.3,,10.1,12.5,14.0,17.2,29.0,34.9,35.2,37.0,,SOC10
2020,9231,Window cleaners,,37.3,32.8,,,,,36.8,,,,,,SOC10
2020,9232,Street cleaners,6.0,37.0,34.5,,,35.0,36.0,36.9,37.0,37.0,,,,SOC10
2020,9233,Cleaners and domestics,508.0,16.2,19.8,6.2,10.0,10.1,12.0,14.8,20.0,24.9,27.5,30.5,37.5,SOC10
2020,9234,"Launderers, dry cleaners and pressers",16.0,34.2,30.9,13.9,17.6,21.6,25.5,30.2,37.4,37.7,39.0,40.0,,SOC10
2020,9235,Refuse and salvage occupations,22.0,37.0,37.5,,36.0,36.9,37.0,37.0,38.8,40.0,41.4,42.3,,SOC10
2020,9236,Vehicle valeters and cleaners,12.0,38.0,30.7,15.9,16.1,20.3,23.9,31.1,39.9,40.0,41.1,,,SOC10
2020,9239,Elementary cleaning occupations n.e.c.,,37.0,38.2,,,,,,,,,,,SOC10
2020,9241,Security guards and related occupations,94.0,40.5,41.7,25.0,35.9,36.9,37.3,39.6,42.5,47.6,49.7,52.5,59.8,SOC10
2020,9242,Parking and civil enforcement occupations,12.0,37.0,32.9,,,33.3,35.0,37.0,37.0,37.0,37.5,,,SOC10
2020,9244,School midday and crossing patrol occupations,95.0,7.0,8.8,4.3,5.0,5.6,6.0,6.3,7.5,8.8,10.0,10.1,,SOC10
2020,9249,Elementary security occupations n.e.c.,9.0,31.9,26.7,,,,,,35.3,37.8,39.3,,,SOC10
2020,9251,Shelf fillers,42.0,24.9,26.3,13.2,16.8,18.6,19.7,23.0,28.0,32.1,34.2,36.9,,SOC10
2020,9259,Elementary sales occupations n.e.c.,,,26.8,,,,,,,,,,,SOC10
2020,9260,Elementary storage occupations,462.0,39.9,38.2,25.0,35.3,37.0,37.5,38.1,40.0,40.6,42.0,43.3,47.0,SOC10
2020,9271,Hospital porters,,37.5,35.9,,,,,,37.5,,,,,SOC10
2020,9272,Kitchen and catering assistants,439.0,20.0,20.2,6.3,10.0,12.0,13.3,16.2,23.9,28.5,30.0,32.5,38.3,SOC10
2020,9273,Waiters and waitresses,155.0,15.5,16.3,4.8,7.2,8.4,10.0,12.7,20.0,24.0,28.0,30.0,37.5,SOC10
2020,9274,Bar staff,107.0,15.6,16.4,4.1,7.0,8.5,10.1,12.7,18.4,23.6,26.8,30.0,37.5,SOC10
2020,9275,Leisure and theme park attendants,13.0,,13.7,1.6,,,,,,,,,,SOC10
2020,9279,Other elementary services occupations n.e.c.,8.0,29.6,26.5,,,,,27.4,35.3,,40.0,,,SOC10
2021,1111,Chief executives and senior officials,109.0,36.8,34.6,22.0,,,35.0,35.0,37.5,37.5,39.8,40.0,40.0,SOC20
2021,1112,Elected officers and representatives,10.0,30.0,26.9,,,,,,36.3,37.0,,,,SOC20
2021,1121,Production managers and directors in manufacturing,458.0,37.5,35.9,18.7,35.0,35.0,36.8,37.4,39.0,40.0,40.0,40.0,43.8,SOC20
2021,1122,Production managers and directors in construction,110.0,40.0,38.8,30.0,36.9,37.0,37.5,39.0,40.0,41.8,42.5,43.7,47.3,SOC20
2021,1123,Production managers and directors in mining and energy,,40.0,40.8,,,,37.0,37.5,40.7,44.2,,,,SOC20
2021,1131,Financial managers and directors,433.0,36.2,35.1,28.0,35.0,,35.0,35.0,37.4,37.5,37.5,39.0,40.0,SOC20
2021,1132,"Marketing, sales and advertising directors",223.0,37.5,36.1,30.0,35.0,35.0,36.1,37.1,37.5,39.0,40.0,40.0,40.0,SOC20
2021,1133,Public relations and communications directors,10.0,36.7,35.6,,34.6,,35.0,35.0,37.0,37.3,,,,SOC20
2021,1134,Purchasing managers and directors,66.0,37.5,37.4,34.9,35.0,36.0,36.9,37.0,37.5,38.8,39.9,40.0,,SOC20
2021,1135,Charitable organisation managers and directors,,36.5,33.1,,,,35.0,35.0,36.9,,,,,SOC20
2021,1136,Human resource managers and directors,151.0,37.0,35.5,30.0,35.0,35.0,35.0,36.2,37.3,37.5,37.5,37.9,40.0,SOC20
2021,1137,Information technology directors,72.0,36.8,31.0,9.2,,30.0,34.8,35.0,37.4,37.5,37.5,37.9,,SOC20
2021,1139,Functional managers and directors n.e.c.,71.0,37.0,34.9,21.3,35.0,35.0,35.0,36.9,37.5,,37.5,38.9,,SOC20
2021,1140,"Directors in logistics, warehousing and transport",8.0,38.0,35.0,,,,36.6,37.5,39.8,,,,,SOC20
2021,1150,Managers and directors in retail and wholesale,400.0,39.0,38.1,30.0,36.0,37.0,37.4,37.9,39.9,40.0,40.5,42.3,45.0,SOC20
2021,1161,Officers in armed forces,,,,,,,,,,,,,,SOC20
2021,1162,Senior police officers,10.0,40.0,40.2,,,,,,,,,,,SOC20
2021,1163,"Senior officers in fire, ambulance, prison and related services",,40.0,40.7,,,,,,,,,,,SOC20
2021,1171,Health services and public health managers and directors,49.0,37.5,36.2,26.3,35.0,36.5,37.0,37.4,37.5,37.5,37.6,39.1,,SOC20
2021,1172,Social services managers and directors,13.0,37.0,35.8,,35.0,35.0,35.0,36.0,37.0,37.4,37.5,,,SOC20
2021,1211,Managers and proprietors in agriculture and horticulture,17.0,40.0,41.2,,37.0,37.5,39.0,40.0,41.8,46.4,,,,SOC20
2021,1212,"Managers and proprietors in forestry, fishing and related services",7.0,37.5,37.1,,,36.3,37.0,37.5,38.8,,,,,SOC20
2021,1221,Hotel and accommodation managers and proprietors,16.0,39.9,38.3,,35.0,37.0,37.6,39.9,40.0,,40.3,,,SOC20
2021,1222,Restaurant and catering establishment managers and proprietors,55.0,40.0,37.6,23.9,30.1,34.8,35.3,38.6,40.0,42.4,44.8,45.0,,SOC20
2021,1223,Publicans and managers of licensed premises,24.0,44.9,42.4,32.5,,,39.9,40.0,47.5,,,,,SOC20
2021,1224,Leisure and sports managers,26.0,38.6,36.1,,35.0,35.8,37.0,37.3,39.8,40.0,40.0,40.0,,SOC20
2021,1225,Travel agency managers and proprietors,,36.5,35.3,,,,,,,,,,,SOC20
2021,1231,Health care practice managers,26.0,37.5,36.1,25.1,32.0,33.5,34.9,37.0,38.3,40.0,40.0,40.0,,SOC20
2021,1232,"Residential, day and domiciliary care managers and proprietors",64.0,37.9,38.4,30.1,35.3,36.7,37.0,37.4,39.9,40.0,40.0,42.0,,SOC20
2021,1233,Early education and childcare services proprietors,,34.0,36.3,,,,,,,,,,,SOC20
2021,1241,Managers in transport and distribution,67.0,40.0,39.9,35.0,36.9,37.3,37.5,38.9,40.0,41.0,42.5,44.0,,SOC20
2021,1242,Managers in storage and warehousing,100.0,40.0,39.4,35.0,37.3,37.5,37.5,39.0,40.0,40.2,41.3,42.9,47.0,SOC20
2021,1243,Managers in logistics,20.0,37.9,39.3,35.7,37.0,37.4,37.5,37.5,39.2,,40.2,,,SOC20
2021,1251,"Property, housing and estate managers",102.0,37.2,35.5,24.2,34.9,35.0,35.0,37.0,37.5,38.7,39.9,40.0,41.4,SOC20
2021,1252,Garage managers and proprietors,9.0,40.0,40.4,,,,40.0,40.0,40.0,,,,,SOC20
2021,1253,Hairdressing and beauty salon managers and proprietors,,37.5,32.8,,,,,33.5,38.9,,,,,SOC20
2021,1254,Waste disposal and environmental services managers,10.0,39.2,37.8,,,37.0,37.0,37.0,,40.0,,,,SOC20
2021,1255,Managers and directors in the creative industries,11.0,37.5,35.5,,35.0,35.0,35.0,36.0,37.5,,,,,SOC20
2021,1256,Betting shop and gambling establishment managers,,37.0,36.1,,,,,,,,,,,SOC20
2021,1257,Hire services managers and proprietors,8.0,40.0,40.6,,,,39.0,40.0,43.8,,,,,SOC20
2021,1258,Directors in consultancy services,,37.5,31.8,,,,,,,,,,,SOC20
2021,1259,Managers and proprietors in other services n.e.c.,33.0,37.5,36.8,28.9,35.0,36.1,36.9,37.0,37.9,38.9,39.8,40.0,,SOC20
2021,2111,Chemical scientists,16.0,37.5,37.9,,35.9,36.5,37.0,37.4,37.5,38.0,40.0,,,SOC20
2021,2112,Biological scientists,17.0,37.5,36.2,,35.3,36.7,37.0,37.4,37.5,38.3,39.5,,,SOC20
2021,2113,Biochemists and biomedical scientists,39.0,37.5,36.7,30.8,37.0,37.2,,37.4,37.5,37.5,37.7,38.7,,SOC20
2021,2114,Physical scientists,12.0,37.4,37.4,,36.7,37.0,37.0,37.0,,,,,,SOC20
2021,2115,Social and humanities scientists,12.0,37.0,35.4,,35.3,36.5,36.8,37.0,37.0,37.4,,,,SOC20
2021,2119,Natural and social science professionals n.e.c.,31.0,37.0,37.3,35.0,35.0,35.9,36.5,37.0,37.5,37.5,38.9,39.9,,SOC20
2021,2121,Civil engineers,71.0,37.5,38.8,35.0,37.0,37.0,37.4,37.5,39.0,40.0,40.0,41.5,,SOC20
2021,2122,Mechanical engineers,31.0,38.9,39.2,36.4,37.0,37.2,37.5,37.5,39.9,40.0,40.0,40.2,,SOC20
2021,2123,Electrical engineers,43.0,37.5,38.4,35.0,36.9,37.0,37.0,37.4,38.6,40.0,40.0,40.0,,SOC20
2021,2124,Electronics engineers,,37.5,36.1,,,,37.0,37.4,,,,,,SOC20
2021,2125,Production and process engineers,66.0,37.5,37.7,34.9,36.2,36.8,36.9,37.3,38.1,39.1,40.0,40.0,,SOC20
2021,2126,Aerospace engineers,25.0,37.5,37.8,35.0,36.8,37.0,37.0,37.5,37.9,39.1,40.0,,,SOC20
2021,2127,Engineering project managers and project engineers,88.0,37.6,38.4,36.0,36.9,37.0,37.1,37.5,39.3,40.0,40.0,40.0,,SOC20
2021,2129,Engineering professionals n.e.c.,107.0,37.5,37.7,35.0,36.8,37.0,37.0,37.5,37.9,39.4,40.0,40.0,,SOC20
2021,2131,IT project managers,40.0,37.0,35.7,32.2,35.0,,35.0,35.4,37.3,37.5,37.5,37.6,,SOC20
2021,2132,IT managers,242.0,37.4,37.2,35.0,35.0,36.7,37.0,37.0,37.5,37.5,38.8,39.9,40.1,SOC20
2021,2133,"IT business analysts, architects and systems designers",149.0,37.4,37.4,35.0,36.0,36.8,37.0,37.0,37.5,37.5,37.9,39.7,,SOC20
2021,2134,Programmers and software development professionals,337.0,37.5,36.8,35.0,35.4,37.0,37.0,37.4,,37.5,38.2,39.9,40.0,SOC20
2021,2135,Cyber security professionals,14.0,37.1,36.0,,35.0,,35.2,36.7,37.5,37.5,,,,SOC20
2021,2136,IT quality and testing professionals,12.0,37.5,36.1,,35.0,,36.0,37.1,,,,,,SOC20
2021,2137,IT network professionals,23.0,37.5,38.6,35.0,36.8,37.0,37.0,37.3,37.5,38.6,39.9,,,SOC20
2021,2139,Information technology professionals n.e.c.,94.0,37.5,36.1,31.0,35.0,35.8,36.8,37.4,37.5,38.9,,39.8,,SOC20
2021,2141,Web design professionals,10.0,37.5,35.0,,,,36.9,37.4,37.5,37.6,,,,SOC20
2021,2142,Graphic and multimedia designers,41.0,37.5,36.0,30.0,35.0,36.8,37.0,37.5,37.5,38.3,39.2,40.0,,SOC20
2021,2151,Conservation professionals,13.0,37.0,36.9,,35.0,35.0,35.9,37.0,37.3,,,,,SOC20
2021,2152,Environment professionals,43.0,37.4,37.3,34.3,36.2,36.9,37.0,37.0,37.5,39.2,40.0,40.0,,SOC20
2021,2161,Research and development (R&D) managers,69.0,37.5,35.9,30.6,35.0,35.0,36.2,37.0,37.5,37.5,38.0,39.9,,SOC20
2021,2162,"Other researchers, unspecified discipline",22.0,36.9,35.3,30.1,35.0,35.8,35.9,36.5,37.0,37.5,,,,SOC20
2021,2211,Generalist medical practitioners,107.0,37.5,33.6,16.1,24.0,25.6,29.8,36.9,40.0,40.0,,40.0,,SOC20
2021,2212,Specialist medical practitioners,178.0,39.9,36.9,23.1,34.9,36.9,37.5,,40.0,,40.0,40.0,45.4,SOC20
2021,2221,Physiotherapists,62.0,37.4,32.4,18.5,22.5,26.6,32.6,37.4,,37.5,37.5,37.5,,SOC20
2021,2222,Occupational therapists,37.0,37.4,32.3,18.8,25.2,29.7,30.0,34.5,37.5,,37.5,37.5,,SOC20
2021,2223,Speech and language therapists,17.0,35.8,30.3,18.5,21.9,22.4,23.3,28.7,37.5,,37.5,,,SOC20
2021,2224,Psychotherapists and cognitive behaviour therapists,7.0,30.0,29.8,,,22.5,22.5,26.7,34.2,,,,,SOC20
2021,2225,Clinical psychologists,13.0,37.3,31.5,,22.5,22.9,25.3,29.5,37.5,,,,,SOC20
2021,2226,Other psychologists,24.0,36.9,31.3,,22.3,23.0,29.9,35.0,37.0,,37.4,,,SOC20
2021,2229,Therapy professionals n.e.c.,13.0,37.5,32.4,,,30.0,34.1,37.0,37.5,37.5,,,,SOC20
2021,2231,Midwifery nurses,83.0,23.0,23.7,6.9,11.5,12.0,15.0,20.5,28.4,31.2,34.5,37.5,,SOC20
2021,2232,Community nurses,95.0,30.5,30.0,17.7,22.5,23.0,24.5,29.9,36.1,37.5,,37.5,37.5,SOC20
2021,2233,Specialist nurses,62.0,37.5,32.8,19.7,27.9,30.0,30.0,34.7,,,37.5,37.5,,SOC20
2021,2234,Nurse practitioners,73.0,37.4,33.3,20.5,26.1,29.9,30.1,36.0,,37.5,37.5,37.5,,SOC20
2021,2235,Mental health nurses,19.0,37.4,34.2,,29.5,32.2,37.4,,37.5,37.5,37.5,,,SOC20
2021,2236,Children's nurses,21.0,31.7,28.2,,21.6,22.4,22.5,26.4,34.4,,,37.4,,SOC20
2021,2237,Other nursing professionals,651.0,37.4,32.4,14.6,23.0,26.0,30.0,34.8,37.5,37.5,37.5,37.5,40.5,SOC20
2021,2240,Veterinarians,27.0,37.5,34.3,20.0,25.0,29.5,30.5,34.5,,40.0,,,,SOC20
2021,2251,Pharmacists,67.0,37.5,33.6,16.2,25.0,30.0,32.1,36.6,37.5,37.9,39.0,39.9,,SOC20
2021,2252,Optometrists,12.0,31.5,29.7,,,,,28.6,35.4,37.5,,,,SOC20
2021,2253,Dental practitioners,,37.4,31.3,,,,,,37.7,,,,,SOC20
2021,2254,Medical radiographers,31.0,37.5,35.5,22.5,29.9,30.0,36.0,37.4,37.5,37.5,38.8,40.3,,SOC20
2021,2255,Paramedics,26.0,37.5,38.4,33.0,,37.3,37.5,37.5,38.2,39.4,40.5,41.6,,SOC20
2021,2256,Podiatrists,,30.0,28.5,,,,,29.9,36.9,,,,,SOC20
2021,2259,Other health professionals n.e.c.,58.0,37.5,33.8,22.5,29.5,33.0,36.1,37.4,,,37.5,37.5,,SOC20
2021,2311,Higher education teaching professionals,204.0,35.0,30.2,9.2,21.0,25.3,30.9,35.0,36.2,37.0,37.0,37.0,37.3,SOC20
2021,2312,Further education teaching professionals,105.0,35.0,29.9,14.1,21.0,22.3,27.0,33.1,36.1,37.0,37.0,37.0,,SOC20
2021,2313,Secondary education teaching professionals,636.0,32.5,29.8,19.5,25.0,26.0,27.6,32.4,32.5,,32.5,35.0,37.0,SOC20
2021,2314,Primary education teaching professionals,542.0,32.4,28.5,16.3,22.0,25.0,27.3,30.1,32.5,32.5,32.5,32.5,35.0,SOC20
2021,2315,Nursery education teaching professionals,14.0,27.5,25.3,,,,,24.0,31.6,32.5,34.7,,,SOC20
2021,2316,Special needs education teaching professionals,47.0,32.2,28.1,14.6,19.5,23.8,26.0,27.6,32.5,32.5,32.8,35.0,,SOC20
2021,2317,Teachers of English as a foreign language,,,23.8,,,,,,,,,,,SOC20
2021,2319,Teaching professionals n.e.c.,63.0,21.0,20.5,3.0,5.1,6.2,,14.7,26.1,32.4,35.0,35.1,,SOC20
2021,2321,Head teachers and principals,61.0,32.5,32.0,25.0,27.5,32.1,32.4,32.5,32.5,32.5,32.9,35.0,,SOC20
2021,2322,Education managers,34.0,35.0,33.2,26.3,32.2,32.5,32.5,35.0,36.2,37.0,37.0,,,SOC20
2021,2323,Education advisers and school inspectors,19.0,35.0,30.1,,,,25.9,33.0,36.0,36.6,37.0,,,SOC20
2021,2324,Early education and childcare services managers,27.0,36.3,32.5,16.1,25.0,26.9,28.3,33.5,37.5,39.8,40.0,,,SOC20
2021,2329,Other educational professionals n.e.c,33.0,35.0,31.1,,27.3,31.9,32.5,35.0,35.5,37.0,37.0,,,SOC20
2021,2411,Barristers and judges,14.0,37.0,35.4,,32.4,35.0,35.1,37.0,,37.5,38.0,,,SOC20
2021,2412,Solicitors and lawyers,135.0,35.0,34.3,28.0,34.9,35.0,35.0,,35.1,36.9,37.0,37.4,,SOC20
2021,2419,Legal professionals n.e.c.,56.0,35.0,34.8,29.0,34.6,,35.0,,36.3,37.2,,37.5,,SOC20
2021,2421,Chartered and certified accountants,102.0,37.0,34.7,25.8,34.5,35.0,35.0,36.2,37.4,37.5,37.5,37.5,,SOC20
2021,2422,Finance and investment analysts and advisers,160.0,36.2,35.4,32.2,,,35.0,35.0,37.4,37.5,37.5,37.6,,SOC20
2021,2423,Taxation experts,23.0,37.0,34.9,28.7,35.0,35.0,35.0,36.2,37.0,37.4,,,,SOC20
2021,2431,Management consultants and business analysts,207.0,37.0,35.5,32.0,35.0,35.0,35.0,36.0,37.4,37.5,,37.5,40.0,SOC20
2021,2432,Marketing and commercial managers,100.0,37.5,36.6,31.3,35.0,35.4,36.3,37.3,37.5,38.0,39.4,39.9,,SOC20
2021,2433,"Actuaries, economists and statisticians",31.0,36.8,35.9,34.5,35.0,,,35.0,37.0,37.5,,37.5,,SOC20
2021,2434,Business and related research professionals,127.0,36.5,33.8,18.8,34.7,,,35.0,37.0,37.0,37.5,37.5,39.1,SOC20
2021,2435,Professional/Chartered company secretaries,7.0,,22.6,,,,,,,,,,,SOC20
2021,2439,"Business, research and administrative professionals n.e.c.",57.0,37.0,35.7,29.4,35.0,35.0,36.0,37.0,,37.0,37.0,37.0,,SOC20
2021,2440,Business and financial project management professionals,297.0,37.4,36.4,32.2,35.0,35.0,35.3,37.0,37.5,37.9,39.6,40.0,40.6,SOC20
2021,2451,Architects,44.0,37.5,36.4,31.8,36.4,37.0,37.3,,37.5,37.6,38.3,40.0,,SOC20
2021,2452,"Chartered architectural technologists, planning officers and consultants",11.0,37.0,34.7,,35.3,36.8,36.9,37.0,,37.5,,,,SOC20
2021,2453,Quantity surveyors,50.0,39.0,38.8,36.8,37.4,37.5,37.5,37.5,40.0,40.0,40.0,42.0,,SOC20
2021,2454,Chartered surveyors,77.0,37.5,36.7,33.9,36.0,36.7,36.9,37.0,37.5,39.7,40.0,40.0,,SOC20
2021,2455,Construction project managers and related professionals,24.0,40.0,39.2,35.0,36.7,37.0,37.2,37.5,40.0,40.0,41.3,,,SOC20
2021,2461,Social workers,131.0,36.9,33.6,22.0,30.0,35.0,35.0,36.0,37.0,,,37.0,37.5,SOC20
2021,2462,Probation officers,15.0,37.0,34.2,,29.2,33.3,,,,,,,,SOC20
2021,2463,Clergy,27.0,35.0,30.8,,20.3,23.9,28.9,35.0,36.3,37.2,37.5,37.5,,SOC20
2021,2464,Youth work professionals,,36.4,32.1,,,,,36.0,,,,,,SOC20
2021,2469,Welfare professionals n.e.c.,14.0,37.0,35.7,,29.8,32.3,35.0,36.1,,37.0,37.5,,,SOC20
2021,2471,Librarians,16.0,35.0,29.7,,20.0,20.5,23.3,31.4,36.0,,,,,SOC20
2021,2472,Archivists and curators,9.0,35.4,32.0,,,30.0,32.6,35.0,36.8,,,,,SOC20
2021,2481,Quality control and planning engineers,66.0,37.5,37.3,34.5,35.0,36.8,37.0,37.3,37.5,38.8,39.6,40.0,,SOC20
2021,2482,Quality assurance and regulatory professionals,112.0,37.4,36.5,32.2,35.0,35.0,36.0,37.0,37.5,39.0,39.8,40.0,,SOC20
2021,2483,Environmental health professionals,14.0,37.0,35.7,,34.4,35.0,35.5,36.5,37.0,,,,,SOC20
2021,2491,Newspaper and periodical editors,16.0,36.1,35.5,,32.1,34.9,35.0,35.0,37.5,38.0,39.8,,,SOC20
2021,2492,Newspaper and periodical journalists and reporters,9.0,37.4,33.6,,,35.0,35.0,35.4,,,,,,SOC20
2021,2493,Public relations professionals,35.0,36.2,33.1,,30.0,32.7,34.8,35.0,37.0,37.5,37.5,,,SOC20
2021,2494,Advertising accounts managers and creative directors,32.0,37.4,34.1,,32.8,35.0,35.0,36.3,37.5,37.5,37.9,38.6,,SOC20
2021,3111,Laboratory technicians,59.0,37.5,35.9,26.7,32.8,35.0,36.5,37.4,37.5,38.5,38.8,40.0,,SOC20
2021,3112,Electrical and electronics technicians,12.0,38.3,39.3,,36.2,37.0,37.0,37.5,39.6,42.0,42.8,,,SOC20
2021,3113,Engineering technicians,67.0,38.0,39.4,35.0,36.9,37.0,37.0,37.5,39.9,40.0,40.9,42.0,,SOC20
2021,3114,Building and civil engineering technicians,8.0,37.5,38.7,,,,36.9,37.0,40.0,40.0,,,,SOC20
2021,3115,Quality assurance technicians,28.0,37.5,39.1,35.0,36.9,37.0,37.1,37.5,38.8,39.9,40.0,41.5,,SOC20
2021,3116,"Planning, process and production technicians",47.0,38.9,40.0,35.9,37.0,37.0,37.4,37.5,40.0,40.5,41.1,42.0,,SOC20
2021,3119,"Science, engineering and production technicians n.e.c.",203.0,38.7,38.2,30.1,35.6,36.8,37.0,37.5,40.0,40.6,41.7,42.5,45.0,SOC20
2021,3120,"CAD, drawing and architectural technicians",55.0,37.5,37.7,34.0,37.0,37.0,37.4,37.5,39.0,40.0,40.0,40.0,,SOC20
2021,3131,IT operations technicians,87.0,37.3,36.0,30.0,35.0,36.0,36.4,37.0,37.5,37.5,38.3,39.8,,SOC20
2021,3132,IT user support technicians,184.0,37.4,36.7,32.5,35.0,36.0,36.8,37.0,37.5,37.5,37.9,39.4,40.2,SOC20
2021,3133,Database administrators and web content technicians,32.0,37.0,34.0,21.9,33.3,35.0,35.0,36.9,37.4,37.5,37.5,37.9,,SOC20
2021,3211,Dispensing opticians,8.0,37.5,33.7,,,,34.1,36.5,37.5,,,,,SOC20
2021,3212,Pharmaceutical technicians,25.0,36.7,32.3,19.0,23.1,24.7,28.8,32.0,37.5,37.5,37.5,,,SOC20
2021,3213,Medical and dental technicians,25.0,37.5,34.0,22.2,28.9,31.3,33.7,37.1,37.5,37.5,37.5,37.5,,SOC20
2021,3214,Complementary health associate professionals,,18.8,21.2,,,,,,,,,,,SOC20
2021,3219,Health associate professionals n.e.c.,,,24.5,,,,,,,,,,,SOC20
2021,3221,Youth and community workers,118.0,35.0,29.3,,19.1,22.2,25.3,30.2,36.4,37.0,,37.0,37.5,SOC20
2021,3222,Child and early years officers,58.0,35.0,31.0,17.5,24.0,27.5,29.8,35.0,36.2,37.0,37.0,,,SOC20
2021,3223,Housing officers,51.0,36.9,33.8,21.0,34.0,,35.0,36.0,37.0,,37.0,37.0,,SOC20
2021,3224,Counsellors,24.0,30.0,27.7,,18.2,20.0,21.0,23.6,35.0,35.3,37.0,37.5,,SOC20
2021,3229,Welfare and housing associate professionals n.e.c.,158.0,36.8,31.7,17.3,24.0,28.3,31.0,35.0,,37.0,37.0,37.5,39.0,SOC20
2021,3231,Higher level teaching assistants,47.0,30.1,28.2,14.5,21.7,25.7,26.7,29.5,32.5,34.0,35.0,35.0,,SOC20
2021,3232,Early education and childcare practitioners,133.0,32.8,30.6,16.0,20.6,22.7,24.3,29.0,36.1,37.9,39.9,40.0,41.6,SOC20
2021,3240,Veterinary nurses,30.0,39.4,35.6,22.4,30.0,32.0,34.9,37.2,,40.0,40.0,40.3,,SOC20
2021,3311,Non-commissioned officers and other ranks,,,,,,,,,,,,,,SOC20
2021,3312,Police officers (sergeant and below),249.0,40.0,40.9,37.0,,,,40.0,40.0,41.2,42.0,42.8,46.0,SOC20
2021,3313,Fire service officers (watch manager and below),58.0,42.0,38.8,,,,41.9,42.0,42.1,42.4,42.6,43.8,,SOC20
2021,3314,Prison service officers (below principal officer),25.0,37.0,37.0,25.9,,,,,37.2,39.0,39.4,,,SOC20
2021,3319,Protective service associate professionals n.e.c.,25.0,37.0,36.8,30.7,35.0,35.9,36.0,37.0,37.3,38.2,39.1,40.0,,SOC20
2021,3411,Artists,,37.5,32.6,,,,,,38.0,,,,,SOC20
2021,3412,"Authors, writers and translators",20.0,37.0,34.3,,30.1,34.9,35.0,35.1,37.5,37.5,37.6,,,SOC20
2021,3413,"Actors, entertainers and presenters",,,,,,,,,,,,,,SOC20
2021,3414,Dancers and choreographers,,,25.1,,,,,,,,,,,SOC20
2021,3415,Musicians,,,18.5,,,,,,,,,,,SOC20
2021,3416,"Arts officers, producers and directors",14.0,37.4,36.2,,35.0,,35.2,37.0,37.9,39.9,,,,SOC20
2021,3417,"Photographers, audio-visual and broadcasting equipment operators",16.0,37.5,36.5,,35.9,36.0,36.7,37.0,39.3,40.0,40.0,,,SOC20
2021,3421,Interior designers,28.0,38.2,36.6,,35.2,36.3,37.1,37.5,40.0,40.0,42.5,,,SOC20
2021,3422,"Clothing, fashion and accessories designers",,37.1,35.7,,,,34.6,35.2,39.8,,,,,SOC20
2021,3429,Design occupations n.e.c.,13.0,37.8,36.7,,36.5,,37.0,37.5,39.1,40.0,,,,SOC20
2021,3431,Sports players,12.0,34.2,26.4,,,,,,,,36.7,,,SOC20
2021,3432,"Sports coaches, instructors and officials",58.0,16.5,19.3,,,,,,,34.3,35.6,37.0,,SOC20
2021,3433,Fitness and wellbeing instructors,28.0,18.4,19.4,,,,,15.5,21.3,28.4,30.0,34.0,,SOC20
2021,3511,Aircraft pilots and air traffic controllers,11.0,37.0,37.5,,,36.9,,,37.5,39.8,,,,SOC20
2021,3512,Ship and hovercraft officers,,40.0,40.9,,,,,,40.4,,,,,SOC20
2021,3520,Legal associate professionals,40.0,36.8,35.3,28.0,34.9,35.0,35.0,35.0,37.0,37.5,,37.5,,SOC20
2021,3531,Brokers,13.0,35.1,34.5,,33.1,,,,37.5,38.1,,,,SOC20
2021,3532,Insurance underwriters,20.0,35.0,34.6,28.0,34.9,34.9,35.0,,,,35.0,,,SOC20
2021,3533,Financial and accounting technicians,38.0,37.0,34.3,20.9,32.2,34.5,35.0,35.0,37.5,,37.5,38.2,,SOC20
2021,3534,Financial accounts managers,142.0,36.2,34.3,22.5,32.0,34.0,35.0,35.0,37.3,37.5,37.5,38.9,40.0,SOC20
2021,3541,"Estimators, valuers and assessors",58.0,37.0,35.7,22.2,35.0,35.0,35.0,36.0,37.5,39.4,40.0,40.0,,SOC20
2021,3542,Importers and exporters,,37.0,35.9,,,,,,,,,,,SOC20
2021,3543,Project support officers,48.0,36.9,34.1,21.0,30.1,34.7,35.0,35.6,37.0,37.5,37.5,38.4,,SOC20
2021,3544,Data analysts,116.0,37.0,35.6,30.0,35.0,35.0,35.0,36.2,37.0,37.5,37.5,37.5,39.9,SOC20
2021,3549,Business associate professionals n.e.c.,83.0,37.0,34.0,22.0,30.0,33.5,35.0,36.0,37.0,37.3,37.5,37.5,,SOC20
2021,3551,Buyers and procurement officers,54.0,37.4,36.5,33.8,35.0,36.2,36.9,37.0,37.5,37.5,38.0,39.0,,SOC20
2021,3552,Business sales executives,188.0,37.5,37.4,33.5,35.3,36.9,37.2,37.5,38.8,40.0,40.0,40.0,43.4,SOC20
2021,3553,Merchandisers,16.0,36.4,30.0,,,,,35.1,37.0,37.5,37.5,,,SOC20
2021,3554,Marketing associate professionals,172.0,37.0,33.7,21.9,31.4,34.5,35.0,35.0,37.4,37.5,,37.5,40.0,SOC20
2021,3555,Estate agents and auctioneers,38.0,37.5,34.0,15.9,22.0,25.4,33.8,37.4,39.1,40.0,40.2,41.5,,SOC20
2021,3556,Sales accounts and business development managers,446.0,37.5,37.5,34.9,35.0,36.2,37.0,37.4,37.5,39.3,40.0,40.0,40.5,SOC20
2021,3557,Events managers and organisers,33.0,37.0,35.0,22.3,31.7,34.5,35.0,36.0,37.5,39.1,40.0,40.0,,SOC20
2021,3560,Public services associate professionals,119.0,37.0,36.1,30.0,36.0,37.0,,,,37.0,37.0,37.5,40.4,SOC20
2021,3571,Human resources and industrial relations officers,148.0,37.0,35.0,22.4,32.2,35.0,35.0,36.9,37.5,37.5,38.3,40.0,40.0,SOC20
2021,3572,Careers advisers and vocational guidance specialists,17.0,35.0,30.0,,21.9,23.9,26.6,30.1,36.8,,37.0,,,SOC20
2021,3573,Information technology trainers,,37.0,34.4,,,,,,37.5,,,,,SOC20
2021,3574,Other vocational and industrial trainers,132.0,37.0,33.7,19.6,28.6,34.5,35.0,36.2,37.4,37.5,37.5,39.0,40.0,SOC20
2021,3581,Inspectors of standards and regulations,19.0,37.0,35.5,21.7,32.0,35.0,36.0,37.0,37.0,37.5,39.0,,,SOC20
2021,3582,Health and safety managers and officers,53.0,37.0,36.8,33.8,35.8,36.5,36.9,37.0,37.5,37.5,38.8,39.5,,SOC20
2021,4111,National government administrative occupations,279.0,37.0,35.1,22.5,30.0,34.0,36.0,,,37.0,37.0,37.0,42.0,SOC20
2021,4112,Local government administrative occupations,38.0,36.9,30.7,,22.2,25.0,30.2,35.4,37.0,,37.0,37.0,,SOC20
2021,4113,Officers of non-governmental organisations,10.0,31.8,25.4,,,,,26.7,34.0,35.0,35.7,,,SOC20
2021,4121,Credit controllers,25.0,36.9,33.9,20.9,30.0,32.0,34.5,35.0,37.4,37.5,,37.5,,SOC20
2021,4122,"Book-keepers, payroll managers and wages clerks",358.0,35.4,31.1,14.9,21.0,25.0,29.3,35.0,37.0,37.5,,37.5,40.0,SOC20
2021,4123,Bank and post office clerks,125.0,35.0,32.2,18.4,24.1,27.6,30.4,34.7,36.0,37.0,37.5,37.9,40.0,SOC20
2021,4124,Finance officers,30.0,36.5,33.1,21.1,28.0,30.0,31.9,35.0,37.0,37.0,,37.5,,SOC20
2021,4129,Financial administrative occupations n.e.c.,90.0,35.0,32.1,16.9,24.1,28.4,30.4,35.0,37.0,37.4,37.5,37.5,40.0,SOC20
2021,4131,Records clerks and assistants,129.0,37.0,33.5,20.0,25.2,30.0,33.0,36.1,37.4,37.5,37.5,38.2,40.0,SOC20
2021,4132,Pensions and insurance clerks and assistants,41.0,35.0,34.7,25.0,34.9,35.0,35.0,,36.4,37.5,,37.5,,SOC20
2021,4133,Stock control clerks and assistants,92.0,37.5,35.5,19.8,31.4,34.9,36.0,37.4,39.0,40.0,40.0,40.3,43.5,SOC20
2021,4134,Transport and distribution clerks and assistants,53.0,38.0,38.2,29.8,36.0,36.9,37.2,37.5,39.8,40.0,41.6,42.5,,SOC20
2021,4135,Library clerks and assistants,24.0,25.1,24.8,,14.0,16.7,18.5,21.8,29.3,35.0,35.2,36.0,,SOC20
2021,4136,Human resources administrative occupations,24.0,36.2,32.9,,27.8,30.1,33.7,35.0,37.1,37.5,37.5,37.5,,SOC20
2021,4141,Office managers,196.0,37.0,34.9,21.7,31.5,34.9,35.0,36.4,37.5,38.9,40.0,40.0,40.7,SOC20
2021,4142,Office supervisors,54.0,37.5,36.7,26.0,35.0,35.0,36.1,37.0,37.6,39.2,39.9,40.0,,SOC20
2021,4143,Customer service managers,53.0,37.5,36.9,32.0,35.0,36.0,36.8,37.4,37.5,39.0,40.0,40.0,,SOC20
2021,4151,Sales administrators,51.0,37.5,34.9,21.2,32.0,35.0,35.0,37.0,37.5,39.0,39.9,40.0,,SOC20
2021,4152,Data entry administrators,18.0,36.1,32.5,18.0,28.2,30.0,32.2,35.0,37.0,37.5,37.8,39.1,,SOC20
2021,4159,Other administrative occupations n.e.c.,1006.0,34.0,28.5,9.2,16.1,19.1,21.5,27.6,36.0,37.0,37.5,37.5,40.0,SOC20
2021,4211,Medical secretaries,41.0,31.4,29.1,15.0,21.0,22.5,23.6,28.9,35.0,37.4,37.5,37.5,,SOC20
2021,4212,Legal secretaries,25.0,35.0,32.0,21.2,28.0,28.9,30.0,34.5,35.0,35.9,36.8,37.0,,SOC20
2021,4213,School secretaries,24.0,34.0,29.7,15.0,20.2,22.8,25.0,30.0,35.0,36.4,36.9,37.0,,SOC20
2021,4214,Company secretaries and administrators,17.0,16.5,20.6,8.0,10.0,12.0,13.5,15.3,20.0,24.6,29.9,32.5,,SOC20
2021,4215,Personal assistants and other secretaries,227.0,30.0,26.7,8.0,13.8,16.0,18.0,23.0,35.0,36.5,37.0,37.5,39.6,SOC20
2021,4216,Receptionists,221.0,28.9,27.9,14.0,17.5,20.0,21.7,25.0,32.3,36.3,37.3,37.5,40.0,SOC20
2021,4217,Typists and related keyboard occupations,,26.1,27.3,,,,,,35.1,,,,,SOC20
2021,5111,Farmers,8.0,39.9,40.1,,24.8,27.7,36.2,39.0,40.8,,,,,SOC20
2021,5112,Horticultural trades,,36.9,37.6,,,,36.0,36.0,39.3,,,,,SOC20
2021,5113,Gardeners and landscape gardeners,39.0,37.5,35.2,18.5,30.1,34.4,35.9,37.0,39.9,40.0,40.0,40.7,,SOC20
2021,5114,Groundsmen and greenkeepers,34.0,39.0,38.0,34.0,37.0,37.0,37.3,37.5,40.0,,40.0,40.0,,SOC20
2021,5119,Agricultural and fishing trades n.e.c.,15.0,37.4,35.9,,35.0,36.9,36.9,37.0,38.9,40.0,,,,SOC20
2021,5211,Sheet metal workers,7.0,40.0,41.9,,,,39.0,39.1,40.8,42.7,,,,SOC20
2021,5212,"Metal plate workers, smiths, moulders and related occupations",11.0,40.0,42.4,,36.9,37.0,38.1,39.4,40.0,42.3,,,,SOC20
2021,5213,Welding trades,42.0,41.0,43.3,37.5,39.0,39.3,,40.0,42.8,45.4,46.1,47.8,,SOC20
2021,5214,Pipe fitters,,41.2,41.7,,,,,,42.1,,,,,SOC20
2021,5221,Metal machining setters and setter-operators,62.0,40.0,41.2,36.8,37.5,38.0,38.9,39.0,40.5,43.0,44.6,45.7,,SOC20
2021,5222,"Tool makers, tool fitters and markers-out",9.0,40.0,40.6,,37.0,37.7,38.9,39.1,40.5,42.4,,,,SOC20
2021,5223,Metal working production and maintenance fitters,313.0,40.0,41.4,36.0,37.4,37.5,38.0,39.5,41.0,43.1,44.8,45.6,50.1,SOC20
2021,5224,Precision instrument makers and repairers,11.0,38.9,38.1,,35.0,36.2,37.0,37.7,40.0,40.0,,,,SOC20
2021,5225,Air-conditioning and refrigeration installers and repairers,7.0,40.8,42.9,,,39.2,39.9,40.0,42.3,,,,,SOC20
2021,5231,"Vehicle technicians, mechanics and electricians",92.0,40.3,41.3,36.8,38.2,39.6,40.0,40.0,41.9,43.0,44.0,45.0,48.5,SOC20
2021,5232,Vehicle body builders and repairers,21.0,40.0,40.6,32.5,36.8,38.0,39.0,39.9,40.2,43.0,43.4,44.7,,SOC20
2021,5233,Vehicle paint technicians,6.0,40.0,40.5,,39.9,,40.0,,40.3,,,,,SOC20
2021,5234,Aircraft maintenance and related trades,6.0,36.0,35.8,,,,,34.9,37.0,,,,,SOC20
2021,5235,Boat and ship builders and repairers,,40.0,40.6,,,,,,,,,,,SOC20
2021,5236,Rail and rolling stock builders and repairers,,37.5,38.0,,,,35.2,37.1,38.3,,,,,SOC20
2021,5241,Electricians and electrical fitters,101.0,40.0,41.5,37.0,37.5,38.0,39.0,40.0,41.4,43.2,44.2,45.2,48.9,SOC20
2021,5242,Telecoms and related network installers and repairers,18.0,40.0,39.8,35.0,37.0,37.4,37.5,38.3,40.0,41.3,42.5,43.6,,SOC20
2021,5243,"TV, video and audio servicers and repairers",,37.8,34.8,,,,,37.0,39.8,,,,,SOC20
2021,5244,Computer system and equipment installers and servicers,11.0,37.5,35.7,,,36.5,37.0,37.4,,37.5,38.0,,,SOC20
2021,5245,Security system installers and repairers,10.0,40.1,39.5,,37.0,37.3,38.1,40.0,41.6,43.1,,,,SOC20
2021,5246,Electrical service and maintenance mechanics and repairers,64.0,40.0,41.3,36.5,37.3,37.5,37.5,39.0,40.5,43.0,45.0,46.5,,SOC20
2021,5249,Electrical and electronic trades n.e.c.,28.0,40.0,40.9,36.8,37.4,37.5,37.5,39.8,40.0,42.2,43.0,44.3,,SOC20
2021,5250,"Skilled metal, electrical and electronic trades supervisors",47.0,40.0,41.5,35.1,37.0,37.5,38.0,39.9,41.0,43.0,44.8,46.0,,SOC20
2021,5311,Steel erectors,,44.9,46.4,,,,40.0,42.2,48.0,,,,,SOC20
2021,5312,Stonemasons and related trades,,40.3,41.2,,,,39.8,40.0,41.4,,,,,SOC20
2021,5313,Bricklayers,10.0,40.0,39.1,,37.1,37.5,37.8,39.0,40.0,40.4,,,,SOC20
2021,5314,"Roofers, roof tilers and slaters",12.0,39.2,40.0,,39.0,,,39.0,,,40.0,,,SOC20
2021,5315,Plumbers & heating and ventilating installers and repairers,57.0,40.0,40.6,36.1,37.0,37.5,38.7,39.9,40.0,41.8,42.5,44.0,,SOC20
2021,5316,Carpenters and joiners,68.0,40.0,40.8,36.9,37.5,39.0,39.0,,40.0,42.5,44.0,45.0,,SOC20
2021,5317,"Glaziers, window fabricators and fitters",20.0,40.0,41.5,38.0,40.0,,,40.0,41.4,42.5,42.8,44.0,,SOC20
2021,5319,Construction and building trades n.e.c.,32.0,40.0,39.0,24.9,36.2,37.0,37.5,39.1,40.0,41.5,42.3,43.9,,SOC20
2021,5321,Plasterers,7.0,39.0,36.7,,,36.3,37.4,38.1,39.0,,,,,SOC20
2021,5322,Floorers and wall tilers,10.0,40.0,38.0,,35.9,37.3,37.5,40.0,,40.0,,,,SOC20
2021,5323,Painters and decorators,20.0,39.8,38.6,,36.7,37.0,37.3,38.7,40.0,40.9,42.5,44.2,,SOC20
2021,5330,Construction and building trades supervisors,58.0,41.2,42.7,35.0,37.0,37.5,39.0,40.0,43.6,45.5,47.0,48.3,,SOC20
2021,5411,Upholsterers,,39.0,36.2,,,,36.4,38.8,39.0,,,,,SOC20
2021,5412,Footwear and leather working trades,,39.0,36.7,,,,,39.0,,,,,,SOC20
2021,5413,Tailors and dressmakers,,34.7,32.3,,,,,,,,,,,SOC20
2021,5419,"Textiles, garments and related trades n.e.c.",8.0,40.0,39.2,,37.5,37.8,38.5,39.1,40.0,41.1,,,,SOC20
2021,5421,Pre-press technicians,,40.1,40.1,,,,,,,,,,,SOC20
2021,5422,Printers,14.0,38.4,36.5,,35.0,36.1,37.4,37.5,39.6,40.0,40.0,,,SOC20
2021,5423,Print finishing and binding workers,9.0,37.5,36.5,,36.0,36.3,36.6,37.4,37.5,38.1,,,,SOC20
2021,5431,Butchers,33.0,40.0,38.2,20.0,30.6,34.5,36.6,39.0,41.8,44.0,44.8,46.2,,SOC20
2021,5432,Bakers and flour confectioners,19.0,37.8,35.9,20.2,29.5,31.5,32.4,35.6,39.4,40.0,40.5,41.5,,SOC20
2021,5433,Fishmongers and poultry dressers,,34.2,33.4,,,,,33.1,36.6,,,,,SOC20
2021,5434,Chefs,183.0,37.5,34.9,17.0,23.9,25.2,29.9,34.9,40.0,40.0,41.9,44.4,48.0,SOC20
2021,5435,Cooks,57.0,27.5,27.5,13.7,18.8,20.0,22.0,25.2,30.0,33.4,35.0,36.6,,SOC20
2021,5436,Catering and bar managers,50.0,37.5,35.9,20.0,29.3,30.5,32.4,35.9,39.9,40.0,41.9,43.7,,SOC20
2021,5441,"Glass and ceramics makers, decorators and finishers",,40.0,37.2,,,,,,,,,,,SOC20
2021,5442,Furniture makers and other craft woodworkers,8.0,40.3,40.8,,,37.9,38.0,,41.5,42.5,,,,SOC20
2021,5443,Florists,,21.0,23.2,,,,,,,,,,,SOC20
2021,5449,Other skilled trades n.e.c.,14.0,38.9,37.2,,32.0,34.7,36.6,37.5,40.0,40.1,40.6,,,SOC20
2021,6111,Early education and childcare assistants,95.0,32.0,29.3,14.8,19.8,21.0,23.1,27.0,35.0,37.0,37.8,39.7,40.5,SOC20
2021,6112,Teaching assistants,305.0,27.9,26.0,12.9,18.6,20.3,22.6,25.8,30.0,32.2,32.5,32.5,36.1,SOC20
2021,6113,Educational support assistants,145.0,27.5,25.7,12.3,17.6,20.0,22.0,25.0,29.9,31.0,32.5,32.9,36.7,SOC20
2021,6114,Childminders,,,22.6,,,,,,,,,,,SOC20
2021,6116,Nannies and au pairs,15.0,24.8,26.7,11.1,13.9,14.9,17.9,20.0,30.0,32.7,35.0,39.4,,SOC20
2021,6117,Playworkers,31.0,10.4,13.9,3.7,5.0,5.4,6.2,7.5,14.9,19.6,20.6,22.9,,SOC20
2021,6121,Pest control officers,,37.0,36.7,,,,35.2,36.3,37.3,,,,,SOC20
2021,6129,Animal care services occupations n.e.c.,28.0,37.0,32.4,13.7,20.0,23.9,27.5,34.9,38.9,,40.0,40.5,,SOC20
2021,6131,Nursing auxiliaries and assistants,404.0,34.5,31.0,12.4,20.1,22.5,24.2,30.0,37.4,37.5,37.5,37.6,43.0,SOC20
2021,6132,Ambulance staff (excluding paramedics),24.0,37.5,38.9,23.3,34.5,,37.3,37.4,37.7,40.2,41.6,42.5,,SOC20
2021,6133,Dental nurses,46.0,32.5,30.9,16.7,21.3,22.5,24.1,30.0,36.5,37.5,38.5,39.9,,SOC20
2021,6134,Houseparents and residential wardens,11.0,37.0,35.4,,30.0,32.9,34.0,36.0,37.5,39.1,40.0,,,SOC20
2021,6135,Care workers and home carers,668.0,31.1,30.2,11.4,18.1,20.6,22.6,27.3,35.0,37.4,38.3,40.0,45.8,SOC20
2021,6136,Senior care workers,86.0,37.0,36.9,22.4,29.5,30.8,33.0,35.9,37.7,41.1,42.2,44.1,51.3,SOC20
2021,6137,Care escorts,14.0,17.5,19.5,9.1,11.8,12.4,15.0,16.1,19.2,20.0,23.8,27.0,,SOC20
2021,6138,"Undertakers, mortuary and crematorium assistants",18.0,38.3,35.0,19.5,24.5,28.1,30.8,37.5,39.2,40.0,40.5,42.4,,SOC20
2021,6211,Sports and leisure assistants,47.0,22.1,22.7,4.3,7.5,10.3,12.3,16.8,28.8,36.4,37.0,37.0,,SOC20
2021,6212,Travel agents,17.0,35.0,31.9,20.4,22.9,25.3,29.9,30.0,37.0,37.5,,,,SOC20
2021,6213,Air travel assistants,11.0,32.2,29.4,,18.5,20.0,23.2,29.7,36.9,37.4,37.5,,,SOC20
2021,6214,Rail travel assistants,22.0,37.0,36.9,32.2,,35.0,35.0,35.8,37.7,39.2,40.8,41.2,,SOC20
2021,6219,Leisure and travel service occupations n.e.c.,9.0,,23.7,,,,,,34.7,37.0,37.2,,,SOC20
2021,6221,Hairdressers and barbers,50.0,26.5,27.4,14.6,16.0,16.8,19.0,23.6,32.0,36.0,37.4,39.0,,SOC20
2021,6222,Beauticians and related occupations,29.0,24.9,25.0,12.2,15.4,16.0,17.7,20.4,29.2,32.6,34.3,35.8,,SOC20
2021,6231,Housekeepers and related occupations,34.0,29.9,28.9,13.9,18.1,20.0,20.9,25.0,33.6,37.5,37.5,38.2,,SOC20
2021,6232,Caretakers,66.0,36.2,30.5,10.7,16.8,20.0,25.0,33.7,37.0,37.0,37.5,39.3,41.9,SOC20
2021,6240,Cleaning and housekeeping managers and supervisors,45.0,33.3,30.2,15.0,18.4,20.4,22.7,27.4,37.0,38.7,39.8,40.0,,SOC20
2021,6250,Bed and breakfast and guest house owners and proprietors,,,32.4,,,,,,,,,,,SOC20
2021,6311,Police community support officers,8.0,37.0,36.2,,36.7,36.9,37.0,37.0,,37.0,,,,SOC20
2021,6312,Parking and civil enforcement occupations,13.0,37.0,35.7,,35.0,36.2,36.9,37.0,37.0,38.7,39.8,40.4,,SOC20
2021,7111,Sales and retail assistants,1086.0,23.1,24.5,9.4,13.6,15.4,16.2,20.0,27.5,31.8,35.0,36.9,40.0,SOC20
2021,7112,Retail cashiers and check-out operators,97.0,20.0,21.3,9.0,12.1,13.9,15.6,17.8,22.5,26.4,28.1,29.8,35.8,SOC20
2021,7113,Telephone salespersons,8.0,37.4,33.6,,25.4,31.0,32.3,35.0,37.5,37.9,39.0,,,SOC20
2021,7114,Pharmacy and optical dispensing assistants,62.0,30.0,28.5,15.0,18.8,21.0,22.5,25.0,33.9,37.5,37.5,37.5,39.8,SOC20
2021,7115,Vehicle and parts salespersons and advisers,14.0,42.0,41.6,36.9,39.8,39.9,40.0,40.0,42.7,44.6,44.8,45.0,,SOC20
2021,7121,Collector salespersons and credit agents,,36.6,38.9,,,,,,,,,,,SOC20
2021,7122,"Debt, rent and other cash collectors",14.0,37.0,36.6,32.3,,35.0,37.0,37.0,37.5,38.0,39.0,40.0,,SOC20
2021,7123,Roundspersons and van salespersons,4.0,39.9,37.4,,,,35.6,39.1,40.0,,,,,SOC20
2021,7124,Market and street traders and assistants,,,,,,,,,,,,,,SOC20
2021,7125,Visual merchandisers and related occupations,,,24.4,,,,,,,,,,,SOC20
2021,7129,Sales related occupations n.e.c.,22.0,37.0,32.8,14.8,20.0,22.6,25.2,35.0,39.4,40.0,40.4,42.8,,SOC20
2021,7131,Shopkeepers and owners - retail and wholesale,7.0,37.5,35.8,,33.0,35.0,36.0,37.0,37.5,39.8,,,,SOC20
2021,7132,Sales supervisors - retail and wholesale,74.0,37.6,35.9,23.6,29.1,31.6,33.7,36.4,39.1,40.0,40.5,41.8,44.2,SOC20
2021,7211,Call and contact centre occupations,42.0,37.0,32.9,18.3,24.0,28.8,30.0,35.0,37.5,37.6,39.0,40.0,,SOC20
2021,7212,Telephonists,14.0,37.0,31.2,15.0,20.0,22.4,24.5,35.0,37.1,37.5,38.4,39.8,,SOC20
2021,7213,Communication operators,9.0,37.4,35.5,,30.0,32.2,33.5,37.0,37.5,38.9,40.3,,,SOC20
2021,7214,Market research interviewers,,,,,,,,,,,,,,SOC20
2021,7219,Customer service occupations n.e.c.,377.0,35.0,30.2,13.5,19.1,21.0,24.0,30.2,36.8,37.4,37.5,37.9,40.2,SOC20
2021,7220,Customer service supervisors,25.0,37.5,37.1,32.2,35.0,35.0,35.4,37.0,37.5,39.3,40.0,40.0,,SOC20
2021,8111,"Food, drink and tobacco process operatives",136.0,39.4,39.3,28.7,35.0,36.3,37.4,38.3,40.2,42.0,42.9,44.4,48.7,SOC20
2021,8112,Textile process operatives,9.0,39.8,39.6,,33.1,36.1,37.3,37.7,40.0,40.5,,,,SOC20
2021,8113,Chemical and related process operatives,17.0,40.0,40.0,36.0,37.4,37.7,38.0,38.9,40.0,41.6,42.0,42.8,,SOC20
2021,8114,Plastics process operatives,9.0,40.0,41.4,,37.5,39.0,39.0,,41.0,41.9,42.1,,,SOC20
2021,8115,Metal making and treating process operatives,17.0,41.3,43.2,37.0,39.0,39.0,39.7,40.0,43.5,45.1,46.6,47.5,,SOC20
2021,8119,Process operatives n.e.c.,14.0,40.0,42.6,,36.9,37.9,39.4,40.0,42.1,46.7,49.8,51.5,,SOC20
2021,8120,Metal working machine operatives,16.0,40.0,40.8,35.6,37.3,38.0,38.3,39.0,40.6,42.3,43.5,44.5,,SOC20
2021,8131,Paper and wood machine operatives,14.0,40.0,39.6,29.7,37.0,37.5,38.5,,41.0,42.0,42.5,,,SOC20
2021,8132,Mining and quarry workers and related operatives,4.0,48.2,48.6,,,40.7,43.0,46.1,52.0,55.1,,,,SOC20
2021,8133,Energy plant operatives,6.0,39.3,39.2,,37.0,,37.2,38.4,40.0,40.2,,,,SOC20
2021,8134,Water and sewerage plant operatives,7.0,40.0,41.9,,37.0,37.3,37.5,39.8,40.6,44.1,44.9,,,SOC20
2021,8135,Printing machine assistants,11.0,39.2,38.2,,36.5,37.0,37.5,38.0,,40.0,40.3,,,SOC20
2021,8139,Plant and machine operatives n.e.c.,11.0,39.8,38.0,,35.8,37.0,37.9,39.0,40.0,41.0,42.5,,,SOC20
2021,8141,Assemblers (electrical and electronic products),34.0,38.9,36.8,22.9,31.9,33.6,35.8,37.5,40.0,41.0,42.0,42.7,,SOC20
2021,8142,Assemblers (vehicles and metal goods),26.0,39.6,39.9,34.7,37.0,37.5,37.9,39.0,40.1,42.3,43.1,44.7,,SOC20
2021,8143,Routine inspectors and testers,36.0,38.2,38.6,33.1,36.4,37.0,37.5,37.5,39.0,40.0,40.0,41.4,,SOC20
2021,8144,"Weighers, graders and sorters",,41.2,42.2,,,,38.5,40.0,45.0,,,,,SOC20
2021,8145,"Tyre, exhaust and windscreen fitters",18.0,42.5,41.6,31.7,38.8,39.0,39.8,40.4,43.6,44.0,44.4,45.7,,SOC20
2021,8146,Sewing machinists,15.0,37.5,33.9,16.6,21.9,23.9,28.7,35.8,38.9,39.9,40.0,40.3,,SOC20
2021,8149,Assemblers and routine operatives n.e.c.,84.0,39.0,38.3,30.0,36.8,37.0,37.5,38.3,40.0,40.7,42.0,43.0,47.0,SOC20
2021,8151,"Scaffolders, stagers and riggers",14.0,40.0,42.1,36.7,38.0,,39.0,,41.8,44.4,45.0,47.9,,SOC20
2021,8152,Road construction operatives,19.0,43.9,47.5,37.0,37.5,39.0,39.7,40.0,48.0,50.2,52.9,56.8,,SOC20
2021,8153,Rail construction and maintenance operatives,13.0,40.1,40.2,,35.0,36.2,37.0,38.2,41.9,43.2,45.1,46.9,,SOC20
2021,8159,Construction operatives n.e.c.,74.0,40.0,38.7,22.2,36.1,37.0,37.5,39.0,40.6,42.5,44.0,45.1,49.9,SOC20
2021,8160,"Production, factory and assembly supervisors",25.0,40.0,39.8,28.8,36.3,37.0,37.5,39.1,41.0,43.5,45.0,45.8,,SOC20
2021,8211,Large goods vehicle drivers,196.0,48.0,48.9,37.0,40.0,41.0,42.8,45.5,50.0,53.5,56.1,58.4,63.5,SOC20
2021,8212,Bus and coach drivers,97.0,40.0,39.8,22.0,36.0,38.0,38.1,39.0,41.6,44.2,46.1,47.9,53.1,SOC20
2021,8213,Taxi and cab drivers and chauffeurs,8.0,30.0,28.9,,15.6,16.9,19.1,24.5,35.7,37.5,,,,SOC20
2021,8214,Delivery drivers and couriers,101.0,38.0,34.4,14.4,21.1,25.0,28.2,34.0,40.0,43.0,44.6,45.0,48.0,SOC20
2021,8215,Driving instructors,,,36.9,,,,,,,,,,,SOC20
2021,8219,Road transport drivers n.e.c.,192.0,40.0,37.5,18.4,27.3,31.1,34.9,37.5,40.8,43.8,45.0,46.5,50.0,SOC20
2021,8221,Crane drivers,6.0,49.1,51.4,,40.0,44.6,45.1,47.5,53.1,58.1,,,,SOC20
2021,8222,Fork-lift truck drivers,24.0,42.0,43.1,36.5,38.3,39.0,39.4,40.0,44.0,46.1,47.5,48.1,,SOC20
2021,8229,Mobile machine drivers and operatives n.e.c.,38.0,44.1,45.8,37.0,38.0,39.0,40.0,42.0,46.5,49.4,50.7,52.4,,SOC20
2021,8231,Train and tram drivers,28.0,35.3,38.0,32.9,,,35.0,35.1,36.1,38.0,39.8,41.5,,SOC20
2021,8232,Marine and waterways transport operatives,,39.8,39.5,,,,37.0,38.7,40.6,,,,,SOC20
2021,8233,Air transport operatives,,39.2,37.1,,,37.4,37.4,37.7,39.9,,,,,SOC20
2021,8234,Rail transport operatives,15.0,43.8,45.2,35.0,36.9,38.6,40.0,41.0,46.8,49.1,52.6,54.1,,SOC20
2021,8239,Other drivers and transport operatives n.e.c.,5.0,40.0,38.9,,,36.7,37.5,38.3,40.0,,,,,SOC20
2021,9111,Farm workers,40.0,41.4,40.7,19.8,32.0,36.8,38.5,39.7,43.9,45.8,47.7,49.1,,SOC20
2021,9112,Forestry and related workers,,37.1,38.3,,,,,37.0,38.2,,,,,SOC20
2021,9119,Fishing and other elementary agriculture occupations n.e.c.,21.0,39.0,36.3,,,28.4,34.0,37.0,40.0,41.4,43.7,47.0,,SOC20
2021,9121,Groundworkers,13.0,44.4,44.1,,39.8,,40.0,42.1,45.0,45.9,47.0,,,SOC20
2021,9129,Elementary construction occupations n.e.c.,62.0,40.0,39.6,27.6,36.2,37.5,39.0,39.9,40.5,42.5,44.2,45.0,,SOC20
2021,9131,Industrial cleaning process occupations,24.0,37.0,32.8,,15.1,,26.3,34.5,39.1,40.1,42.8,44.5,,SOC20
2021,9132,"Packers, bottlers, canners and fillers",96.0,39.5,38.6,25.4,34.5,36.0,37.1,38.0,40.0,41.3,42.5,45.0,48.2,SOC20
2021,9139,Elementary process plant occupations n.e.c.,71.0,39.8,38.2,28.7,36.5,37.0,37.5,38.6,40.0,40.5,41.6,43.6,47.0,SOC20
2021,9211,"Postal workers, mail sorters and messengers",153.0,38.0,37.2,25.0,30.3,33.4,35.6,38.0,38.0,39.0,40.4,42.3,47.2,SOC20
2021,9219,Elementary administration occupations n.e.c.,33.0,30.0,27.3,,13.8,16.0,18.4,24.5,35.0,37.0,37.5,37.5,,SOC20
2021,9221,Window cleaners,,37.5,36.3,,,,,,,,,,,SOC20
2021,9222,Street cleaners,6.0,36.9,35.9,,34.1,35.1,36.0,,37.0,37.5,,,,SOC20
2021,9223,Cleaners and domestics,542.0,17.3,20.3,7.0,10.0,10.9,12.4,15.0,20.2,25.0,28.6,31.6,38.5,SOC20
2021,9224,"Launderers, dry cleaners and pressers",16.0,32.3,30.5,16.0,18.1,20.1,24.1,28.6,37.4,38.3,39.0,39.3,,SOC20
2021,9225,Refuse and salvage occupations,24.0,39.8,40.4,35.6,37.0,37.0,37.0,37.6,41.1,42.5,43.7,45.0,,SOC20
2021,9226,Vehicle valeters and cleaners,14.0,39.0,33.7,14.1,18.4,,28.4,36.9,40.0,41.0,41.5,43.8,,SOC20
2021,9229,Elementary cleaning occupations n.e.c.,,37.0,36.1,,,,,37.0,37.0,,,,,SOC20
2021,9231,Security guards and related occupations,102.0,41.4,41.7,22.1,34.7,36.5,37.0,39.8,43.8,47.4,49.7,52.8,60.0,SOC20
2021,9232,School midday and crossing patrol occupations,86.0,7.1,8.6,3.8,5.0,5.5,6.2,6.3,7.5,8.7,9.5,10.0,,SOC20
2021,9233,Exam invigilators,13.0,,11.4,,,,,,,,,,,SOC20
2021,9241,Shelf fillers,45.0,23.6,24.2,10.9,13.3,15.4,17.1,20.3,26.7,29.8,32.0,34.5,,SOC20
2021,9249,Elementary sales occupations n.e.c.,5.0,24.1,24.4,,,,,20.8,26.3,,,,,SOC20
2021,9251,Elementary storage supervisors,29.0,40.2,40.5,35.0,37.5,37.5,38.1,40.0,41.4,43.0,43.9,45.0,,SOC20
2021,9252,Warehouse operatives,468.0,39.6,38.3,24.0,35.0,36.9,37.3,38.0,40.0,41.9,42.5,44.0,47.8,SOC20
2021,9253,Delivery operatives,25.0,37.4,35.2,,24.7,30.0,32.2,35.9,37.5,39.6,40.0,41.0,,SOC20
2021,9259,Elementary storage occupations n.e.c.,7.0,41.8,40.8,,39.0,40.0,40.0,40.4,42.7,44.1,45.5,,,SOC20
2021,9261,Bar and catering supervisors,32.0,32.0,30.8,16.0,21.9,23.0,25.0,29.0,35.2,37.4,38.8,40.0,,SOC20
2021,9262,Hospital porters,,37.5,34.4,,,,,,38.0,,,,,SOC20
2021,9263,Kitchen and catering assistants,366.0,20.2,22.0,7.7,11.4,12.8,14.8,17.0,24.0,28.4,30.0,32.8,37.7,SOC20
2021,9264,Waiters and waitresses,161.0,18.0,20.3,6.2,9.1,10.2,12.0,14.6,22.0,26.5,29.7,31.7,39.5,SOC20
2021,9265,Bar staff,135.0,16.0,18.4,5.5,9.0,10.1,12.0,14.0,19.5,23.0,25.6,29.0,34.1,SOC20
2021,9266,Coffee shop workers,22.0,24.2,23.5,,11.3,12.2,14.6,19.7,27.4,31.6,33.8,35.5,,SOC20
2021,9267,Leisure and theme park attendants,19.0,19.5,18.8,,,,,14.7,23.0,25.3,26.8,30.5,,SOC20
2021,9269,Other elementary services occupations n.e.c.,9.0,27.8,26.5,,,,,,35.7,37.0,38.4,,,SOC20
2022,1111,Chief executives and senior officials,105.0,36.9,35.1,,,,,,,,,,,SOC20
2022,1112,Elected officers and representatives,7.0,29.8,25.4,,,,,,,,,,,SOC20
2022,1121,Production managers and directors in manufacturing,652.0,37.5,35.1,,,,,,,,,,,SOC20
2022,1122,Production managers and directors in construction,110.0,40.0,39.3,,,,,,,,,,,SOC20
2022,1123,Production managers and directors in mining and energy,10.0,37.0,37.0,,,,,,,,,,,SOC20
2022,1131,Financial managers and directors,427.0,35.0,35.1,,,,,,,,,,,SOC20
2022,1132,"Marketing, sales and advertising directors",203.0,37.5,36.4,,,,,,,,,,,SOC20
2022,1133,Public relations and communications directors,13.0,37.0,36.2,,,,,,,,,,,SOC20
2022,1134,Purchasing managers and directors,64.0,37.5,37.7,,,,,,,,,,,SOC20
2022,1135,Charitable organisation managers and directors,,36.9,33.9,,,,,,,,,,,SOC20
2022,1136,Human resource managers and directors,155.0,37.0,35.4,,,,,,,,,,,SOC20
2022,1137,Information technology directors,45.0,37.4,36.5,,,,,,,,,,,SOC20
2022,1139,Functional managers and directors n.e.c.,87.0,37.0,35.1,,,,,,,,,,,SOC20
2022,1140,"Directors in logistics, warehousing and transport",10.0,36.9,33.3,,,,,,,,,,,SOC20
2022,1150,Managers and directors in retail and wholesale,378.0,39.0,38.2,,,,,,,,,,,SOC20
2022,1161,Officers in armed forces,,,,,,,,,,,,,,SOC20
2022,1162,Senior police officers,9.0,40.0,40.4,,,,,,,,,,,SOC20
2022,1163,"Senior officers in fire, ambulance, prison and related services",,,31.9,,,,,,,,,,,SOC20
2022,1171,Health services and public health managers and directors,60.0,37.5,36.1,,,,,,,,,,,SOC20
2022,1172,Social services managers and directors,14.0,37.0,34.3,,,,,,,,,,,SOC20
2022,1211,Managers and proprietors in agriculture and horticulture,16.0,40.0,40.4,,,,,,,,,,,SOC20
2022,1212,"Managers and proprietors in forestry, fishing and related services",,38.8,40.4,,,,,,,,,,,SOC20
2022,1221,Hotel and accommodation managers and proprietors,17.0,40.0,38.8,,,,,,,,,,,SOC20
2022,1222,Restaurant and catering establishment managers and proprietors,46.0,40.0,38.1,,,,,,,,,,,SOC20
2022,1223,Publicans and managers of licensed premises,18.0,45.0,41.6,,,,,,,,,,,SOC20
2022,1224,Leisure and sports managers,33.0,37.5,36.3,,,,,,,,,,,SOC20
2022,1225,Travel agency managers and proprietors,,,38.1,,,,,,,,,,,SOC20
2022,1231,Health care practice managers,20.0,37.0,34.5,,,,,,,,,,,SOC20
2022,1232,"Residential, day and domiciliary care managers and proprietors",54.0,39.8,39.1,,,,,,,,,,,SOC20
2022,1233,Early education and childcare services proprietors,,,25.5,,,,,,,,,,,SOC20
2022,1241,Managers in transport and distribution,63.0,40.0,40.5,,,,,,,,,,,SOC20
2022,1242,Managers in storage and warehousing,102.0,40.0,39.1,,,,,,,,,,,SOC20
2022,1243,Managers in logistics,17.0,37.6,38.5,,,,,,,,,,,SOC20
2022,1251,"Property, housing and estate managers",106.0,37.5,36.5,,,,,,,,,,,SOC20
2022,1252,Garage managers and proprietors,,40.0,41.9,,,,,,,,,,,SOC20
2022,1253,Hairdressing and beauty salon managers and proprietors,,39.5,35.9,,,,,,,,,,,SOC20
2022,1254,Waste disposal and environmental services managers,8.0,39.1,37.7,,,,,,,,,,,SOC20
2022,1255,Managers and directors in the creative industries,12.0,36.9,34.2,,,,,,,,,,,SOC20
2022,1256,Betting shop and gambling establishment managers,,,40.0,,,,,,,,,,,SOC20
2022,1257,Hire services managers and proprietors,,38.7,35.6,,,,,,,,,,,SOC20
2022,1258,Directors in consultancy services,,37.5,32.5,,,,,,,,,,,SOC20
2022,1259,Managers and proprietors in other services n.e.c.,37.0,37.5,36.5,,,,,,,,,,,SOC20
2022,2111,Chemical scientists,18.0,37.5,35.3,,,,,,,,,,,SOC20
2022,2112,Biological scientists,15.0,37.0,36.1,,,,,,,,,,,SOC20
2022,2113,Biochemists and biomedical scientists,43.0,,35.3,,,,,,,,,,,SOC20
2022,2114,Physical scientists,12.0,37.4,37.5,,,,,,,,,,,SOC20
2022,2115,Social and humanities scientists,13.0,,36.0,,,,,,,,,,,SOC20
2022,2119,Natural and social science professionals n.e.c.,42.0,37.2,36.3,,,,,,,,,,,SOC20
2022,2121,Civil engineers,73.0,37.5,38.7,,,,,,,,,,,SOC20
2022,2122,Mechanical engineers,37.0,37.5,38.3,,,,,,,,,,,SOC20
2022,2123,Electrical engineers,43.0,37.5,38.4,,,,,,,,,,,SOC20
2022,2124,Electronics engineers,14.0,,38.1,,,,,,,,,,,SOC20
2022,2125,Production and process engineers,60.0,37.5,38.3,,,,,,,,,,,SOC20
2022,2126,Aerospace engineers,16.0,37.5,37.4,,,,,,,,,,,SOC20
2022,2127,Engineering project managers and project engineers,79.0,37.5,38.9,,,,,,,,,,,SOC20
2022,2129,Engineering professionals n.e.c.,138.0,37.5,37.9,,,,,,,,,,,SOC20
2022,2131,IT project managers,32.0,37.2,36.6,,,,,,,,,,,SOC20
2022,2132,IT managers,227.0,37.5,37.2,,,,,,,,,,,SOC20
2022,2133,"IT business analysts, architects and systems designers",154.0,37.4,37.1,,,,,,,,,,,SOC20
2022,2134,Programmers and software development professionals,368.0,37.5,36.7,,,,,,,,,,,SOC20
2022,2135,Cyber security professionals,20.0,37.5,37.1,,,,,,,,,,,SOC20
2022,2136,IT quality and testing professionals,19.0,,36.3,,,,,,,,,,,SOC20
2022,2137,IT network professionals,53.0,37.9,39.5,,,,,,,,,,,SOC20
2022,2139,Information technology professionals n.e.c.,115.0,,36.3,,,,,,,,,,,SOC20
2022,2141,Web design professionals,13.0,37.5,35.1,,,,,,,,,,,SOC20
2022,2142,Graphic and multimedia designers,55.0,37.5,35.9,,,,,,,,,,,SOC20
2022,2151,Conservation professionals,13.0,37.0,34.2,,,,,,,,,,,SOC20
2022,2152,Environment professionals,48.0,,36.2,,,,,,,,,,,SOC20
2022,2161,Research and development (R&D) managers,70.0,37.4,36.3,,,,,,,,,,,SOC20
2022,2162,"Other researchers, unspecified discipline",21.0,36.9,32.8,,,,,,,,,,,SOC20
2022,2211,Generalist medical practitioners,98.0,37.2,31.9,,,,,,,,,,,SOC20
2022,2212,Specialist medical practitioners,196.0,,38.2,,,,,,,,,,,SOC20
2022,2221,Physiotherapists,65.0,37.5,32.0,,,,,,,,,,,SOC20
2022,2222,Occupational therapists,38.0,37.4,32.5,,,,,,,,,,,SOC20
2022,2223,Speech and language therapists,15.0,37.4,31.5,,,,,,,,,,,SOC20
2022,2224,Psychotherapists and cognitive behaviour therapists,9.0,31.4,30.5,,,,,,,,,,,SOC20
2022,2225,Clinical psychologists,14.0,37.5,31.9,,,,,,,,,,,SOC20
2022,2226,Other psychologists,18.0,36.9,31.9,,,,,,,,,,,SOC20
2022,2229,Therapy professionals n.e.c.,17.0,36.1,29.8,,,,,,,,,,,SOC20
2022,2231,Midwifery nurses,64.0,32.4,29.5,,,,,,,,,,,SOC20
2022,2232,Community nurses,93.0,30.0,29.7,,,,,,,,,,,SOC20
2022,2233,Specialist nurses,59.0,37.5,33.2,,,,,,,,,,,SOC20
2022,2234,Nurse practitioners,78.0,37.5,33.5,,,,,,,,,,,SOC20
2022,2235,Mental health nurses,17.0,,33.5,,,,,,,,,,,SOC20
2022,2236,Children's nurses,15.0,31.8,29.5,,,,,,,,,,,SOC20
2022,2237,Other nursing professionals,832.0,37.4,32.1,,,,,,,,,,,SOC20
2022,2240,Veterinarians,23.0,37.6,35.0,,,,,,,,,,,SOC20
2022,2251,Pharmacists,68.0,37.4,33.0,,,,,,,,,,,SOC20
2022,2252,Optometrists,12.0,30.0,27.1,,,,,,,,,,,SOC20
2022,2253,Dental practitioners,,,28.3,,,,,,,,,,,SOC20
2022,2254,Medical radiographers,38.0,37.5,34.2,,,,,,,,,,,SOC20
2022,2255,Paramedics,31.0,38.1,38.7,,,,,,,,,,,SOC20
2022,2256,Podiatrists,,30.3,29.8,,,,,,,,,,,SOC20
2022,2259,Other health professionals n.e.c.,71.0,37.5,33.7,,,,,,,,,,,SOC20
2022,2311,Higher education teaching professionals,274.0,35.0,28.7,,,,,,,,,,,SOC20
2022,2312,Further education teaching professionals,93.0,35.0,29.2,,,,,,,,,,,SOC20
2022,2313,Secondary education teaching professionals,548.0,32.4,29.6,,,,,,,,,,,SOC20
2022,2314,Primary education teaching professionals,543.0,32.4,28.8,,,,,,,,,,,SOC20
2022,2315,Nursery education teaching professionals,19.0,32.5,30.1,,,,,,,,,,,SOC20
2022,2316,Special needs education teaching professionals,45.0,30.6,27.7,,,,,,,,,,,SOC20
2022,2317,Teachers of English as a foreign language,,30.4,25.9,,,,,,,,,,,SOC20
2022,2319,Teaching professionals n.e.c.,67.0,18.5,19.8,,,,,,,,,,,SOC20
2022,2321,Head teachers and principals,61.0,32.5,31.9,,,,,,,,,,,SOC20
2022,2322,Education managers,45.0,36.1,33.2,,,,,,,,,,,SOC20
2022,2323,Education advisers and school inspectors,24.0,35.0,30.7,,,,,,,,,,,SOC20
2022,2324,Early education and childcare services managers,26.0,37.0,33.7,,,,,,,,,,,SOC20
2022,2329,Other educational professionals n.e.c,30.0,35.0,31.7,,,,,,,,,,,SOC20
2022,2411,Barristers and judges,17.0,,35.1,,,,,,,,,,,SOC20
2022,2412,Solicitors and lawyers,134.0,35.0,34.5,,,,,,,,,,,SOC20
2022,2419,Legal professionals n.e.c.,64.0,35.0,34.1,,,,,,,,,,,SOC20
2022,2421,Chartered and certified accountants,113.0,36.4,34.4,,,,,,,,,,,SOC20
2022,2422,Finance and investment analysts and advisers,197.0,35.0,35.4,,,,,,,,,,,SOC20
2022,2423,Taxation experts,36.0,,34.9,,,,,,,,,,,SOC20
2022,2431,Management consultants and business analysts,248.0,37.0,35.7,,,,,,,,,,,SOC20
2022,2432,Marketing and commercial managers,109.0,37.5,35.8,,,,,,,,,,,SOC20
2022,2433,"Actuaries, economists and statisticians",32.0,37.0,36.4,,,,,,,,,,,SOC20
2022,2434,Business and related research professionals,107.0,36.0,34.1,,,,,,,,,,,SOC20
2022,2435,Professional/Chartered company secretaries,,,24.2,,,,,,,,,,,SOC20
2022,2439,"Business, research and administrative professionals n.e.c.",78.0,,35.7,,,,,,,,,,,SOC20
2022,2440,Business and financial project management professionals,288.0,37.4,36.8,,,,,,,,,,,SOC20
2022,2451,Architects,42.0,37.5,35.4,,,,,,,,,,,SOC20
2022,2452,"Chartered architectural technologists, planning officers and consultants",19.0,37.1,36.2,,,,,,,,,,,SOC20
2022,2453,Quantity surveyors,53.0,39.0,38.1,,,,,,,,,,,SOC20
2022,2454,Chartered surveyors,73.0,37.5,36.8,,,,,,,,,,,SOC20
2022,2455,Construction project managers and related professionals,33.0,40.0,40.1,,,,,,,,,,,SOC20
2022,2461,Social workers,109.0,36.9,34.1,,,,,,,,,,,SOC20
2022,2462,Probation officers,,,34.3,,,,,,,,,,,SOC20
2022,2463,Clergy,51.0,36.1,33.0,,,,,,,,,,,SOC20
2022,2464,Youth work professionals,,,37.0,,,,,,,,,,,SOC20
2022,2469,Welfare professionals n.e.c.,16.0,35.0,30.8,,,,,,,,,,,SOC20
2022,2471,Librarians,14.0,35.0,29.4,,,,,,,,,,,SOC20
2022,2472,Archivists and curators,11.0,35.7,30.3,,,,,,,,,,,SOC20
2022,2481,Quality control and planning engineers,61.0,37.5,36.9,,,,,,,,,,,SOC20
2022,2482,Quality assurance and regulatory professionals,104.0,37.4,36.5,,,,,,,,,,,SOC20
2022,2483,Environmental health professionals,13.0,37.0,35.7,,,,,,,,,,,SOC20
2022,2491,Newspaper and periodical editors,24.0,35.0,32.9,,,,,,,,,,,SOC20
2022,2492,Newspaper and periodical journalists and reporters,16.0,35.0,34.8,,,,,,,,,,,SOC20
2022,2493,Public relations professionals,42.0,36.8,34.1,,,,,,,,,,,SOC20
2022,2494,Advertising accounts managers and creative directors,27.0,37.3,36.0,,,,,,,,,,,SOC20
2022,3111,Laboratory technicians,59.0,37.5,36.0,,,,,,,,,,,SOC20
2022,3112,Electrical and electronics technicians,12.0,38.3,38.9,,,,,,,,,,,SOC20
2022,3113,Engineering technicians,81.0,37.5,38.6,,,,,,,,,,,SOC20
2022,3114,Building and civil engineering technicians,7.0,37.5,37.3,,,,,,,,,,,SOC20
2022,3115,Quality assurance technicians,27.0,38.5,38.5,,,,,,,,,,,SOC20
2022,3116,"Planning, process and production technicians",50.0,37.5,38.3,,,,,,,,,,,SOC20
2022,3119,"Science, engineering and production technicians n.e.c.",195.0,38.9,38.9,,,,,,,,,,,SOC20
2022,3120,"CAD, drawing and architectural technicians",47.0,37.5,38.3,,,,,,,,,,,SOC20
2022,3131,IT operations technicians,92.0,37.4,36.2,,,,,,,,,,,SOC20
2022,3132,IT user support technicians,177.0,37.4,36.5,,,,,,,,,,,SOC20
2022,3133,Database administrators and web content technicians,27.0,37.0,35.2,,,,,,,,,,,SOC20
2022,3211,Dispensing opticians,,37.5,34.7,,,,,,,,,,,SOC20
2022,3212,Pharmaceutical technicians,19.0,37.5,34.5,,,,,,,,,,,SOC20
2022,3213,Medical and dental technicians,24.0,37.5,34.0,,,,,,,,,,,SOC20
2022,3214,Complementary health associate professionals,,,21.7,,,,,,,,,,,SOC20
2022,3219,Health associate professionals n.e.c.,9.0,33.8,30.0,,,,,,,,,,,SOC20
2022,3221,Youth and community workers,100.0,36.0,30.0,,,,,,,,,,,SOC20
2022,3222,Child and early years officers,53.0,35.0,31.9,,,,,,,,,,,SOC20
2022,3223,Housing officers,45.0,37.0,34.9,,,,,,,,,,,SOC20
2022,3224,Counsellors,20.0,28.7,26.5,,,,,,,,,,,SOC20
2022,3229,Welfare and housing associate professionals n.e.c.,119.0,36.0,31.2,,,,,,,,,,,SOC20
2022,3231,Higher level teaching assistants,32.0,32.5,30.8,,,,,,,,,,,SOC20
2022,3232,Early education and childcare practitioners,85.0,32.6,30.1,,,,,,,,,,,SOC20
2022,3240,Veterinary nurses,15.0,37.5,34.9,,,,,,,,,,,SOC20
2022,3311,Non-commissioned officers and other ranks,,,,,,,,,,,,,,SOC20
2022,3312,Police officers (sergeant and below),318.0,40.1,41.5,,,,,,,,,,,SOC20
2022,3313,Fire service officers (watch manager and below),65.0,42.0,38.9,,,,,,,,,,,SOC20
2022,3314,Prison service officers (below principal officer),18.0,37.4,37.5,,,,,,,,,,,SOC20
2022,3319,Protective service associate professionals n.e.c.,29.0,37.0,36.8,,,,,,,,,,,SOC20
2022,3411,Artists,9.0,35.1,28.5,,,,,,,,,,,SOC20
2022,3412,"Authors, writers and translators",17.0,35.0,32.9,,,,,,,,,,,SOC20
2022,3413,"Actors, entertainers and presenters",,,20.5,,,,,,,,,,,SOC20
2022,3414,Dancers and choreographers,,,,,,,,,,,,,,SOC20
2022,3415,Musicians,,,,,,,,,,,,,,SOC20
2022,3416,"Arts officers, producers and directors",22.0,37.0,35.1,,,,,,,,,,,SOC20
2022,3417,"Photographers, audio-visual and broadcasting equipment operators",21.0,37.5,34.0,,,,,,,,,,,SOC20
2022,3421,Interior designers,20.0,40.0,38.5,,,,,,,,,,,SOC20
2022,3422,"Clothing, fashion and accessories designers",11.0,37.5,36.3,,,,,,,,,,,SOC20
2022,3429,Design occupations n.e.c.,19.0,37.5,36.1,,,,,,,,,,,SOC20
2022,3431,Sports players,15.0,30.0,25.9,,,,,,,,,,,SOC20
2022,3432,"Sports coaches, instructors and officials",54.0,19.5,21.0,,,,,,,,,,,SOC20
2022,3433,Fitness and wellbeing instructors,25.0,19.0,20.0,,,,,,,,,,,SOC20
2022,3511,Aircraft pilots and air traffic controllers,11.0,39.5,38.0,,,,,,,,,,,SOC20
2022,3512,Ship and hovercraft officers,,,37.4,,,,,,,,,,,SOC20
2022,3520,Legal associate professionals,41.0,36.3,34.8,,,,,,,,,,,SOC20
2022,3531,Brokers,14.0,37.5,35.4,,,,,,,,,,,SOC20
2022,3532,Insurance underwriters,22.0,35.0,34.9,,,,,,,,,,,SOC20
2022,3533,Financial and accounting technicians,32.0,,35.3,,,,,,,,,,,SOC20
2022,3534,Financial accounts managers,133.0,35.0,34.3,,,,,,,,,,,SOC20
2022,3541,"Estimators, valuers and assessors",49.0,37.5,37.4,,,,,,,,,,,SOC20
2022,3542,Importers and exporters,,37.6,38.9,,,,,,,,,,,SOC20
2022,3543,Project support officers,59.0,37.0,34.6,,,,,,,,,,,SOC20
2022,3544,Data analysts,61.0,37.0,36.2,,,,,,,,,,,SOC20
2022,3549,Business associate professionals n.e.c.,67.0,37.0,34.2,,,,,,,,,,,SOC20
2022,3551,Buyers and procurement officers,51.0,37.5,36.5,,,,,,,,,,,SOC20
2022,3552,Business sales executives,177.0,37.5,37.2,,,,,,,,,,,SOC20
2022,3553,Merchandisers,19.0,36.2,31.4,,,,,,,,,,,SOC20
2022,3554,Marketing associate professionals,156.0,37.0,33.6,,,,,,,,,,,SOC20
2022,3555,Estate agents and auctioneers,32.0,37.5,33.3,,,,,,,,,,,SOC20
2022,3556,Sales accounts and business development managers,432.0,37.5,37.6,,,,,,,,,,,SOC20
2022,3557,Events managers and organisers,41.0,36.5,31.6,,,,,,,,,,,SOC20
2022,3560,Public services associate professionals,99.0,,36.3,,,,,,,,,,,SOC20
2022,3571,Human resources and industrial relations officers,139.0,37.0,35.2,,,,,,,,,,,SOC20
2022,3572,Careers advisers and vocational guidance specialists,21.0,35.0,28.2,,,,,,,,,,,SOC20
2022,3573,Information technology trainers,,,35.8,,,,,,,,,,,SOC20
2022,3574,Other vocational and industrial trainers,108.0,37.0,34.3,,,,,,,,,,,SOC20
2022,3581,Inspectors of standards and regulations,21.0,37.0,36.6,,,,,,,,,,,SOC20
2022,3582,Health and safety managers and officers,52.0,37.1,36.1,,,,,,,,,,,SOC20
2022,4111,National government administrative occupations,202.0,,34.7,,,,,,,,,,,SOC20
2022,4112,Local government administrative occupations,44.0,36.9,30.9,,,,,,,,,,,SOC20
2022,4113,Officers of non-governmental organisations,10.0,32.1,25.8,,,,,,,,,,,SOC20
2022,4121,Credit controllers,25.0,37.0,34.5,,,,,,,,,,,SOC20
2022,4122,"Book-keepers, payroll managers and wages clerks",314.0,35.6,31.2,,,,,,,,,,,SOC20
2022,4123,Bank and post office clerks,105.0,35.0,32.0,,,,,,,,,,,SOC20
2022,4124,Finance officers,30.0,36.0,32.8,,,,,,,,,,,SOC20
2022,4129,Financial administrative occupations n.e.c.,98.0,35.0,31.5,,,,,,,,,,,SOC20
2022,4131,Records clerks and assistants,125.0,37.0,32.9,,,,,,,,,,,SOC20
2022,4132,Pensions and insurance clerks and assistants,33.0,35.0,33.8,,,,,,,,,,,SOC20
2022,4133,Stock control clerks and assistants,71.0,37.5,36.7,,,,,,,,,,,SOC20
2022,4134,Transport and distribution clerks and assistants,46.0,37.5,37.9,,,,,,,,,,,SOC20
2022,4135,Library clerks and assistants,18.0,28.2,26.4,,,,,,,,,,,SOC20
2022,4136,Human resources administrative occupations,15.0,36.4,33.1,,,,,,,,,,,SOC20
2022,4141,Office managers,174.0,37.0,34.8,,,,,,,,,,,SOC20
2022,4142,Office supervisors,43.0,37.5,37.3,,,,,,,,,,,SOC20
2022,4143,Customer service managers,40.0,37.5,37.3,,,,,,,,,,,SOC20
2022,4151,Sales administrators,49.0,37.5,35.0,,,,,,,,,,,SOC20
2022,4152,Data entry administrators,14.0,36.9,34.2,,,,,,,,,,,SOC20
2022,4159,Other administrative occupations n.e.c.,941.0,33.9,28.5,,,,,,,,,,,SOC20
2022,4211,Medical secretaries,39.0,32.2,30.4,,,,,,,,,,,SOC20
2022,4212,Legal secretaries,24.0,35.0,32.0,,,,,,,,,,,SOC20
2022,4213,School secretaries,21.0,34.0,30.7,,,,,,,,,,,SOC20
2022,4214,Company secretaries and administrators,13.0,18.3,20.7,,,,,,,,,,,SOC20
2022,4215,Personal assistants and other secretaries,196.0,32.0,27.3,,,,,,,,,,,SOC20
2022,4216,Receptionists,227.0,29.0,28.1,,,,,,,,,,,SOC20
2022,4217,Typists and related keyboard occupations,,,27.0,,,,,,,,,,,SOC20
2022,5111,Farmers,9.0,40.0,40.9,,,,,,,,,,,SOC20
2022,5112,Horticultural trades,,37.1,36.6,,,,,,,,,,,SOC20
2022,5113,Gardeners and landscape gardeners,40.0,37.5,35.7,,,,,,,,,,,SOC20
2022,5114,Groundsmen and greenkeepers,37.0,39.1,36.2,,,,,,,,,,,SOC20
2022,5119,Agricultural and fishing trades n.e.c.,17.0,37.5,36.2,,,,,,,,,,,SOC20
2022,5211,Sheet metal workers,10.0,39.9,40.2,,,,,,,,,,,SOC20
2022,5212,"Metal plate workers, smiths, moulders and related occupations",,40.0,42.8,,,,,,,,,,,SOC20
2022,5213,Welding trades,40.0,40.2,42.5,,,,,,,,,,,SOC20
2022,5214,Pipe fitters,,,38.9,,,,,,,,,,,SOC20
2022,5221,Metal machining setters and setter-operators,55.0,40.0,41.3,,,,,,,,,,,SOC20
2022,5222,"Tool makers, tool fitters and markers-out",10.0,39.0,40.1,,,,,,,,,,,SOC20
2022,5223,Metal working production and maintenance fitters,330.0,40.0,41.4,,,,,,,,,,,SOC20
2022,5224,Precision instrument makers and repairers,12.0,39.0,38.1,,,,,,,,,,,SOC20
2022,5225,Air-conditioning and refrigeration installers and repairers,7.0,44.0,43.5,,,,,,,,,,,SOC20
2022,5231,"Vehicle technicians, mechanics and electricians",104.0,40.2,41.4,,,,,,,,,,,SOC20
2022,5232,Vehicle body builders and repairers,21.0,40.0,38.1,,,,,,,,,,,SOC20
2022,5233,Vehicle paint technicians,8.0,40.0,40.1,,,,,,,,,,,SOC20
2022,5234,Aircraft maintenance and related trades,10.0,34.9,36.6,,,,,,,,,,,SOC20
2022,5235,Boat and ship builders and repairers,,,37.4,,,,,,,,,,,SOC20
2022,5236,Rail and rolling stock builders and repairers,,38.7,41.4,,,,,,,,,,,SOC20
2022,5241,Electricians and electrical fitters,117.0,40.0,41.1,,,,,,,,,,,SOC20
2022,5242,Telecoms and related network installers and repairers,27.0,39.4,40.8,,,,,,,,,,,SOC20
2022,5243,"TV, video and audio servicers and repairers",,37.5,36.4,,,,,,,,,,,SOC20
2022,5244,Computer system and equipment installers and servicers,11.0,37.5,37.4,,,,,,,,,,,SOC20
2022,5245,Security system installers and repairers,9.0,39.9,39.4,,,,,,,,,,,SOC20
2022,5246,Electrical service and maintenance mechanics and repairers,71.0,40.0,40.8,,,,,,,,,,,SOC20
2022,5249,Electrical and electronic trades n.e.c.,28.0,40.0,41.7,,,,,,,,,,,SOC20
2022,5250,"Skilled metal, electrical and electronic trades supervisors",54.0,40.0,41.3,,,,,,,,,,,SOC20
2022,5311,Steel erectors,,42.9,43.5,,,,,,,,,,,SOC20
2022,5312,Stonemasons and related trades,,40.1,41.8,,,,,,,,,,,SOC20
2022,5313,Bricklayers,10.0,39.4,40.2,,,,,,,,,,,SOC20
2022,5314,"Roofers, roof tilers and slaters",12.0,,37.6,,,,,,,,,,,SOC20
2022,5315,Plumbers & heating and ventilating installers and repairers,58.0,40.0,40.6,,,,,,,,,,,SOC20
2022,5316,Carpenters and joiners,64.0,,40.7,,,,,,,,,,,SOC20
2022,5317,"Glaziers, window fabricators and fitters",19.0,40.0,40.5,,,,,,,,,,,SOC20
2022,5319,Construction and building trades n.e.c.,31.0,40.0,38.7,,,,,,,,,,,SOC20
2022,5321,Plasterers,6.0,40.0,38.6,,,,,,,,,,,SOC20
2022,5322,Floorers and wall tilers,11.0,40.0,39.4,,,,,,,,,,,SOC20
2022,5323,Painters and decorators,19.0,39.0,38.0,,,,,,,,,,,SOC20
2022,5330,Construction and building trades supervisors,57.0,40.5,42.0,,,,,,,,,,,SOC20
2022,5411,Upholsterers,7.0,39.0,35.5,,,,,,,,,,,SOC20
2022,5412,Footwear and leather working trades,,39.3,39.3,,,,,,,,,,,SOC20
2022,5413,Tailors and dressmakers,,,31.7,,,,,,,,,,,SOC20
2022,5419,"Textiles, garments and related trades n.e.c.",6.0,40.0,40.8,,,,,,,,,,,SOC20
2022,5421,Pre-press technicians,,,35.3,,,,,,,,,,,SOC20
2022,5422,Printers,11.0,39.0,39.6,,,,,,,,,,,SOC20
2022,5423,Print finishing and binding workers,7.0,37.5,37.0,,,,,,,,,,,SOC20
2022,5431,Butchers,30.0,40.0,37.8,,,,,,,,,,,SOC20
2022,5432,Bakers and flour confectioners,19.0,37.4,36.6,,,,,,,,,,,SOC20
2022,5433,Fishmongers and poultry dressers,,36.3,35.8,,,,,,,,,,,SOC20
2022,5434,Chefs,197.0,38.6,36.2,,,,,,,,,,,SOC20
2022,5435,Cooks,46.0,26.8,27.1,,,,,,,,,,,SOC20
2022,5436,Catering and bar managers,44.0,37.5,34.9,,,,,,,,,,,SOC20
2022,5441,"Glass and ceramics makers, decorators and finishers",,,36.1,,,,,,,,,,,SOC20
2022,5442,Furniture makers and other craft woodworkers,13.0,39.7,39.5,,,,,,,,,,,SOC20
2022,5443,Florists,,,25.3,,,,,,,,,,,SOC20
2022,5449,Other skilled trades n.e.c.,14.0,37.1,34.7,,,,,,,,,,,SOC20
2022,6111,Early education and childcare assistants,94.0,32.1,29.5,,,,,,,,,,,SOC20
2022,6112,Teaching assistants,290.0,28.3,26.1,,,,,,,,,,,SOC20
2022,6113,Educational support assistants,141.0,27.5,26.4,,,,,,,,,,,SOC20
2022,6114,Childminders,,,24.8,,,,,,,,,,,SOC20
2022,6116,Nannies and au pairs,15.0,30.0,30.3,,,,,,,,,,,SOC20
2022,6117,Playworkers,27.0,11.5,13.2,,,,,,,,,,,SOC20
2022,6121,Pest control officers,,38.3,39.0,,,,,,,,,,,SOC20
2022,6129,Animal care services occupations n.e.c.,35.0,35.0,29.7,,,,,,,,,,,SOC20
2022,6131,Nursing auxiliaries and assistants,494.0,34.9,31.1,,,,,,,,,,,SOC20
2022,6132,Ambulance staff (excluding paramedics),20.0,37.5,37.8,,,,,,,,,,,SOC20
2022,6133,Dental nurses,45.0,32.0,30.0,,,,,,,,,,,SOC20
2022,6134,Houseparents and residential wardens,7.0,37.0,35.2,,,,,,,,,,,SOC20
2022,6135,Care workers and home carers,610.0,30.4,29.8,,,,,,,,,,,SOC20
2022,6136,Senior care workers,100.0,37.0,36.3,,,,,,,,,,,SOC20
2022,6137,Care escorts,17.0,19.6,20.1,,,,,,,,,,,SOC20
2022,6138,"Undertakers, mortuary and crematorium assistants",20.0,38.3,33.8,,,,,,,,,,,SOC20
2022,6211,Sports and leisure assistants,57.0,21.7,22.7,,,,,,,,,,,SOC20
2022,6212,Travel agents,20.0,37.0,33.2,,,,,,,,,,,SOC20
2022,6213,Air travel assistants,20.0,30.0,30.9,,,,,,,,,,,SOC20
2022,6214,Rail travel assistants,16.0,38.8,37.1,,,,,,,,,,,SOC20
2022,6219,Leisure and travel service occupations n.e.c.,14.0,,20.4,,,,,,,,,,,SOC20
2022,6221,Hairdressers and barbers,56.0,27.2,27.1,,,,,,,,,,,SOC20
2022,6222,Beauticians and related occupations,30.0,25.6,26.5,,,,,,,,,,,SOC20
2022,6231,Housekeepers and related occupations,49.0,29.5,27.5,,,,,,,,,,,SOC20
2022,6232,Caretakers,79.0,36.2,31.2,,,,,,,,,,,SOC20
2022,6240,Cleaning and housekeeping managers and supervisors,52.0,33.5,30.8,,,,,,,,,,,SOC20
2022,6250,Bed and breakfast and guest house owners and proprietors,,,,,,,,,,,,,,SOC20
2022,6311,Police community support officers,10.0,36.9,35.7,,,,,,,,,,,SOC20
2022,6312,Parking and civil enforcement occupations,18.0,37.0,35.2,,,,,,,,,,,SOC20
2022,7111,Sales and retail assistants,1069.0,23.5,24.6,,,,,,,,,,,SOC20
2022,7112,Retail cashiers and check-out operators,63.0,19.1,20.5,,,,,,,,,,,SOC20
2022,7113,Telephone salespersons,7.0,37.3,34.6,,,,,,,,,,,SOC20
2022,7114,Pharmacy and optical dispensing assistants,63.0,30.0,28.4,,,,,,,,,,,SOC20
2022,7115,Vehicle and parts salespersons and advisers,12.0,41.9,40.9,,,,,,,,,,,SOC20
2022,7121,Collector salespersons and credit agents,,,35.5,,,,,,,,,,,SOC20
2022,7122,"Debt, rent and other cash collectors",12.0,36.9,34.7,,,,,,,,,,,SOC20
2022,7123,Roundspersons and van salespersons,,39.0,36.8,,,,,,,,,,,SOC20
2022,7124,Market and street traders and assistants,,,24.2,,,,,,,,,,,SOC20
2022,7125,Visual merchandisers and related occupations,,,30.2,,,,,,,,,,,SOC20
2022,7129,Sales related occupations n.e.c.,17.0,37.4,32.5,,,,,,,,,,,SOC20
2022,7131,Shopkeepers and owners - retail and wholesale,5.0,34.6,30.8,,,,,,,,,,,SOC20
2022,7132,Sales supervisors - retail and wholesale,69.0,37.5,36.0,,,,,,,,,,,SOC20
2022,7211,Call and contact centre occupations,40.0,36.9,32.5,,,,,,,,,,,SOC20
2022,7212,Telephonists,7.0,36.6,29.0,,,,,,,,,,,SOC20
2022,7213,Communication operators,12.0,37.0,34.7,,,,,,,,,,,SOC20
2022,7214,Market research interviewers,,,,,,,,,,,,,,SOC20
2022,7219,Customer service occupations n.e.c.,414.0,35.0,29.6,,,,,,,,,,,SOC20
2022,7220,Customer service supervisors,25.0,37.0,36.3,,,,,,,,,,,SOC20
2022,8111,"Food, drink and tobacco process operatives",200.0,39.1,38.2,,,,,,,,,,,SOC20
2022,8112,Textile process operatives,10.0,39.8,39.0,,,,,,,,,,,SOC20
2022,8113,Chemical and related process operatives,19.0,39.0,39.0,,,,,,,,,,,SOC20
2022,8114,Plastics process operatives,13.0,40.0,40.3,,,,,,,,,,,SOC20
2022,8115,Metal making and treating process operatives,17.0,40.0,41.4,,,,,,,,,,,SOC20
2022,8119,Process operatives n.e.c.,13.0,,39.7,,,,,,,,,,,SOC20
2022,8120,Metal working machine operatives,10.0,40.0,39.8,,,,,,,,,,,SOC20
2022,8131,Paper and wood machine operatives,15.0,40.0,40.6,,,,,,,,,,,SOC20
2022,8132,Mining and quarry workers and related operatives,,44.8,44.6,,,,,,,,,,,SOC20
2022,8133,Energy plant operatives,5.0,38.8,39.8,,,,,,,,,,,SOC20
2022,8134,Water and sewerage plant operatives,14.0,40.0,41.8,,,,,,,,,,,SOC20
2022,8135,Printing machine assistants,14.0,39.0,38.3,,,,,,,,,,,SOC20
2022,8139,Plant and machine operatives n.e.c.,13.0,39.9,38.7,,,,,,,,,,,SOC20
2022,8141,Assemblers (electrical and electronic products),21.0,40.0,40.6,,,,,,,,,,,SOC20
2022,8142,Assemblers (vehicles and metal goods),46.0,39.5,39.9,,,,,,,,,,,SOC20
2022,8143,Routine inspectors and testers,41.0,38.9,38.9,,,,,,,,,,,SOC20
2022,8144,"Weighers, graders and sorters",,42.0,40.6,,,,,,,,,,,SOC20
2022,8145,"Tyre, exhaust and windscreen fitters",14.0,44.0,42.6,,,,,,,,,,,SOC20
2022,8146,Sewing machinists,16.0,36.9,33.9,,,,,,,,,,,SOC20
2022,8149,Assemblers and routine operatives n.e.c.,102.0,39.0,38.8,,,,,,,,,,,SOC20
2022,8151,"Scaffolders, stagers and riggers",14.0,40.0,41.3,,,,,,,,,,,SOC20
2022,8152,Road construction operatives,21.0,42.5,45.1,,,,,,,,,,,SOC20
2022,8153,Rail construction and maintenance operatives,12.0,37.9,38.2,,,,,,,,,,,SOC20
2022,8159,Construction operatives n.e.c.,102.0,40.0,38.2,,,,,,,,,,,SOC20
2022,8160,"Production, factory and assembly supervisors",23.0,39.1,39.8,,,,,,,,,,,SOC20
2022,8211,Large goods vehicle drivers,244.0,48.0,47.8,,,,,,,,,,,SOC20
2022,8212,Bus and coach drivers,98.0,40.0,39.6,,,,,,,,,,,SOC20
2022,8213,Taxi and cab drivers and chauffeurs,10.0,34.4,30.3,,,,,,,,,,,SOC20
2022,8214,Delivery drivers and couriers,126.0,36.3,32.4,,,,,,,,,,,SOC20
2022,8215,Driving instructors,,40.0,38.5,,,,,,,,,,,SOC20
2022,8219,Road transport drivers n.e.c.,183.0,40.0,37.5,,,,,,,,,,,SOC20
2022,8221,Crane drivers,5.0,45.3,46.7,,,,,,,,,,,SOC20
2022,8222,Fork-lift truck drivers,29.0,40.8,42.4,,,,,,,,,,,SOC20
2022,8229,Mobile machine drivers and operatives n.e.c.,41.0,44.0,45.0,,,,,,,,,,,SOC20
2022,8231,Train and tram drivers,26.0,35.4,38.1,,,,,,,,,,,SOC20
2022,8232,Marine and waterways transport operatives,,,40.5,,,,,,,,,,,SOC20
2022,8233,Air transport operatives,9.0,38.6,39.0,,,,,,,,,,,SOC20
2022,8234,Rail transport operatives,15.0,43.4,45.4,,,,,,,,,,,SOC20
2022,8239,Other drivers and transport operatives n.e.c.,8.0,37.5,37.4,,,,,,,,,,,SOC20
2022,9111,Farm workers,36.0,41.2,41.2,,,,,,,,,,,SOC20
2022,9112,Forestry and related workers,,39.5,40.0,,,,,,,,,,,SOC20
2022,9119,Fishing and other elementary agriculture occupations n.e.c.,18.0,39.0,35.1,,,,,,,,,,,SOC20
2022,9121,Groundworkers,11.0,43.8,43.3,,,,,,,,,,,SOC20
2022,9129,Elementary construction occupations n.e.c.,52.0,,38.0,,,,,,,,,,,SOC20
2022,9131,Industrial cleaning process occupations,30.0,31.8,29.4,,,,,,,,,,,SOC20
2022,9132,"Packers, bottlers, canners and fillers",84.0,39.1,37.6,,,,,,,,,,,SOC20
2022,9139,Elementary process plant occupations n.e.c.,52.0,39.0,37.7,,,,,,,,,,,SOC20
2022,9211,"Postal workers, mail sorters and messengers",143.0,37.0,36.5,,,,,,,,,,,SOC20
2022,9219,Elementary administration occupations n.e.c.,36.0,27.4,26.5,,,,,,,,,,,SOC20
2022,9221,Window cleaners,,37.5,33.6,,,,,,,,,,,SOC20
2022,9222,Street cleaners,6.0,37.0,36.3,,,,,,,,,,,SOC20
2022,9223,Cleaners and domestics,543.0,17.7,20.7,,,,,,,,,,,SOC20
2022,9224,"Launderers, dry cleaners and pressers",15.0,34.3,31.7,,,,,,,,,,,SOC20
2022,9225,Refuse and salvage occupations,20.0,37.7,39.4,,,,,,,,,,,SOC20
2022,9226,Vehicle valeters and cleaners,13.0,39.9,34.3,,,,,,,,,,,SOC20
2022,9229,Elementary cleaning occupations n.e.c.,,,37.6,,,,,,,,,,,SOC20
2022,9231,Security guards and related occupations,108.0,41.2,40.5,,,,,,,,,,,SOC20
2022,9232,School midday and crossing patrol occupations,66.0,7.1,8.5,,,,,,,,,,,SOC20
2022,9233,Exam invigilators,15.0,3.6,6.3,,,,,,,,,,,SOC20
2022,9241,Shelf fillers,12.0,27.1,28.2,,,,,,,,,,,SOC20
2022,9249,Elementary sales occupations n.e.c.,,,30.9,,,,,,,,,,,SOC20
2022,9251,Elementary storage supervisors,28.0,40.0,40.3,,,,,,,,,,,SOC20
2022,9252,Warehouse operatives,523.0,39.1,37.4,,,,,,,,,,,SOC20
2022,9253,Delivery operatives,19.0,37.4,33.6,,,,,,,,,,,SOC20
2022,9259,Elementary storage occupations n.e.c.,9.0,41.3,39.3,,,,,,,,,,,SOC20
2022,9261,Bar and catering supervisors,30.0,35.0,32.7,,,,,,,,,,,SOC20
2022,9262,Hospital porters,5.0,37.0,31.6,,,,,,,,,,,SOC20
2022,9263,Kitchen and catering assistants,419.0,19.3,21.3,,,,,,,,,,,SOC20
2022,9264,Waiters and waitresses,196.0,15.5,18.0,,,,,,,,,,,SOC20
2022,9265,Bar staff,164.0,16.0,17.9,,,,,,,,,,,SOC20
2022,9266,Coffee shop workers,22.0,20.9,23.3,,,,,,,,,,,SOC20
2022,9267,Leisure and theme park attendants,39.0,16.7,19.6,,,,,,,,,,,SOC20
2022,9269,Other elementary services occupations n.e.c.,11.0,31.2,27.1,,,,,,,,,,,SOC20
2023,1111,Chief executives and senior officials,107.0,36.8,35.6,,,,,,,,,,,SOC20
2023,1112,Elected officers and representatives,7.0,30.9,27.8,,,,,,,,,,,SOC20
2023,1121,Production managers and directors in manufacturing,578.0,37.5,35.3,,,,,,,,,,,SOC20
2023,1122,Production managers and directors in construction,110.0,40.0,39.0,,,,,,,,,,,SOC20
2023,1123,Production managers and directors in mining and energy,11.0,37.5,39.1,,,,,,,,,,,SOC20
2023,1131,Financial managers and directors,417.0,35.0,34.7,,,,,,,,,,,SOC20
2023,1132,"Marketing, sales and advertising directors",225.0,37.5,35.9,,,,,,,,,,,SOC20
2023,1133,Public relations and communications directors,14.0,36.7,35.7,,,,,,,,,,,SOC20
2023,1134,Purchasing managers and directors,60.0,37.5,37.1,,,,,,,,,,,SOC20
2023,1135,Charitable organisation managers and directors,,37.0,32.9,,,,,,,,,,,SOC20
2023,1136,Human resource managers and directors,163.0,37.0,35.3,,,,,,,,,,,SOC20
2023,1137,Information technology directors,47.0,37.5,36.9,,,,,,,,,,,SOC20
2023,1139,Functional managers and directors n.e.c.,89.0,37.0,34.6,,,,,,,,,,,SOC20
2023,1140,"Directors in logistics, warehousing and transport",12.0,37.4,36.8,,,,,,,,,,,SOC20
2023,1150,Managers and directors in retail and wholesale,368.0,39.0,38.1,,,,,,,,,,,SOC20
2023,1161,Officers in armed forces,,,,,,,,,,,,,,SOC20
2023,1162,Senior police officers,8.0,40.0,40.6,,,,,,,,,,,SOC20
2023,1163,"Senior officers in fire, ambulance, prison and related services",,42.0,41.0,,,,,,,,,,,SOC20
2023,1171,Health services and public health managers and directors,54.0,37.5,36.8,,,,,,,,,,,SOC20
2023,1172,Social services managers and directors,13.0,36.8,34.1,,,,,,,,,,,SOC20
2023,1211,Managers and proprietors in agriculture and horticulture,20.0,39.8,36.9,,,,,,,,,,,SOC20
2023,1212,"Managers and proprietors in forestry, fishing and related services",7.0,37.5,38.7,,,,,,,,,,,SOC20
2023,1221,Hotel and accommodation managers and proprietors,17.0,37.5,36.8,,,,,,,,,,,SOC20
2023,1222,Restaurant and catering establishment managers and proprietors,46.0,40.0,39.0,,,,,,,,,,,SOC20
2023,1223,Publicans and managers of licensed premises,16.0,43.8,40.9,,,,,,,,,,,SOC20
2023,1224,Leisure and sports managers,33.0,37.5,35.5,,,,,,,,,,,SOC20
2023,1225,Travel agency managers and proprietors,,,29.5,,,,,,,,,,,SOC20
2023,1231,Health care practice managers,19.0,37.5,35.7,,,,,,,,,,,SOC20
2023,1232,"Residential, day and domiciliary care managers and proprietors",55.0,37.5,38.3,,,,,,,,,,,SOC20
2023,1233,Early education and childcare services proprietors,,35.0,36.9,,,,,,,,,,,SOC20
2023,1241,Managers in transport and distribution,68.0,40.0,39.4,,,,,,,,,,,SOC20
2023,1242,Managers in storage and warehousing,105.0,39.9,39.2,,,,,,,,,,,SOC20
2023,1243,Managers in logistics,22.0,37.6,38.6,,,,,,,,,,,SOC20
2023,1251,"Property, housing and estate managers",113.0,37.4,36.4,,,,,,,,,,,SOC20
2023,1252,Garage managers and proprietors,,40.4,41.2,,,,,,,,,,,SOC20
2023,1253,Hairdressing and beauty salon managers and proprietors,,39.0,34.1,,,,,,,,,,,SOC20
2023,1254,Waste disposal and environmental services managers,9.0,38.9,38.8,,,,,,,,,,,SOC20
2023,1255,Managers and directors in the creative industries,14.0,36.2,34.2,,,,,,,,,,,SOC20
2023,1256,Betting shop and gambling establishment managers,,31.7,34.0,,,,,,,,,,,SOC20
2023,1257,Hire services managers and proprietors,7.0,41.4,41.2,,,,,,,,,,,SOC20
2023,1258,Directors in consultancy services,,36.9,30.4,,,,,,,,,,,SOC20
2023,1259,Managers and proprietors in other services n.e.c.,34.0,37.3,34.2,,,,,,,,,,,SOC20
2023,2111,Chemical scientists,22.0,37.5,37.9,,,,,,,,,,,SOC20
2023,2112,Biological scientists,13.0,37.0,36.2,,,,,,,,,,,SOC20
2023,2113,Biochemists and biomedical scientists,39.0,37.5,36.0,,,,,,,,,,,SOC20
2023,2114,Physical scientists,12.0,37.3,37.2,,,,,,,,,,,SOC20
2023,2115,Social and humanities scientists,15.0,37.0,34.8,,,,,,,,,,,SOC20
2023,2119,Natural and social science professionals n.e.c.,42.0,37.0,36.2,,,,,,,,,,,SOC20
2023,2121,Civil engineers,83.0,37.5,38.3,,,,,,,,,,,SOC20
2023,2122,Mechanical engineers,45.0,37.5,38.7,,,,,,,,,,,SOC20
2023,2123,Electrical engineers,49.0,37.5,39.2,,,,,,,,,,,SOC20
2023,2124,Electronics engineers,15.0,37.5,36.9,,,,,,,,,,,SOC20
2023,2125,Production and process engineers,59.0,37.5,38.9,,,,,,,,,,,SOC20
2023,2126,Aerospace engineers,12.0,37.5,37.6,,,,,,,,,,,SOC20
2023,2127,Engineering project managers and project engineers,89.0,37.5,37.9,,,,,,,,,,,SOC20
2023,2129,Engineering professionals n.e.c.,161.0,37.5,37.8,,,,,,,,,,,SOC20
2023,2131,IT project managers,33.0,37.0,36.3,,,,,,,,,,,SOC20
2023,2132,IT managers,235.0,37.5,37.3,,,,,,,,,,,SOC20
2023,2133,"IT business analysts, architects and systems designers",173.0,37.5,37.3,,,,,,,,,,,SOC20
2023,2134,Programmers and software development professionals,420.0,37.5,37.1,,,,,,,,,,,SOC20
2023,2135,Cyber security professionals,27.0,37.5,36.9,,,,,,,,,,,SOC20
2023,2136,IT quality and testing professionals,21.0,37.4,36.2,,,,,,,,,,,SOC20
2023,2137,IT network professionals,47.0,37.8,39.3,,,,,,,,,,,SOC20
2023,2139,Information technology professionals n.e.c.,95.0,37.5,35.8,,,,,,,,,,,SOC20
2023,2141,Web design professionals,15.0,37.5,37.1,,,,,,,,,,,SOC20
2023,2142,Graphic and multimedia designers,63.0,37.5,36.2,,,,,,,,,,,SOC20
2023,2151,Conservation professionals,16.0,37.0,34.8,,,,,,,,,,,SOC20
2023,2152,Environment professionals,49.0,37.0,36.4,,,,,,,,,,,SOC20
2023,2161,Research and development (R&D) managers,78.0,37.4,36.6,,,,,,,,,,,SOC20
2023,2162,"Other researchers, unspecified discipline",16.0,37.0,31.9,,,,,,,,,,,SOC20
2023,2211,Generalist medical practitioners,93.0,36.0,29.8,,,,,,,,,,,SOC20
2023,2212,Specialist medical practitioners,213.0,40.0,34.1,,,,,,,,,,,SOC20
2023,2221,Physiotherapists,69.0,37.5,31.9,,,,,,,,,,,SOC20
2023,2222,Occupational therapists,42.0,37.4,32.4,,,,,,,,,,,SOC20
2023,2223,Speech and language therapists,16.0,30.9,30.7,,,,,,,,,,,SOC20
2023,2224,Psychotherapists and cognitive behaviour therapists,9.0,37.0,30.9,,,,,,,,,,,SOC20
2023,2225,Clinical psychologists,18.0,37.4,32.0,,,,,,,,,,,SOC20
2023,2226,Other psychologists,20.0,37.1,33.9,,,,,,,,,,,SOC20
2023,2229,Therapy professionals n.e.c.,22.0,37.5,31.9,,,,,,,,,,,SOC20
2023,2231,Midwifery nurses,57.0,34.5,30.5,,,,,,,,,,,SOC20
2023,2232,Community nurses,86.0,33.0,30.1,,,,,,,,,,,SOC20
2023,2233,Specialist nurses,62.0,37.5,33.2,,,,,,,,,,,SOC20
2023,2234,Nurse practitioners,93.0,37.5,33.8,,,,,,,,,,,SOC20
2023,2235,Mental health nurses,13.0,37.5,33.9,,,,,,,,,,,SOC20
2023,2236,Children's nurses,18.0,33.9,31.4,,,,,,,,,,,SOC20
2023,2237,Other nursing professionals,832.0,37.4,31.4,,,,,,,,,,,SOC20
2023,2240,Veterinarians,20.0,39.9,36.5,,,,,,,,,,,SOC20
2023,2251,Pharmacists,60.0,37.5,33.1,,,,,,,,,,,SOC20
2023,2252,Optometrists,12.0,,24.6,,,,,,,,,,,SOC20
2023,2253,Dental practitioners,8.0,35.0,26.9,,,,,,,,,,,SOC20
2023,2254,Medical radiographers,43.0,37.5,34.6,,,,,,,,,,,SOC20
2023,2255,Paramedics,49.0,37.5,36.6,,,,,,,,,,,SOC20
2023,2256,Podiatrists,7.0,30.0,28.5,,,,,,,,,,,SOC20
2023,2259,Other health professionals n.e.c.,78.0,37.5,34.3,,,,,,,,,,,SOC20
2023,2311,Higher education teaching professionals,242.0,35.0,29.6,,,,,,,,,,,SOC20
2023,2312,Further education teaching professionals,79.0,35.0,28.8,,,,,,,,,,,SOC20
2023,2313,Secondary education teaching professionals,491.0,32.5,29.7,,,,,,,,,,,SOC20
2023,2314,Primary education teaching professionals,467.0,32.4,28.4,,,,,,,,,,,SOC20
2023,2315,Nursery education teaching professionals,25.0,32.5,29.6,,,,,,,,,,,SOC20
2023,2316,Special needs education teaching professionals,40.0,32.4,28.2,,,,,,,,,,,SOC20
2023,2317,Teachers of English as a foreign language,10.0,34.1,29.2,,,,,,,,,,,SOC20
2023,2319,Teaching professionals n.e.c.,64.0,,19.9,,,,,,,,,,,SOC20
2023,2321,Head teachers and principals,54.0,32.5,32.1,,,,,,,,,,,SOC20
2023,2322,Education managers,49.0,36.0,33.7,,,,,,,,,,,SOC20
2023,2323,Education advisers and school inspectors,21.0,35.1,31.7,,,,,,,,,,,SOC20
2023,2324,Early education and childcare services managers,25.0,37.0,32.7,,,,,,,,,,,SOC20
2023,2329,Other educational professionals n.e.c,23.0,35.0,31.9,,,,,,,,,,,SOC20
2023,2411,Barristers and judges,15.0,37.0,35.0,,,,,,,,,,,SOC20
2023,2412,Solicitors and lawyers,130.0,35.0,34.7,,,,,,,,,,,SOC20
2023,2419,Legal professionals n.e.c.,68.0,35.0,34.1,,,,,,,,,,,SOC20
2023,2421,Chartered and certified accountants,115.0,36.3,34.2,,,,,,,,,,,SOC20
2023,2422,Finance and investment analysts and advisers,227.0,35.0,34.9,,,,,,,,,,,SOC20
2023,2423,Taxation experts,36.0,36.5,34.6,,,,,,,,,,,SOC20
2023,2431,Management consultants and business analysts,275.0,36.9,36.0,,,,,,,,,,,SOC20
2023,2432,Marketing and commercial managers,116.0,37.5,36.0,,,,,,,,,,,SOC20
2023,2433,"Actuaries, economists and statisticians",38.0,37.0,36.5,,,,,,,,,,,SOC20
2023,2434,Business and related research professionals,110.0,36.5,34.1,,,,,,,,,,,SOC20
2023,2435,Professional/Chartered company secretaries,,,23.1,,,,,,,,,,,SOC20
2023,2439,"Business, research and administrative professionals n.e.c.",91.0,37.0,35.5,,,,,,,,,,,SOC20
2023,2440,Business and financial project management professionals,330.0,37.4,36.8,,,,,,,,,,,SOC20
2023,2451,Architects,42.0,37.5,35.2,,,,,,,,,,,SOC20
2023,2452,"Chartered architectural technologists, planning officers and consultants",22.0,37.0,34.4,,,,,,,,,,,SOC20
2023,2453,Quantity surveyors,51.0,39.1,38.2,,,,,,,,,,,SOC20
2023,2454,Chartered surveyors,90.0,37.5,37.0,,,,,,,,,,,SOC20
2023,2455,Construction project managers and related professionals,43.0,39.9,39.4,,,,,,,,,,,SOC20
2023,2461,Social workers,113.0,37.0,34.1,,,,,,,,,,,SOC20
2023,2462,Probation officers,,36.1,31.2,,,,,,,,,,,SOC20
2023,2463,Clergy,47.0,35.4,32.2,,,,,,,,,,,SOC20
2023,2464,Youth work professionals,,37.0,37.3,,,,,,,,,,,SOC20
2023,2469,Welfare professionals n.e.c.,17.0,37.0,34.1,,,,,,,,,,,SOC20
2023,2471,Librarians,15.0,35.0,30.5,,,,,,,,,,,SOC20
2023,2472,Archivists and curators,11.0,35.1,30.9,,,,,,,,,,,SOC20
2023,2481,Quality control and planning engineers,64.0,37.5,37.0,,,,,,,,,,,SOC20
2023,2482,Quality assurance and regulatory professionals,126.0,37.0,36.5,,,,,,,,,,,SOC20
2023,2483,Environmental health professionals,15.0,36.0,34.1,,,,,,,,,,,SOC20
2023,2491,Newspaper and periodical editors,26.0,36.3,36.0,,,,,,,,,,,SOC20
2023,2492,Newspaper and periodical journalists and reporters,21.0,35.0,36.0,,,,,,,,,,,SOC20
2023,2493,Public relations professionals,43.0,36.2,33.8,,,,,,,,,,,SOC20
2023,2494,Advertising accounts managers and creative directors,35.0,37.4,35.9,,,,,,,,,,,SOC20
2023,3111,Laboratory technicians,68.0,37.5,35.0,,,,,,,,,,,SOC20
2023,3112,Electrical and electronics technicians,15.0,39.0,39.9,,,,,,,,,,,SOC20
2023,3113,Engineering technicians,95.0,37.5,38.4,,,,,,,,,,,SOC20
2023,3114,Building and civil engineering technicians,10.0,39.5,39.1,,,,,,,,,,,SOC20
2023,3115,Quality assurance technicians,34.0,37.5,38.1,,,,,,,,,,,SOC20
2023,3116,"Planning, process and production technicians",57.0,37.6,39.1,,,,,,,,,,,SOC20
2023,3119,"Science, engineering and production technicians n.e.c.",205.0,38.8,38.1,,,,,,,,,,,SOC20
2023,3120,"CAD, drawing and architectural technicians",53.0,37.5,37.5,,,,,,,,,,,SOC20
2023,3131,IT operations technicians,95.0,37.0,36.4,,,,,,,,,,,SOC20
2023,3132,IT user support technicians,174.0,37.0,36.3,,,,,,,,,,,SOC20
2023,3133,Database administrators and web content technicians,42.0,37.0,34.8,,,,,,,,,,,SOC20
2023,3211,Dispensing opticians,,37.2,33.6,,,,,,,,,,,SOC20
2023,3212,Pharmaceutical technicians,23.0,37.5,33.4,,,,,,,,,,,SOC20
2023,3213,Medical and dental technicians,29.0,37.5,33.1,,,,,,,,,,,SOC20
2023,3214,Complementary health associate professionals,,27.3,24.1,,,,,,,,,,,SOC20
2023,3219,Health associate professionals n.e.c.,8.0,33.7,30.6,,,,,,,,,,,SOC20
2023,3221,Youth and community workers,111.0,35.0,30.3,,,,,,,,,,,SOC20
2023,3222,Child and early years officers,61.0,36.0,32.4,,,,,,,,,,,SOC20
2023,3223,Housing officers,53.0,36.9,34.0,,,,,,,,,,,SOC20
2023,3224,Counsellors,23.0,26.4,25.2,,,,,,,,,,,SOC20
2023,3229,Welfare and housing associate professionals n.e.c.,149.0,36.0,31.7,,,,,,,,,,,SOC20
2023,3231,Higher level teaching assistants,38.0,31.5,29.2,,,,,,,,,,,SOC20
2023,3232,Early education and childcare practitioners,99.0,31.3,29.3,,,,,,,,,,,SOC20
2023,3240,Veterinary nurses,17.0,37.1,32.9,,,,,,,,,,,SOC20
2023,3311,Non-commissioned officers and other ranks,,,,,,,,,,,,,,SOC20
2023,3312,Police officers (sergeant and below),218.0,40.0,41.1,,,,,,,,,,,SOC20
2023,3313,Fire service officers (watch manager and below),60.0,42.0,38.2,,,,,,,,,,,SOC20
2023,3314,Prison service officers (below principal officer),9.0,39.9,38.9,,,,,,,,,,,SOC20
2023,3319,Protective service associate professionals n.e.c.,36.0,37.0,37.2,,,,,,,,,,,SOC20
2023,3411,Artists,10.0,37.5,35.8,,,,,,,,,,,SOC20
2023,3412,"Authors, writers and translators",19.0,36.8,32.3,,,,,,,,,,,SOC20
2023,3413,"Actors, entertainers and presenters",,,24.3,,,,,,,,,,,SOC20
2023,3414,Dancers and choreographers,,,,,,,,,,,,,,SOC20
2023,3415,Musicians,,,20.9,,,,,,,,,,,SOC20
2023,3416,"Arts officers, producers and directors",30.0,36.8,34.1,,,,,,,,,,,SOC20
2023,3417,"Photographers, audio-visual and broadcasting equipment operators",26.0,37.5,34.0,,,,,,,,,,,SOC20
2023,3421,Interior designers,22.0,39.6,37.6,,,,,,,,,,,SOC20
2023,3422,"Clothing, fashion and accessories designers",9.0,36.4,33.9,,,,,,,,,,,SOC20
2023,3429,Design occupations n.e.c.,22.0,37.0,34.5,,,,,,,,,,,SOC20
2023,3431,Sports players,14.0,30.3,24.7,,,,,,,,,,,SOC20
2023,3432,"Sports coaches, instructors and officials",65.0,,19.7,,,,,,,,,,,SOC20
2023,3433,Fitness and wellbeing instructors,24.0,14.9,18.9,,,,,,,,,,,SOC20
2023,3511,Aircraft pilots and air traffic controllers,16.0,37.0,35.2,,,,,,,,,,,SOC20
2023,3512,Ship and hovercraft officers,,37.7,37.7,,,,,,,,,,,SOC20
2023,3520,Legal associate professionals,50.0,36.0,34.5,,,,,,,,,,,SOC20
2023,3531,Brokers,15.0,37.0,34.1,,,,,,,,,,,SOC20
2023,3532,Insurance underwriters,29.0,35.0,34.4,,,,,,,,,,,SOC20
2023,3533,Financial and accounting technicians,43.0,37.4,35.8,,,,,,,,,,,SOC20
2023,3534,Financial accounts managers,140.0,35.0,34.1,,,,,,,,,,,SOC20
2023,3541,"Estimators, valuers and assessors",57.0,37.2,36.3,,,,,,,,,,,SOC20
2023,3542,Importers and exporters,,37.5,37.8,,,,,,,,,,,SOC20
2023,3543,Project support officers,75.0,37.0,35.3,,,,,,,,,,,SOC20
2023,3544,Data analysts,64.0,37.0,36.5,,,,,,,,,,,SOC20
2023,3549,Business associate professionals n.e.c.,115.0,37.0,34.2,,,,,,,,,,,SOC20
2023,3551,Buyers and procurement officers,67.0,37.3,36.3,,,,,,,,,,,SOC20
2023,3552,Business sales executives,204.0,37.5,37.5,,,,,,,,,,,SOC20
2023,3553,Merchandisers,20.0,37.4,32.7,,,,,,,,,,,SOC20
2023,3554,Marketing associate professionals,176.0,36.9,33.2,,,,,,,,,,,SOC20
2023,3555,Estate agents and auctioneers,36.0,37.5,33.4,,,,,,,,,,,SOC20
2023,3556,Sales accounts and business development managers,523.0,37.5,37.4,,,,,,,,,,,SOC20
2023,3557,Events managers and organisers,56.0,37.0,33.1,,,,,,,,,,,SOC20
2023,3560,Public services associate professionals,109.0,37.0,36.0,,,,,,,,,,,SOC20
2023,3571,Human resources and industrial relations officers,166.0,37.0,35.7,,,,,,,,,,,SOC20
2023,3572,Careers advisers and vocational guidance specialists,19.0,35.0,30.6,,,,,,,,,,,SOC20
2023,3573,Information technology trainers,,37.3,36.8,,,,,,,,,,,SOC20
2023,3574,Other vocational and industrial trainers,118.0,37.0,34.2,,,,,,,,,,,SOC20
2023,3581,Inspectors of standards and regulations,19.0,36.9,35.6,,,,,,,,,,,SOC20
2023,3582,Health and safety managers and officers,68.0,37.4,36.4,,,,,,,,,,,SOC20
2023,4111,National government administrative occupations,184.0,37.0,35.3,,,,,,,,,,,SOC20
2023,4112,Local government administrative occupations,44.0,36.9,31.1,,,,,,,,,,,SOC20
2023,4113,Officers of non-governmental organisations,8.0,31.7,26.9,,,,,,,,,,,SOC20
2023,4121,Credit controllers,26.0,37.0,34.6,,,,,,,,,,,SOC20
2023,4122,"Book-keepers, payroll managers and wages clerks",312.0,35.0,30.6,,,,,,,,,,,SOC20
2023,4123,Bank and post office clerks,98.0,35.0,32.3,,,,,,,,,,,SOC20
2023,4124,Finance officers,29.0,36.1,33.4,,,,,,,,,,,SOC20
2023,4129,Financial administrative occupations n.e.c.,105.0,35.0,31.2,,,,,,,,,,,SOC20
2023,4131,Records clerks and assistants,131.0,37.0,33.3,,,,,,,,,,,SOC20
2023,4132,Pensions and insurance clerks and assistants,34.0,35.0,35.0,,,,,,,,,,,SOC20
2023,4133,Stock control clerks and assistants,77.0,37.5,37.4,,,,,,,,,,,SOC20
2023,4134,Transport and distribution clerks and assistants,62.0,37.6,38.5,,,,,,,,,,,SOC20
2023,4135,Library clerks and assistants,19.0,21.9,23.8,,,,,,,,,,,SOC20
2023,4136,Human resources administrative occupations,21.0,35.0,32.3,,,,,,,,,,,SOC20
2023,4141,Office managers,188.0,37.0,34.3,,,,,,,,,,,SOC20
2023,4142,Office supervisors,49.0,37.4,36.5,,,,,,,,,,,SOC20
2023,4143,Customer service managers,54.0,37.5,36.8,,,,,,,,,,,SOC20
2023,4151,Sales administrators,54.0,37.4,34.3,,,,,,,,,,,SOC20
2023,4152,Data entry administrators,17.0,36.3,33.2,,,,,,,,,,,SOC20
2023,4159,Other administrative occupations n.e.c.,937.0,34.5,28.5,,,,,,,,,,,SOC20
2023,4211,Medical secretaries,43.0,34.1,30.8,,,,,,,,,,,SOC20
2023,4212,Legal secretaries,24.0,35.0,31.3,,,,,,,,,,,SOC20
2023,4213,School secretaries,20.0,33.9,29.6,,,,,,,,,,,SOC20
2023,4214,Company secretaries and administrators,13.0,20.0,20.7,,,,,,,,,,,SOC20
2023,4215,Personal assistants and other secretaries,193.0,33.3,27.4,,,,,,,,,,,SOC20
2023,4216,Receptionists,238.0,28.0,27.6,,,,,,,,,,,SOC20
2023,4217,Typists and related keyboard occupations,4.0,35.0,30.0,,,,,,,,,,,SOC20
2023,5111,Farmers,7.0,43.0,42.7,,,,,,,,,,,SOC20
2023,5112,Horticultural trades,,36.0,35.0,,,,,,,,,,,SOC20
2023,5113,Gardeners and landscape gardeners,39.0,37.5,35.4,,,,,,,,,,,SOC20
2023,5114,Groundsmen and greenkeepers,38.0,40.0,38.1,,,,,,,,,,,SOC20
2023,5119,Agricultural and fishing trades n.e.c.,17.0,37.3,36.4,,,,,,,,,,,SOC20
2023,5211,Sheet metal workers,10.0,39.0,40.2,,,,,,,,,,,SOC20
2023,5212,"Metal plate workers, smiths, moulders and related occupations",7.0,39.0,39.8,,,,,,,,,,,SOC20
2023,5213,Welding trades,42.0,40.0,41.7,,,,,,,,,,,SOC20
2023,5214,Pipe fitters,,40.0,41.4,,,,,,,,,,,SOC20
2023,5221,Metal machining setters and setter-operators,55.0,40.0,40.6,,,,,,,,,,,SOC20
2023,5222,"Tool makers, tool fitters and markers-out",9.0,39.1,38.5,,,,,,,,,,,SOC20
2023,5223,Metal working production and maintenance fitters,275.0,40.0,40.8,,,,,,,,,,,SOC20
2023,5224,Precision instrument makers and repairers,10.0,38.1,37.2,,,,,,,,,,,SOC20
2023,5225,Air-conditioning and refrigeration installers and repairers,,43.0,44.4,,,,,,,,,,,SOC20
2023,5231,"Vehicle technicians, mechanics and electricians",99.0,40.5,41.1,,,,,,,,,,,SOC20
2023,5232,Vehicle body builders and repairers,23.0,40.0,40.6,,,,,,,,,,,SOC20
2023,5233,Vehicle paint technicians,9.0,41.1,42.0,,,,,,,,,,,SOC20
2023,5234,Aircraft maintenance and related trades,9.0,36.0,35.7,,,,,,,,,,,SOC20
2023,5235,Boat and ship builders and repairers,,40.8,39.9,,,,,,,,,,,SOC20
2023,5236,Rail and rolling stock builders and repairers,,38.2,40.1,,,,,,,,,,,SOC20
2023,5241,Electricians and electrical fitters,100.0,40.0,40.8,,,,,,,,,,,SOC20
2023,5242,Telecoms and related network installers and repairers,30.0,38.2,39.5,,,,,,,,,,,SOC20
2023,5243,"TV, video and audio servicers and repairers",,37.5,37.5,,,,,,,,,,,SOC20
2023,5244,Computer system and equipment installers and servicers,13.0,37.5,37.2,,,,,,,,,,,SOC20
2023,5245,Security system installers and repairers,10.0,40.0,40.4,,,,,,,,,,,SOC20
2023,5246,Electrical service and maintenance mechanics and repairers,69.0,40.0,40.8,,,,,,,,,,,SOC20
2023,5249,Electrical and electronic trades n.e.c.,25.0,40.0,42.0,,,,,,,,,,,SOC20
2023,5250,"Skilled metal, electrical and electronic trades supervisors",57.0,40.0,41.0,,,,,,,,,,,SOC20
2023,5311,Steel erectors,,42.4,44.5,,,,,,,,,,,SOC20
2023,5312,Stonemasons and related trades,,40.8,41.2,,,,,,,,,,,SOC20
2023,5313,Bricklayers,8.0,39.0,39.8,,,,,,,,,,,SOC20
2023,5314,"Roofers, roof tilers and slaters",13.0,39.7,39.0,,,,,,,,,,,SOC20
2023,5315,Plumbers & heating and ventilating installers and repairers,65.0,40.0,39.1,,,,,,,,,,,SOC20
2023,5316,Carpenters and joiners,65.0,40.0,40.8,,,,,,,,,,,SOC20
2023,5317,"Glaziers, window fabricators and fitters",18.0,40.0,39.6,,,,,,,,,,,SOC20
2023,5319,Construction and building trades n.e.c.,35.0,40.0,38.3,,,,,,,,,,,SOC20
2023,5321,Plasterers,6.0,39.0,36.8,,,,,,,,,,,SOC20
2023,5322,Floorers and wall tilers,10.0,40.0,38.5,,,,,,,,,,,SOC20
2023,5323,Painters and decorators,20.0,39.0,38.0,,,,,,,,,,,SOC20
2023,5330,Construction and building trades supervisors,50.0,40.0,42.3,,,,,,,,,,,SOC20
2023,5411,Upholsterers,,39.0,37.6,,,,,,,,,,,SOC20
2023,5412,Footwear and leather working trades,6.0,39.0,38.3,,,,,,,,,,,SOC20
2023,5413,Tailors and dressmakers,,33.3,32.5,,,,,,,,,,,SOC20
2023,5419,"Textiles, garments and related trades n.e.c.",,38.5,34.6,,,,,,,,,,,SOC20
2023,5421,Pre-press technicians,,37.2,36.0,,,,,,,,,,,SOC20
2023,5422,Printers,12.0,37.1,36.0,,,,,,,,,,,SOC20
2023,5423,Print finishing and binding workers,7.0,37.4,35.5,,,,,,,,,,,SOC20
2023,5431,Butchers,30.0,40.0,37.9,,,,,,,,,,,SOC20
2023,5432,Bakers and flour confectioners,18.0,36.1,33.0,,,,,,,,,,,SOC20
2023,5433,Fishmongers and poultry dressers,,,30.0,,,,,,,,,,,SOC20
2023,5434,Chefs,198.0,38.1,35.6,,,,,,,,,,,SOC20
2023,5435,Cooks,46.0,27.5,26.9,,,,,,,,,,,SOC20
2023,5436,Catering and bar managers,50.0,37.5,35.8,,,,,,,,,,,SOC20
2023,5441,"Glass and ceramics makers, decorators and finishers",,37.6,36.4,,,,,,,,,,,SOC20
2023,5442,Furniture makers and other craft woodworkers,11.0,40.0,39.2,,,,,,,,,,,SOC20
2023,5443,Florists,,24.4,25.7,,,,,,,,,,,SOC20
2023,5449,Other skilled trades n.e.c.,13.0,37.5,36.4,,,,,,,,,,,SOC20
2023,6111,Early education and childcare assistants,92.0,29.9,27.7,,,,,,,,,,,SOC20
2023,6112,Teaching assistants,262.0,28.4,25.8,,,,,,,,,,,SOC20
2023,6113,Educational support assistants,150.0,27.5,25.8,,,,,,,,,,,SOC20
2023,6114,Childminders,6.0,28.9,27.0,,,,,,,,,,,SOC20
2023,6116,Nannies and au pairs,11.0,29.0,31.2,,,,,,,,,,,SOC20
2023,6117,Playworkers,25.0,10.1,12.6,,,,,,,,,,,SOC20
2023,6121,Pest control officers,,37.0,36.5,,,,,,,,,,,SOC20
2023,6129,Animal care services occupations n.e.c.,33.0,36.0,32.3,,,,,,,,,,,SOC20
2023,6131,Nursing auxiliaries and assistants,513.0,35.0,31.1,,,,,,,,,,,SOC20
2023,6132,Ambulance staff (excluding paramedics),24.0,37.7,37.4,,,,,,,,,,,SOC20
2023,6133,Dental nurses,46.0,31.8,30.1,,,,,,,,,,,SOC20
2023,6134,Houseparents and residential wardens,6.0,39.7,37.7,,,,,,,,,,,SOC20
2023,6135,Care workers and home carers,601.0,30.4,29.8,,,,,,,,,,,SOC20
2023,6136,Senior care workers,94.0,37.5,37.1,,,,,,,,,,,SOC20
2023,6137,Care escorts,11.0,18.2,19.7,,,,,,,,,,,SOC20
2023,6138,"Undertakers, mortuary and crematorium assistants",19.0,37.5,33.4,,,,,,,,,,,SOC20
2023,6211,Sports and leisure assistants,57.0,21.2,22.5,,,,,,,,,,,SOC20
2023,6212,Travel agents,20.0,37.4,33.2,,,,,,,,,,,SOC20
2023,6213,Air travel assistants,27.0,30.0,30.5,,,,,,,,,,,SOC20
2023,6214,Rail travel assistants,19.0,38.1,38.2,,,,,,,,,,,SOC20
2023,6219,Leisure and travel service occupations n.e.c.,14.0,,20.9,,,,,,,,,,,SOC20
2023,6221,Hairdressers and barbers,42.0,24.0,25.7,,,,,,,,,,,SOC20
2023,6222,Beauticians and related occupations,28.0,25.5,25.7,,,,,,,,,,,SOC20
2023,6231,Housekeepers and related occupations,39.0,27.0,26.1,,,,,,,,,,,SOC20
2023,6232,Caretakers,68.0,36.4,31.2,,,,,,,,,,,SOC20
2023,6240,Cleaning and housekeeping managers and supervisors,59.0,31.6,29.5,,,,,,,,,,,SOC20
2023,6250,Bed and breakfast and guest house owners and proprietors,,,,,,,,,,,,,,SOC20
2023,6311,Police community support officers,6.0,37.0,35.1,,,,,,,,,,,SOC20
2023,6312,Parking and civil enforcement occupations,12.0,37.0,34.5,,,,,,,,,,,SOC20
2023,7111,Sales and retail assistants,1011.0,22.2,23.8,,,,,,,,,,,SOC20
2023,7112,Retail cashiers and check-out operators,41.0,20.0,21.5,,,,,,,,,,,SOC20
2023,7113,Telephone salespersons,7.0,37.5,36.4,,,,,,,,,,,SOC20
2023,7114,Pharmacy and optical dispensing assistants,50.0,29.5,28.2,,,,,,,,,,,SOC20
2023,7115,Vehicle and parts salespersons and advisers,13.0,42.5,42.2,,,,,,,,,,,SOC20
2023,7121,Collector salespersons and credit agents,,,31.5,,,,,,,,,,,SOC20
2023,7122,"Debt, rent and other cash collectors",11.0,37.3,35.7,,,,,,,,,,,SOC20
2023,7123,Roundspersons and van salespersons,4.0,38.0,33.2,,,,,,,,,,,SOC20
2023,7124,Market and street traders and assistants,,,23.8,,,,,,,,,,,SOC20
2023,7125,Visual merchandisers and related occupations,,,30.9,,,,,,,,,,,SOC20
2023,7129,Sales related occupations n.e.c.,17.0,37.5,33.6,,,,,,,,,,,SOC20
2023,7131,Shopkeepers and owners - retail and wholesale,5.0,,26.3,,,,,,,,,,,SOC20
2023,7132,Sales supervisors - retail and wholesale,81.0,38.1,35.3,,,,,,,,,,,SOC20
2023,7211,Call and contact centre occupations,32.0,37.0,32.7,,,,,,,,,,,SOC20
2023,7212,Telephonists,6.0,33.5,28.8,,,,,,,,,,,SOC20
2023,7213,Communication operators,14.0,37.0,34.6,,,,,,,,,,,SOC20
2023,7214,Market research interviewers,,,20.8,,,,,,,,,,,SOC20
2023,7219,Customer service occupations n.e.c.,326.0,35.0,30.2,,,,,,,,,,,SOC20
2023,7220,Customer service supervisors,22.0,37.5,36.4,,,,,,,,,,,SOC20
2023,8111,"Food, drink and tobacco process operatives",137.0,39.0,37.5,,,,,,,,,,,SOC20
2023,8112,Textile process operatives,10.0,39.0,38.4,,,,,,,,,,,SOC20
2023,8113,Chemical and related process operatives,15.0,39.9,40.3,,,,,,,,,,,SOC20
2023,8114,Plastics process operatives,15.0,40.0,39.5,,,,,,,,,,,SOC20
2023,8115,Metal making and treating process operatives,13.0,40.3,42.3,,,,,,,,,,,SOC20
2023,8119,Process operatives n.e.c.,18.0,40.0,41.7,,,,,,,,,,,SOC20
2023,8120,Metal working machine operatives,10.0,40.0,40.2,,,,,,,,,,,SOC20
2023,8131,Paper and wood machine operatives,10.0,39.1,39.0,,,,,,,,,,,SOC20
2023,8132,Mining and quarry workers and related operatives,,42.9,44.3,,,,,,,,,,,SOC20
2023,8133,Energy plant operatives,4.0,38.4,40.6,,,,,,,,,,,SOC20
2023,8134,Water and sewerage plant operatives,11.0,40.0,41.0,,,,,,,,,,,SOC20
2023,8135,Printing machine assistants,10.0,38.6,37.2,,,,,,,,,,,SOC20
2023,8139,Plant and machine operatives n.e.c.,9.0,40.0,41.1,,,,,,,,,,,SOC20
2023,8141,Assemblers (electrical and electronic products),17.0,39.5,39.4,,,,,,,,,,,SOC20
2023,8142,Assemblers (vehicles and metal goods),41.0,38.9,39.7,,,,,,,,,,,SOC20
2023,8143,Routine inspectors and testers,30.0,37.8,38.1,,,,,,,,,,,SOC20
2023,8144,"Weighers, graders and sorters",,42.8,41.6,,,,,,,,,,,SOC20
2023,8145,"Tyre, exhaust and windscreen fitters",11.0,42.4,40.3,,,,,,,,,,,SOC20
2023,8146,Sewing machinists,14.0,36.8,32.5,,,,,,,,,,,SOC20
2023,8149,Assemblers and routine operatives n.e.c.,63.0,39.0,38.0,,,,,,,,,,,SOC20
2023,8151,"Scaffolders, stagers and riggers",10.0,40.0,41.1,,,,,,,,,,,SOC20
2023,8152,Road construction operatives,17.0,45.0,45.2,,,,,,,,,,,SOC20
2023,8153,Rail construction and maintenance operatives,9.0,44.0,43.3,,,,,,,,,,,SOC20
2023,8159,Construction operatives n.e.c.,82.0,39.8,37.2,,,,,,,,,,,SOC20
2023,8160,"Production, factory and assembly supervisors",18.0,40.0,39.9,,,,,,,,,,,SOC20
2023,8211,Large goods vehicle drivers,213.0,48.0,48.1,,,,,,,,,,,SOC20
2023,8212,Bus and coach drivers,80.0,40.3,40.3,,,,,,,,,,,SOC20
2023,8213,Taxi and cab drivers and chauffeurs,6.0,30.0,30.0,,,,,,,,,,,SOC20
2023,8214,Delivery drivers and couriers,117.0,37.1,33.2,,,,,,,,,,,SOC20
2023,8215,Driving instructors,,,34.2,,,,,,,,,,,SOC20
2023,8219,Road transport drivers n.e.c.,123.0,40.0,37.8,,,,,,,,,,,SOC20
2023,8221,Crane drivers,6.0,47.4,48.3,,,,,,,,,,,SOC20
2023,8222,Fork-lift truck drivers,23.0,40.2,41.6,,,,,,,,,,,SOC20
2023,8229,Mobile machine drivers and operatives n.e.c.,50.0,41.2,42.2,,,,,,,,,,,SOC20
2023,8231,Train and tram drivers,21.0,38.0,38.7,,,,,,,,,,,SOC20
2023,8232,Marine and waterways transport operatives,,40.0,40.2,,,,,,,,,,,SOC20
2023,8233,Air transport operatives,8.0,37.5,36.6,,,,,,,,,,,SOC20
2023,8234,Rail transport operatives,10.0,42.7,45.7,,,,,,,,,,,SOC20
2023,8239,Other drivers and transport operatives n.e.c.,5.0,37.5,35.5,,,,,,,,,,,SOC20
2023,9111,Farm workers,34.0,40.0,38.8,,,,,,,,,,,SOC20
2023,9112,Forestry and related workers,,38.7,37.0,,,,,,,,,,,SOC20
2023,9119,Fishing and other elementary agriculture occupations n.e.c.,21.0,38.0,34.8,,,,,,,,,,,SOC20
2023,9121,Groundworkers,16.0,41.9,42.4,,,,,,,,,,,SOC20
2023,9129,Elementary construction occupations n.e.c.,58.0,40.0,38.9,,,,,,,,,,,SOC20
2023,9131,Industrial cleaning process occupations,29.0,32.6,28.7,,,,,,,,,,,SOC20
2023,9132,"Packers, bottlers, canners and fillers",91.0,38.5,36.4,,,,,,,,,,,SOC20
2023,9139,Elementary process plant occupations n.e.c.,48.0,39.5,38.9,,,,,,,,,,,SOC20
2023,9211,"Postal workers, mail sorters and messengers",125.0,37.0,37.7,,,,,,,,,,,SOC20
2023,9219,Elementary administration occupations n.e.c.,48.0,34.5,28.3,,,,,,,,,,,SOC20
2023,9221,Window cleaners,,36.2,35.4,,,,,,,,,,,SOC20
2023,9222,Street cleaners,4.0,37.0,37.7,,,,,,,,,,,SOC20
2023,9223,Cleaners and domestics,518.0,16.9,20.2,,,,,,,,,,,SOC20
2023,9224,"Launderers, dry cleaners and pressers",16.0,32.5,30.7,,,,,,,,,,,SOC20
2023,9225,Refuse and salvage occupations,23.0,37.6,38.8,,,,,,,,,,,SOC20
2023,9226,Vehicle valeters and cleaners,18.0,39.6,34.4,,,,,,,,,,,SOC20
2023,9229,Elementary cleaning occupations n.e.c.,,37.0,36.2,,,,,,,,,,,SOC20
2023,9231,Security guards and related occupations,120.0,40.0,39.4,,,,,,,,,,,SOC20
2023,9232,School midday and crossing patrol occupations,64.0,7.2,8.1,,,,,,,,,,,SOC20
2023,9233,Exam invigilators,18.0,3.9,5.4,,,,,,,,,,,SOC20
2023,9241,Shelf fillers,10.0,24.8,25.0,,,,,,,,,,,SOC20
2023,9249,Elementary sales occupations n.e.c.,,,,,,,,,,,,,,SOC20
2023,9251,Elementary storage supervisors,31.0,40.0,40.0,,,,,,,,,,,SOC20
2023,9252,Warehouse operatives,533.0,39.5,37.3,,,,,,,,,,,SOC20
2023,9253,Delivery operatives,19.0,37.5,31.4,,,,,,,,,,,SOC20
2023,9259,Elementary storage occupations n.e.c.,8.0,40.0,38.8,,,,,,,,,,,SOC20
2023,9261,Bar and catering supervisors,38.0,35.0,32.2,,,,,,,,,,,SOC20
2023,9262,Hospital porters,4.0,37.4,34.6,,,,,,,,,,,SOC20
2023,9263,Kitchen and catering assistants,473.0,18.3,20.6,,,,,,,,,,,SOC20
2023,9264,Waiters and waitresses,237.0,15.0,17.4,,,,,,,,,,,SOC20
2023,9265,Bar staff,143.0,15.0,17.7,,,,,,,,,,,SOC20
2023,9266,Coffee shop workers,25.0,22.9,23.3,,,,,,,,,,,SOC20
2023,9267,Leisure and theme park attendants,37.0,12.2,15.6,,,,,,,,,,,SOC20
2023,9269,Other elementary services occupations n.e.c.,10.0,34.8,28.8,,,,,,,,,,,SOC20
